request_id,source_system,department,region,corridor_id,asset_id,defect_type,severity,overdue_days,estimated_duration_hours,detected_date
TDMS-00001,TDMS,Traction Distribution,Central Railway,CORR-029,TRAC-271400,Feeder Fault,Low,-5,2.3,2026-05-23
TDMS-00002,TDMS,Traction Distribution,Central Railway,CORR-022,TRAC-205257,Earthing Fault,Low,-13,5.9,2026-07-31
TDMS-00003,TDMS,Traction Distribution,Central Railway,CORR-028,TRAC-409996,Traction Substation Fault,Low,-16,5.4,2026-05-25
TDMS-00004,TDMS,Traction Distribution,Central Railway,CORR-029,TRAC-489930,Insulator Damage,Low,2,5.6,2026-07-23
TDMS-00005,TDMS,Traction Distribution,Central Railway,CORR-028,TRAC-717639,Insulator Damage,Low,-15,4.8,2026-07-10
TDMS-00006,TDMS,Traction Distribution,Central Railway,CORR-028,TRAC-987693,Insulator Damage,Low,-17,5.5,2026-05-12
TDMS-00007,TDMS,Traction Distribution,Central Railway,CORR-022,TRAC-493830,Earthing Fault,Low,-5,3.9,2026-06-15
TDMS-00008,TDMS,Traction Distribution,Central Railway,CORR-029,TRAC-554876,Feeder Fault,Low,-19,3.2,2026-06-08
TDMS-00009,TDMS,Traction Distribution,Central Railway,CORR-029,TRAC-591795,Traction Substation Fault,Low,1,2.3,2026-06-10
TDMS-00010,TDMS,Traction Distribution,Central Railway,CORR-029,TRAC-832064,Insulator Damage,Low,-14,2.7,2026-06-03
TDMS-00011,TDMS,Traction Distribution,Central Railway,CORR-028,TRAC-537805,Feeder Fault,Low,-6,5.4,2026-05-26
TDMS-00012,TDMS,Traction Distribution,Central Railway,CORR-022,TRAC-615048,Earthing Fault,Low,0,5.9,2026-07-22
TDMS-00013,TDMS,Traction Distribution,Central Railway,CORR-028,TRAC-533670,OHE Wire Wear,Low,-2,4.4,2026-06-10
TDMS-00014,TDMS,Traction Distribution,Central Railway,CORR-029,TRAC-833250,Traction Substation Fault,Low,-20,2.5,2026-07-03
TDMS-00015,TDMS,Traction Distribution,Central Railway,CORR-029,TRAC-266116,Earthing Fault,Low,3,3.3,2026-06-01
TDMS-00016,TDMS,Traction Distribution,Central Railway,CORR-022,TRAC-564506,Circuit Breaker Fault,Low,-13,4.2,2026-06-23
TDMS-00017,TDMS,Traction Distribution,Central Railway,CORR-022,TRAC-753479,Feeder Fault,Low,-5,5.5,2026-07-27
TDMS-00018,TDMS,Traction Distribution,Central Railway,CORR-029,TRAC-175205,Traction Substation Fault,Low,-20,2.9,2026-05-16
TDMS-00019,TDMS,Traction Distribution,Central Railway,CORR-022,TRAC-738137,Insulator Damage,Low,2,2.3,2026-05-18
TDMS-00020,TDMS,Traction Distribution,Central Railway,CORR-022,TRAC-289506,OHE Wire Wear,Low,-9,4.1,2026-07-16
TDMS-00021,TDMS,Traction Distribution,Central Railway,CORR-028,TRAC-412260,OHE Wire Wear,Low,-11,3.7,2026-05-11
TDMS-00022,TDMS,Traction Distribution,Central Railway,CORR-022,TRAC-821144,Earthing Fault,Low,-17,4.1,2026-06-26
TDMS-00023,TDMS,Traction Distribution,Central Railway,CORR-029,TRAC-513275,Traction Substation Fault,Low,-15,4.9,2026-05-20
TDMS-00024,TDMS,Traction Distribution,Central Railway,CORR-022,TRAC-555538,OHE Wire Wear,Low,-9,5.4,2026-06-26
TDMS-00025,TDMS,Traction Distribution,Central Railway,CORR-028,TRAC-422354,Earthing Fault,Low,-3,5.4,2026-06-05
TDMS-00026,TDMS,Traction Distribution,Central Railway,CORR-028,TRAC-354555,Earthing Fault,Low,-16,4.9,2026-06-09
TDMS-00027,TDMS,Traction Distribution,Central Railway,CORR-022,TRAC-592323,OHE Wire Wear,Low,-14,4.8,2026-05-08
TDMS-00028,TDMS,Traction Distribution,Central Railway,CORR-028,TRAC-949438,Insulator Damage,Low,-16,3.7,2026-05-31
TDMS-00029,TDMS,Traction Distribution,Central Railway,CORR-029,TRAC-594168,Traction Substation Fault,Low,6,5.4,2026-06-21
TDMS-00030,TDMS,Traction Distribution,Central Railway,CORR-029,TRAC-267701,Earthing Fault,Low,-3,5.7,2026-05-24
TDMS-00031,TDMS,Traction Distribution,Central Railway,CORR-028,TRAC-617735,Feeder Fault,Low,-20,2.2,2026-07-29
TDMS-00032,TDMS,Traction Distribution,Central Railway,CORR-029,TRAC-597137,Traction Substation Fault,Low,-20,4.3,2026-05-21
TDMS-00033,TDMS,Traction Distribution,Central Railway,CORR-022,TRAC-371270,Circuit Breaker Fault,Low,-10,2.3,2026-06-06
TDMS-00034,TDMS,Traction Distribution,Central Railway,CORR-029,TRAC-654421,Circuit Breaker Fault,Low,9,2.8,2026-07-19
TDMS-00035,TDMS,Traction Distribution,Central Railway,CORR-028,TRAC-625831,Traction Substation Fault,Low,-9,3.6,2026-06-26
TDMS-00036,TDMS,Traction Distribution,Central Railway,CORR-022,TRAC-446763,Circuit Breaker Fault,Low,2,2.2,2026-05-06
TDMS-00037,TDMS,Traction Distribution,Central Railway,CORR-022,TRAC-804604,OHE Wire Wear,Low,-5,5.0,2026-07-06
TDMS-00038,TDMS,Traction Distribution,Central Railway,CORR-029,TRAC-897138,Earthing Fault,Low,-14,5.3,2026-07-16
TDMS-00039,TDMS,Traction Distribution,Central Railway,CORR-022,TRAC-270839,Circuit Breaker Fault,Low,-5,5.0,2026-05-27
TDMS-00040,TDMS,Traction Distribution,Central Railway,CORR-029,TRAC-399413,OHE Wire Wear,Low,-3,6.0,2026-06-28
TDMS-00041,TDMS,Traction Distribution,Central Railway,CORR-022,TRAC-509352,Feeder Fault,Low,-10,3.6,2026-05-21
TDMS-00042,TDMS,Traction Distribution,Central Railway,CORR-022,TRAC-684039,Earthing Fault,Low,-14,2.8,2026-05-11
TDMS-00043,TDMS,Traction Distribution,Central Railway,CORR-028,TRAC-746182,Feeder Fault,Low,-3,3.0,2026-07-02
TDMS-00044,TDMS,Traction Distribution,Central Railway,CORR-029,TRAC-330920,Traction Substation Fault,Low,0,2.9,2026-06-22
TDMS-00045,TDMS,Traction Distribution,Central Railway,CORR-029,TRAC-786871,Earthing Fault,Low,4,4.0,2026-07-31
TDMS-00046,TDMS,Traction Distribution,Central Railway,CORR-029,TRAC-516074,Circuit Breaker Fault,Low,-10,3.5,2026-06-03
TDMS-00047,TDMS,Traction Distribution,Central Railway,CORR-022,TRAC-641759,Earthing Fault,Low,-13,2.3,2026-07-22
TDMS-00048,TDMS,Traction Distribution,Central Railway,CORR-022,TRAC-660516,OHE Wire Wear,Low,-10,3.0,2026-07-07
TDMS-00049,TDMS,Traction Distribution,Central Railway,CORR-029,TRAC-538619,Insulator Damage,Low,9,5.5,2026-05-08
TDMS-00050,TDMS,Traction Distribution,Central Railway,CORR-022,TRAC-800536,OHE Wire Wear,Low,-7,3.0,2026-06-16
TDMS-00051,TDMS,Traction Distribution,Central Railway,CORR-029,TRAC-424107,Traction Substation Fault,Low,-20,5.0,2026-06-23
TDMS-00052,TDMS,Traction Distribution,Central Railway,CORR-029,TRAC-407482,OHE Wire Wear,Low,-9,5.6,2026-07-18
TDMS-00053,TDMS,Traction Distribution,Central Railway,CORR-029,TRAC-281104,Insulator Damage,Low,-6,3.2,2026-05-15
TDMS-00054,TDMS,Traction Distribution,Central Railway,CORR-028,TRAC-876809,OHE Wire Wear,Low,-14,5.9,2026-07-16
TDMS-00055,TDMS,Traction Distribution,Central Railway,CORR-022,TRAC-195160,OHE Wire Wear,Low,-3,3.4,2026-07-23
TDMS-00056,TDMS,Traction Distribution,Central Railway,CORR-028,TRAC-548284,Earthing Fault,Low,7,3.4,2026-07-30
TDMS-00057,TDMS,Traction Distribution,Central Railway,CORR-022,TRAC-512322,OHE Wire Wear,Low,0,2.9,2026-05-31
TDMS-00058,TDMS,Traction Distribution,Central Railway,CORR-022,TRAC-769024,Circuit Breaker Fault,Low,-7,4.9,2026-07-09
TDMS-00059,TDMS,Traction Distribution,Central Railway,CORR-029,TRAC-848019,OHE Wire Wear,Low,6,2.5,2026-08-01
TDMS-00060,TDMS,Traction Distribution,Central Railway,CORR-029,TRAC-565936,Feeder Fault,Low,5,2.6,2026-06-07
TDMS-00061,TDMS,Traction Distribution,Central Railway,CORR-028,TRAC-475516,Circuit Breaker Fault,Low,-7,4.9,2026-05-11
TDMS-00062,TDMS,Traction Distribution,Central Railway,CORR-022,TRAC-829260,Insulator Damage,Low,-2,6.0,2026-07-01
TDMS-00063,TDMS,Traction Distribution,Central Railway,CORR-029,TRAC-441549,Insulator Damage,Low,-5,2.5,2026-05-31
TDMS-00064,TDMS,Traction Distribution,Central Railway,CORR-029,TRAC-549068,Circuit Breaker Fault,Low,-12,4.6,2026-07-02
TDMS-00065,TDMS,Traction Distribution,Central Railway,CORR-022,TRAC-407760,Circuit Breaker Fault,Low,-14,6.0,2026-07-29
TDMS-00066,TDMS,Traction Distribution,Central Railway,CORR-022,TRAC-213285,OHE Wire Wear,Low,-4,2.2,2026-05-27
TDMS-00067,TDMS,Traction Distribution,Central Railway,CORR-022,TRAC-684221,Feeder Fault,Low,0,5.8,2026-05-24
TDMS-00068,TDMS,Traction Distribution,Central Railway,CORR-022,TRAC-947242,Earthing Fault,Low,-6,5.9,2026-06-05
TDMS-00069,TDMS,Traction Distribution,Central Railway,CORR-022,TRAC-623005,Circuit Breaker Fault,Low,-1,2.7,2026-06-26
TDMS-00070,TDMS,Traction Distribution,Central Railway,CORR-022,TRAC-661363,Circuit Breaker Fault,Low,-16,4.3,2026-05-29
TDMS-00071,TDMS,Traction Distribution,Central Railway,CORR-029,TRAC-970185,OHE Wire Wear,Low,-9,2.9,2026-06-20
TDMS-00072,TDMS,Traction Distribution,Central Railway,CORR-028,TRAC-741997,Traction Substation Fault,Low,-19,5.7,2026-07-19
TDMS-00073,TDMS,Traction Distribution,Central Railway,CORR-022,TRAC-370362,Earthing Fault,Low,1,2.7,2026-06-25
TDMS-00074,TDMS,Traction Distribution,Central Railway,CORR-022,TRAC-341757,Insulator Damage,Low,8,4.3,2026-06-13
TDMS-00075,TDMS,Traction Distribution,Central Railway,CORR-028,TRAC-423843,Traction Substation Fault,Low,-11,2.4,2026-05-11
TDMS-00076,TDMS,Traction Distribution,Central Railway,CORR-022,TRAC-309592,Insulator Damage,Low,8,4.9,2026-05-18
TDMS-00077,TDMS,Traction Distribution,Central Railway,CORR-028,TRAC-146988,Earthing Fault,Low,-3,3.2,2026-07-31
TDMS-00078,TDMS,Traction Distribution,Central Railway,CORR-028,TRAC-523741,Traction Substation Fault,Low,-17,2.2,2026-07-30
TDMS-00079,TDMS,Traction Distribution,Central Railway,CORR-029,TRAC-676400,Feeder Fault,Low,-6,4.0,2026-06-23
TDMS-00080,TDMS,Traction Distribution,Central Railway,CORR-028,TRAC-887356,Traction Substation Fault,Low,-11,5.3,2026-07-05
TDMS-00081,TDMS,Traction Distribution,Central Railway,CORR-022,TRAC-675876,Circuit Breaker Fault,Low,-3,5.7,2026-06-26
TDMS-00082,TDMS,Traction Distribution,Central Railway,CORR-029,TRAC-504804,OHE Wire Wear,Low,3,4.1,2026-07-17
TDMS-00083,TDMS,Traction Distribution,Central Railway,CORR-028,TRAC-931093,Feeder Fault,Low,7,2.3,2026-05-28
TDMS-00084,TDMS,Traction Distribution,Central Railway,CORR-029,TRAC-299820,Insulator Damage,Low,-13,5.8,2026-05-16
TDMS-00085,TDMS,Traction Distribution,Central Railway,CORR-028,TRAC-364094,Insulator Damage,Low,-17,5.6,2026-07-01
TDMS-00086,TDMS,Traction Distribution,Central Railway,CORR-022,TRAC-313879,Feeder Fault,Low,-2,4.1,2026-06-13
TDMS-00087,TDMS,Traction Distribution,Central Railway,CORR-028,TRAC-454322,Circuit Breaker Fault,Low,1,3.9,2026-06-19
TDMS-00088,TDMS,Traction Distribution,Central Railway,CORR-022,TRAC-689114,OHE Wire Wear,Low,4,6.0,2026-05-13
TDMS-00089,TDMS,Traction Distribution,Central Railway,CORR-029,TRAC-624273,Traction Substation Fault,Low,-3,3.8,2026-06-19
TDMS-00090,TDMS,Traction Distribution,Central Railway,CORR-028,TRAC-260962,Earthing Fault,Low,-8,4.8,2026-07-19
TDMS-00091,TDMS,Traction Distribution,Central Railway,CORR-028,TRAC-974787,Circuit Breaker Fault,Low,-6,6.0,2026-07-10
TDMS-00092,TDMS,Traction Distribution,Central Railway,CORR-028,TRAC-744405,Circuit Breaker Fault,Low,-19,4.4,2026-05-22
TDMS-00093,TDMS,Traction Distribution,Central Railway,CORR-029,TRAC-570799,Earthing Fault,Low,-5,2.8,2026-07-19
TDMS-00094,TDMS,Traction Distribution,Central Railway,CORR-028,TRAC-897957,Circuit Breaker Fault,Low,-19,5.6,2026-07-22
TDMS-00095,TDMS,Traction Distribution,Central Railway,CORR-022,TRAC-690070,Traction Substation Fault,Low,-12,3.5,2026-07-26
TDMS-00096,TDMS,Traction Distribution,Central Railway,CORR-022,TRAC-846691,Circuit Breaker Fault,Low,-6,4.5,2026-06-27
TDMS-00097,TDMS,Traction Distribution,Central Railway,CORR-022,TRAC-635303,OHE Wire Wear,Low,-18,3.5,2026-05-27
TDMS-00098,TDMS,Traction Distribution,Central Railway,CORR-029,TRAC-103015,Insulator Damage,Low,-8,3.6,2026-05-21
TDMS-00099,TDMS,Traction Distribution,Central Railway,CORR-022,TRAC-169744,Circuit Breaker Fault,Low,-11,2.3,2026-06-18
TDMS-00100,TDMS,Traction Distribution,Central Railway,CORR-028,TRAC-794492,Circuit Breaker Fault,Low,8,2.7,2026-05-10
TDMS-00101,TDMS,Traction Distribution,Central Railway,CORR-029,TRAC-841367,OHE Wire Wear,Low,-12,3.1,2026-05-24
TDMS-00102,TDMS,Traction Distribution,Central Railway,CORR-029,TRAC-301072,Insulator Damage,Low,-9,6.0,2026-07-15
TDMS-00103,TDMS,Traction Distribution,Central Railway,CORR-022,TRAC-948401,Earthing Fault,Low,0,4.9,2026-07-22
TDMS-00104,TDMS,Traction Distribution,Central Railway,CORR-028,TRAC-476304,Circuit Breaker Fault,Low,8,2.7,2026-07-12
TDMS-00105,TDMS,Traction Distribution,Central Railway,CORR-028,TRAC-696808,OHE Wire Wear,Low,-9,3.3,2026-06-30
TDMS-00106,TDMS,Traction Distribution,Central Railway,CORR-022,TRAC-556280,Insulator Damage,Low,-8,5.2,2026-06-19
TDMS-00107,TDMS,Traction Distribution,Central Railway,CORR-029,TRAC-973542,Circuit Breaker Fault,Low,9,3.2,2026-05-29
TDMS-00108,TDMS,Traction Distribution,Central Railway,CORR-029,TRAC-787347,Circuit Breaker Fault,Low,-19,5.4,2026-06-01
TDMS-00109,TDMS,Traction Distribution,Central Railway,CORR-028,TRAC-253437,OHE Wire Wear,Low,-14,5.3,2026-05-27
TDMS-00110,TDMS,Traction Distribution,Central Railway,CORR-029,TRAC-181426,Insulator Damage,Low,-17,3.1,2026-05-16
TDMS-00111,TDMS,Traction Distribution,Central Railway,CORR-028,TRAC-131119,Circuit Breaker Fault,Low,2,5.1,2026-05-29
TDMS-00112,TDMS,Traction Distribution,Central Railway,CORR-029,TRAC-221113,Traction Substation Fault,Low,-4,5.9,2026-06-22
TDMS-00113,TDMS,Traction Distribution,Central Railway,CORR-028,TRAC-767512,Feeder Fault,Low,-1,5.3,2026-06-05
TDMS-00114,TDMS,Traction Distribution,Central Railway,CORR-029,TRAC-939825,Traction Substation Fault,Low,-7,3.4,2026-07-02
TDMS-00115,TDMS,Traction Distribution,Central Railway,CORR-028,TRAC-982888,OHE Wire Wear,Low,-20,4.1,2026-07-27
TDMS-00116,TDMS,Traction Distribution,Central Railway,CORR-028,TRAC-711371,Circuit Breaker Fault,Low,4,3.2,2026-06-12
TDMS-00117,TDMS,Traction Distribution,Central Railway,CORR-028,TRAC-407868,Earthing Fault,Low,-19,3.2,2026-06-14
TDMS-00118,TDMS,Traction Distribution,Central Railway,CORR-029,TRAC-993866,OHE Wire Wear,Low,-1,5.1,2026-06-17
TDMS-00119,TDMS,Traction Distribution,Central Railway,CORR-022,TRAC-729179,Insulator Damage,Low,-14,2.4,2026-05-07
TDMS-00120,TDMS,Traction Distribution,Central Railway,CORR-028,TRAC-657986,Traction Substation Fault,Low,-8,5.5,2026-07-17
TDMS-00121,TDMS,Traction Distribution,Central Railway,CORR-028,TRAC-171147,Earthing Fault,Low,-13,5.8,2026-07-18
TDMS-00122,TDMS,Traction Distribution,Central Railway,CORR-028,TRAC-405234,Insulator Damage,Low,5,3.6,2026-06-07
TDMS-00123,TDMS,Traction Distribution,Central Railway,CORR-029,TRAC-779961,OHE Wire Wear,Low,5,5.5,2026-06-26
TDMS-00124,TDMS,Traction Distribution,Central Railway,CORR-029,TRAC-818460,OHE Wire Wear,Low,-13,3.3,2026-05-18
TDMS-00125,TDMS,Traction Distribution,Central Railway,CORR-022,TRAC-175562,OHE Wire Wear,Low,-7,3.0,2026-07-25
TDMS-00126,TDMS,Traction Distribution,Central Railway,CORR-028,TRAC-758433,Circuit Breaker Fault,Low,3,4.2,2026-05-07
TDMS-00127,TDMS,Traction Distribution,Central Railway,CORR-022,TRAC-496611,Traction Substation Fault,Low,-20,2.6,2026-07-04
TDMS-00128,TDMS,Traction Distribution,Central Railway,CORR-022,TRAC-638380,Traction Substation Fault,Low,-12,3.2,2026-06-12
TDMS-00129,TDMS,Traction Distribution,Central Railway,CORR-029,TRAC-977117,Circuit Breaker Fault,Low,-7,5.2,2026-05-09
TDMS-00130,TDMS,Traction Distribution,Central Railway,CORR-029,TRAC-792875,Earthing Fault,Low,-3,3.6,2026-07-04
TDMS-00131,TDMS,Traction Distribution,Central Railway,CORR-022,TRAC-944732,Earthing Fault,Low,6,2.5,2026-07-08
TDMS-00132,TDMS,Traction Distribution,Central Railway,CORR-029,TRAC-870712,Insulator Damage,Low,-6,3.6,2026-06-16
TDMS-00133,TDMS,Traction Distribution,Central Railway,CORR-028,TRAC-340545,Traction Substation Fault,Low,-6,2.6,2026-07-09
TDMS-00134,TDMS,Traction Distribution,Central Railway,CORR-028,TRAC-296395,Traction Substation Fault,Low,-8,4.0,2026-07-02
TDMS-00135,TDMS,Traction Distribution,Central Railway,CORR-029,TRAC-139048,Insulator Damage,Low,-3,4.6,2026-07-03
TDMS-00136,TDMS,Traction Distribution,Central Railway,CORR-022,TRAC-266893,Earthing Fault,Low,-11,3.1,2026-06-25
TDMS-00137,TDMS,Traction Distribution,Central Railway,CORR-028,TRAC-424050,Circuit Breaker Fault,Low,-7,4.2,2026-06-08
TDMS-00138,TDMS,Traction Distribution,Central Railway,CORR-022,TRAC-430291,Feeder Fault,Low,-2,4.0,2026-05-16
TDMS-00139,TDMS,Traction Distribution,Central Railway,CORR-022,TRAC-555773,Earthing Fault,Low,5,3.2,2026-08-01
TDMS-00140,TDMS,Traction Distribution,Central Railway,CORR-022,TRAC-636612,Feeder Fault,Low,3,3.9,2026-07-10
TDMS-00141,TDMS,Traction Distribution,Central Railway,CORR-029,TRAC-789751,Circuit Breaker Fault,Low,1,4.0,2026-07-18
TDMS-00142,TDMS,Traction Distribution,Central Railway,CORR-028,TRAC-347601,Traction Substation Fault,Low,-9,5.2,2026-05-15
TDMS-00143,TDMS,Traction Distribution,Central Railway,CORR-028,TRAC-914377,Insulator Damage,Low,-7,3.3,2026-06-12
TDMS-00144,TDMS,Traction Distribution,Central Railway,CORR-022,TRAC-257025,Earthing Fault,Low,-4,4.2,2026-06-07
TDMS-00145,TDMS,Traction Distribution,Central Railway,CORR-028,TRAC-152108,Earthing Fault,Low,-6,4.7,2026-05-11
TDMS-00146,TDMS,Traction Distribution,Central Railway,CORR-028,TRAC-609119,Feeder Fault,Low,-5,5.2,2026-06-11
TDMS-00147,TDMS,Traction Distribution,Central Railway,CORR-028,TRAC-695111,Feeder Fault,Low,4,5.3,2026-05-19
TDMS-00148,TDMS,Traction Distribution,Central Railway,CORR-028,TRAC-954051,OHE Wire Wear,Low,5,5.5,2026-06-30
TDMS-00149,TDMS,Traction Distribution,Central Railway,CORR-029,TRAC-337482,Circuit Breaker Fault,Low,-11,2.8,2026-07-02
TDMS-00150,TDMS,Traction Distribution,Central Railway,CORR-028,TRAC-695323,Earthing Fault,Low,3,5.4,2026-05-18
TDMS-00151,TDMS,Traction Distribution,Central Railway,CORR-022,TRAC-116958,Earthing Fault,Low,0,3.3,2026-05-12
TDMS-00152,TDMS,Traction Distribution,Central Railway,CORR-028,TRAC-271489,Circuit Breaker Fault,Low,5,5.5,2026-07-17
TDMS-00153,TDMS,Traction Distribution,Central Railway,CORR-029,TRAC-397940,Circuit Breaker Fault,Low,-18,2.1,2026-05-08
TDMS-00154,TDMS,Traction Distribution,Central Railway,CORR-029,TRAC-498273,Circuit Breaker Fault,Low,-7,4.0,2026-07-15
TDMS-00155,TDMS,Traction Distribution,Central Railway,CORR-029,TRAC-943261,OHE Wire Wear,Low,-8,4.9,2026-05-17
TDMS-00156,TDMS,Traction Distribution,Central Railway,CORR-029,TRAC-938411,Feeder Fault,Low,-17,4.5,2026-07-22
TDMS-00157,TDMS,Traction Distribution,Central Railway,CORR-022,TRAC-251874,OHE Wire Wear,Low,5,3.6,2026-05-21
TDMS-00158,TDMS,Traction Distribution,Central Railway,CORR-029,TRAC-688556,Earthing Fault,Low,-4,2.2,2026-06-28
TDMS-00159,TDMS,Traction Distribution,Central Railway,CORR-022,TRAC-557922,Feeder Fault,Low,6,4.9,2026-06-29
TDMS-00160,TDMS,Traction Distribution,Central Railway,CORR-029,TRAC-741065,Earthing Fault,Low,0,5.1,2026-06-03
TDMS-00161,TDMS,Traction Distribution,Central Railway,CORR-022,TRAC-807473,OHE Wire Wear,Low,-5,4.2,2026-06-16
TDMS-00162,TDMS,Traction Distribution,Central Railway,CORR-022,TRAC-228615,Earthing Fault,Low,-6,3.4,2026-05-08
TDMS-00163,TDMS,Traction Distribution,Central Railway,CORR-029,TRAC-916291,Circuit Breaker Fault,Low,-2,3.7,2026-06-01
TDMS-00164,TDMS,Traction Distribution,Central Railway,CORR-028,TRAC-800815,Circuit Breaker Fault,Low,4,3.8,2026-06-01
TDMS-00165,TDMS,Traction Distribution,Central Railway,CORR-022,TRAC-823312,Insulator Damage,Low,0,4.5,2026-07-11
TDMS-00166,TDMS,Traction Distribution,Central Railway,CORR-029,TRAC-100739,Traction Substation Fault,Low,-16,3.6,2026-05-26
TDMS-00167,TDMS,Traction Distribution,Central Railway,CORR-028,TRAC-505757,Traction Substation Fault,Low,1,3.6,2026-05-05
TDMS-00168,TDMS,Traction Distribution,Central Railway,CORR-029,TRAC-306404,Traction Substation Fault,Low,7,3.3,2026-05-07
TDMS-00169,TDMS,Traction Distribution,Central Railway,CORR-022,TRAC-727319,Insulator Damage,Medium,6,10.0,2026-05-23
TDMS-00170,TDMS,Traction Distribution,Central Railway,CORR-029,TRAC-830257,Insulator Damage,Medium,-9,4.6,2026-05-15
TDMS-00171,TDMS,Traction Distribution,Central Railway,CORR-022,TRAC-807404,OHE Wire Wear,Medium,7,8.7,2026-05-29
TDMS-00172,TDMS,Traction Distribution,Central Railway,CORR-028,TRAC-940249,Traction Substation Fault,Medium,2,4.6,2026-07-08
TDMS-00173,TDMS,Traction Distribution,Central Railway,CORR-022,TRAC-180928,OHE Wire Wear,Medium,16,5.9,2026-08-01
TDMS-00174,TDMS,Traction Distribution,Central Railway,CORR-022,TRAC-298892,Earthing Fault,Medium,18,8.4,2026-06-04
TDMS-00175,TDMS,Traction Distribution,Central Railway,CORR-028,TRAC-871163,OHE Wire Wear,Medium,2,7.3,2026-05-23
TDMS-00176,TDMS,Traction Distribution,Central Railway,CORR-028,TRAC-383065,Traction Substation Fault,Medium,-4,8.4,2026-06-02
TDMS-00177,TDMS,Traction Distribution,Central Railway,CORR-022,TRAC-402474,Feeder Fault,Medium,19,6.0,2026-07-28
TDMS-00178,TDMS,Traction Distribution,Central Railway,CORR-022,TRAC-561466,Feeder Fault,Medium,10,8.4,2026-05-06
TDMS-00179,TDMS,Traction Distribution,Central Railway,CORR-028,TRAC-543930,OHE Wire Wear,Medium,7,8.5,2026-05-25
TDMS-00180,TDMS,Traction Distribution,Central Railway,CORR-028,TRAC-542867,Feeder Fault,Medium,-8,4.1,2026-06-18
TDMS-00181,TDMS,Traction Distribution,Central Railway,CORR-022,TRAC-481921,Feeder Fault,Medium,-5,9.5,2026-07-31
TDMS-00182,TDMS,Traction Distribution,Central Railway,CORR-029,TRAC-262539,Feeder Fault,Medium,1,5.7,2026-06-18
TDMS-00183,TDMS,Traction Distribution,Central Railway,CORR-029,TRAC-283374,OHE Wire Wear,Medium,13,7.5,2026-07-14
TDMS-00184,TDMS,Traction Distribution,Central Railway,CORR-028,TRAC-170389,Feeder Fault,Medium,16,5.4,2026-06-07
TDMS-00185,TDMS,Traction Distribution,Central Railway,CORR-029,TRAC-684211,Feeder Fault,Medium,15,5.3,2026-06-27
TDMS-00186,TDMS,Traction Distribution,Central Railway,CORR-029,TRAC-162698,Feeder Fault,Medium,-4,6.8,2026-06-22
TDMS-00187,TDMS,Traction Distribution,Central Railway,CORR-029,TRAC-235197,OHE Wire Wear,Medium,14,6.4,2026-05-29
TDMS-00188,TDMS,Traction Distribution,Central Railway,CORR-028,TRAC-691186,Circuit Breaker Fault,Medium,0,4.7,2026-05-08
TDMS-00189,TDMS,Traction Distribution,Central Railway,CORR-028,TRAC-604121,Traction Substation Fault,Medium,11,5.9,2026-06-04
TDMS-00190,TDMS,Traction Distribution,Central Railway,CORR-022,TRAC-735432,OHE Wire Wear,Medium,0,8.0,2026-07-09
TDMS-00191,TDMS,Traction Distribution,Central Railway,CORR-028,TRAC-656994,Feeder Fault,Medium,-7,5.9,2026-07-29
TDMS-00192,TDMS,Traction Distribution,Central Railway,CORR-029,TRAC-936296,Traction Substation Fault,Medium,17,8.0,2026-05-18
TDMS-00193,TDMS,Traction Distribution,Central Railway,CORR-029,TRAC-421362,Traction Substation Fault,Medium,6,6.3,2026-06-07
TDMS-00194,TDMS,Traction Distribution,Central Railway,CORR-029,TRAC-622301,OHE Wire Wear,Medium,8,5.7,2026-07-02
TDMS-00195,TDMS,Traction Distribution,Central Railway,CORR-028,TRAC-813678,OHE Wire Wear,Medium,-10,8.4,2026-06-06
TDMS-00196,TDMS,Traction Distribution,Central Railway,CORR-022,TRAC-896419,OHE Wire Wear,Medium,14,6.5,2026-06-18
TDMS-00197,TDMS,Traction Distribution,Central Railway,CORR-022,TRAC-465565,Feeder Fault,Medium,12,4.4,2026-06-21
TDMS-00198,TDMS,Traction Distribution,Central Railway,CORR-022,TRAC-736064,Feeder Fault,Medium,-3,9.7,2026-06-06
TDMS-00199,TDMS,Traction Distribution,Central Railway,CORR-022,TRAC-763909,Traction Substation Fault,Medium,19,7.5,2026-07-19
TDMS-00200,TDMS,Traction Distribution,Central Railway,CORR-022,TRAC-181499,Feeder Fault,Medium,8,4.6,2026-06-21
TDMS-00201,TDMS,Traction Distribution,Central Railway,CORR-022,TRAC-390912,Feeder Fault,Medium,-3,9.3,2026-06-11
TDMS-00202,TDMS,Traction Distribution,Central Railway,CORR-028,TRAC-294933,Insulator Damage,Medium,7,6.4,2026-07-09
TDMS-00203,TDMS,Traction Distribution,Central Railway,CORR-022,TRAC-589287,Traction Substation Fault,Medium,12,8.6,2026-05-06
TDMS-00204,TDMS,Traction Distribution,Central Railway,CORR-022,TRAC-144956,Insulator Damage,Medium,10,5.5,2026-07-31
TDMS-00205,TDMS,Traction Distribution,Central Railway,CORR-028,TRAC-290884,Insulator Damage,Medium,-7,9.3,2026-06-23
TDMS-00206,TDMS,Traction Distribution,Central Railway,CORR-029,TRAC-162443,OHE Wire Wear,Medium,-6,7.6,2026-06-20
TDMS-00207,TDMS,Traction Distribution,Central Railway,CORR-022,TRAC-127791,Feeder Fault,Medium,19,7.1,2026-07-24
TDMS-00208,TDMS,Traction Distribution,Central Railway,CORR-022,TRAC-388089,Earthing Fault,Medium,15,6.9,2026-05-15
TDMS-00209,TDMS,Traction Distribution,Central Railway,CORR-029,TRAC-578610,Circuit Breaker Fault,Medium,17,7.2,2026-05-06
TDMS-00210,TDMS,Traction Distribution,Central Railway,CORR-022,TRAC-941813,Circuit Breaker Fault,Medium,-6,8.3,2026-06-29
TDMS-00211,TDMS,Traction Distribution,Central Railway,CORR-028,TRAC-345902,Traction Substation Fault,Medium,19,5.9,2026-06-22
TDMS-00212,TDMS,Traction Distribution,Central Railway,CORR-028,TRAC-598414,Feeder Fault,Medium,-8,4.7,2026-06-07
TDMS-00213,TDMS,Traction Distribution,Central Railway,CORR-028,TRAC-814554,Insulator Damage,Medium,1,5.4,2026-05-08
TDMS-00214,TDMS,Traction Distribution,Central Railway,CORR-022,TRAC-368980,Feeder Fault,Medium,15,7.2,2026-05-26
TDMS-00215,TDMS,Traction Distribution,Central Railway,CORR-022,TRAC-935878,Feeder Fault,Medium,8,8.5,2026-07-18
TDMS-00216,TDMS,Traction Distribution,Central Railway,CORR-028,TRAC-777321,Insulator Damage,Medium,4,9.3,2026-06-19
TDMS-00217,TDMS,Traction Distribution,Central Railway,CORR-028,TRAC-236172,Feeder Fault,Medium,6,6.1,2026-06-15
TDMS-00218,TDMS,Traction Distribution,Central Railway,CORR-022,TRAC-566394,Circuit Breaker Fault,Medium,-3,4.7,2026-07-21
TDMS-00219,TDMS,Traction Distribution,Central Railway,CORR-029,TRAC-851672,Circuit Breaker Fault,Medium,7,4.1,2026-07-09
TDMS-00220,TDMS,Traction Distribution,Central Railway,CORR-029,TRAC-263166,Earthing Fault,Medium,14,4.4,2026-06-28
TDMS-00221,TDMS,Traction Distribution,Central Railway,CORR-029,TRAC-154678,Circuit Breaker Fault,Medium,-6,9.8,2026-05-05
TDMS-00222,TDMS,Traction Distribution,Central Railway,CORR-022,TRAC-703623,Traction Substation Fault,Medium,15,5.3,2026-06-02
TDMS-00223,TDMS,Traction Distribution,Central Railway,CORR-022,TRAC-984560,Feeder Fault,Medium,-8,5.8,2026-06-08
TDMS-00224,TDMS,Traction Distribution,Central Railway,CORR-029,TRAC-743676,Traction Substation Fault,Medium,3,7.1,2026-06-18
TDMS-00225,TDMS,Traction Distribution,Central Railway,CORR-028,TRAC-477111,Earthing Fault,Medium,9,8.6,2026-07-12
TDMS-00226,TDMS,Traction Distribution,Central Railway,CORR-028,TRAC-222410,Traction Substation Fault,Medium,16,4.4,2026-06-15
TDMS-00227,TDMS,Traction Distribution,Central Railway,CORR-028,TRAC-120596,Insulator Damage,Medium,18,4.5,2026-06-25
TDMS-00228,TDMS,Traction Distribution,Central Railway,CORR-028,TRAC-808988,Earthing Fault,Medium,5,8.4,2026-07-13
TDMS-00229,TDMS,Traction Distribution,Central Railway,CORR-029,TRAC-263065,Traction Substation Fault,Medium,-10,7.5,2026-05-25
TDMS-00230,TDMS,Traction Distribution,Central Railway,CORR-022,TRAC-760653,Feeder Fault,Medium,-9,6.1,2026-05-23
TDMS-00231,TDMS,Traction Distribution,Central Railway,CORR-028,TRAC-395371,Insulator Damage,Medium,-2,8.0,2026-07-31
TDMS-00232,TDMS,Traction Distribution,Central Railway,CORR-022,TRAC-852216,Insulator Damage,Medium,-5,9.4,2026-06-05
TDMS-00233,TDMS,Traction Distribution,Central Railway,CORR-028,TRAC-451767,Insulator Damage,Medium,2,7.6,2026-07-01
TDMS-00234,TDMS,Traction Distribution,Central Railway,CORR-028,TRAC-857475,Feeder Fault,Medium,-8,8.9,2026-06-24
TDMS-00235,TDMS,Traction Distribution,Central Railway,CORR-022,TRAC-250405,Earthing Fault,Medium,9,6.1,2026-05-28
TDMS-00236,TDMS,Traction Distribution,Central Railway,CORR-029,TRAC-633409,Feeder Fault,Medium,-4,4.2,2026-06-28
TDMS-00237,TDMS,Traction Distribution,Central Railway,CORR-028,TRAC-593632,OHE Wire Wear,Medium,18,5.2,2026-05-24
TDMS-00238,TDMS,Traction Distribution,Central Railway,CORR-022,TRAC-928827,Earthing Fault,Medium,4,6.3,2026-05-04
TDMS-00239,TDMS,Traction Distribution,Central Railway,CORR-029,TRAC-487425,Circuit Breaker Fault,Medium,13,9.7,2026-05-23
TDMS-00240,TDMS,Traction Distribution,Central Railway,CORR-029,TRAC-257127,OHE Wire Wear,Medium,-8,9.7,2026-05-16
TDMS-00241,TDMS,Traction Distribution,Central Railway,CORR-029,TRAC-998600,OHE Wire Wear,Medium,0,5.3,2026-05-31
TDMS-00242,TDMS,Traction Distribution,Central Railway,CORR-028,TRAC-391986,Insulator Damage,Medium,13,8.1,2026-06-03
TDMS-00243,TDMS,Traction Distribution,Central Railway,CORR-022,TRAC-304245,Earthing Fault,Medium,-1,4.6,2026-06-03
TDMS-00244,TDMS,Traction Distribution,Central Railway,CORR-022,TRAC-641244,Earthing Fault,Medium,6,6.8,2026-05-09
TDMS-00245,TDMS,Traction Distribution,Central Railway,CORR-029,TRAC-148323,Earthing Fault,Medium,-9,6.0,2026-07-09
TDMS-00246,TDMS,Traction Distribution,Central Railway,CORR-022,TRAC-661663,OHE Wire Wear,Medium,12,6.3,2026-05-25
TDMS-00247,TDMS,Traction Distribution,Central Railway,CORR-028,TRAC-300220,Circuit Breaker Fault,Medium,-8,5.3,2026-05-21
TDMS-00248,TDMS,Traction Distribution,Central Railway,CORR-029,TRAC-442140,Insulator Damage,Medium,9,4.3,2026-05-04
TDMS-00249,TDMS,Traction Distribution,Central Railway,CORR-022,TRAC-944477,Feeder Fault,Medium,4,7.7,2026-05-28
TDMS-00250,TDMS,Traction Distribution,Central Railway,CORR-029,TRAC-925998,OHE Wire Wear,Medium,-4,4.3,2026-06-26
TDMS-00251,TDMS,Traction Distribution,Central Railway,CORR-028,TRAC-810614,Earthing Fault,Medium,0,8.4,2026-07-21
TDMS-00252,TDMS,Traction Distribution,Central Railway,CORR-028,TRAC-518190,OHE Wire Wear,Medium,3,4.2,2026-05-31
TDMS-00253,TDMS,Traction Distribution,Central Railway,CORR-029,TRAC-827835,OHE Wire Wear,Medium,3,7.9,2026-05-23
TDMS-00254,TDMS,Traction Distribution,Central Railway,CORR-029,TRAC-554264,Circuit Breaker Fault,Medium,5,9.9,2026-05-04
TDMS-00255,TDMS,Traction Distribution,Central Railway,CORR-022,TRAC-996115,Traction Substation Fault,Medium,-10,6.0,2026-06-22
TDMS-00256,TDMS,Traction Distribution,Central Railway,CORR-029,TRAC-112700,Insulator Damage,Medium,5,8.2,2026-05-04
TDMS-00257,TDMS,Traction Distribution,Central Railway,CORR-022,TRAC-250554,Traction Substation Fault,Medium,3,5.0,2026-05-11
TDMS-00258,TDMS,Traction Distribution,Central Railway,CORR-028,TRAC-228323,Feeder Fault,Medium,-9,4.8,2026-07-03
TDMS-00259,TDMS,Traction Distribution,Central Railway,CORR-022,TRAC-664977,OHE Wire Wear,Medium,9,7.5,2026-05-14
TDMS-00260,TDMS,Traction Distribution,Central Railway,CORR-028,TRAC-820435,Feeder Fault,Medium,-3,5.6,2026-07-13
TDMS-00261,TDMS,Traction Distribution,Central Railway,CORR-028,TRAC-393089,Insulator Damage,Medium,-2,8.4,2026-05-12
TDMS-00262,TDMS,Traction Distribution,Central Railway,CORR-028,TRAC-465377,Earthing Fault,Medium,10,6.3,2026-07-17
TDMS-00263,TDMS,Traction Distribution,Central Railway,CORR-022,TRAC-201398,Insulator Damage,Medium,3,8.5,2026-06-23
TDMS-00264,TDMS,Traction Distribution,Central Railway,CORR-028,TRAC-123597,Insulator Damage,Medium,4,8.0,2026-05-30
TDMS-00265,TDMS,Traction Distribution,Central Railway,CORR-028,TRAC-992245,Earthing Fault,Medium,1,6.4,2026-05-14
TDMS-00266,TDMS,Traction Distribution,Central Railway,CORR-029,TRAC-749820,Earthing Fault,Medium,18,6.1,2026-05-24
TDMS-00267,TDMS,Traction Distribution,Central Railway,CORR-022,TRAC-914607,OHE Wire Wear,Medium,14,6.4,2026-06-23
TDMS-00268,TDMS,Traction Distribution,Central Railway,CORR-028,TRAC-183471,Traction Substation Fault,Medium,-8,7.1,2026-06-02
TDMS-00269,TDMS,Traction Distribution,Central Railway,CORR-022,TRAC-457848,Circuit Breaker Fault,Medium,4,7.1,2026-06-25
TDMS-00270,TDMS,Traction Distribution,Central Railway,CORR-029,TRAC-801663,Insulator Damage,Medium,-8,8.0,2026-07-07
TDMS-00271,TDMS,Traction Distribution,Central Railway,CORR-022,TRAC-143181,Circuit Breaker Fault,Medium,4,6.1,2026-06-17
TDMS-00272,TDMS,Traction Distribution,Central Railway,CORR-028,TRAC-626500,Insulator Damage,Medium,9,7.4,2026-05-11
TDMS-00273,TDMS,Traction Distribution,Central Railway,CORR-029,TRAC-579363,Traction Substation Fault,Medium,-9,5.3,2026-07-22
TDMS-00274,TDMS,Traction Distribution,Central Railway,CORR-022,TRAC-497356,OHE Wire Wear,Medium,11,8.9,2026-06-17
TDMS-00275,TDMS,Traction Distribution,Central Railway,CORR-028,TRAC-270720,Earthing Fault,Medium,14,8.5,2026-07-07
TDMS-00276,TDMS,Traction Distribution,Central Railway,CORR-022,TRAC-147609,Insulator Damage,Medium,19,8.9,2026-06-03
TDMS-00277,TDMS,Traction Distribution,Central Railway,CORR-028,TRAC-145322,Feeder Fault,Medium,17,6.1,2026-07-13
TDMS-00278,TDMS,Traction Distribution,Central Railway,CORR-029,TRAC-898126,Traction Substation Fault,High,34,14.1,2026-06-07
TDMS-00279,TDMS,Traction Distribution,Central Railway,CORR-029,TRAC-321956,Earthing Fault,High,13,9.8,2026-07-11
TDMS-00280,TDMS,Traction Distribution,Central Railway,CORR-028,TRAC-319563,Circuit Breaker Fault,High,32,11.2,2026-05-21
TDMS-00281,TDMS,Traction Distribution,Central Railway,CORR-028,TRAC-927424,Insulator Damage,High,18,14.9,2026-05-26
TDMS-00282,TDMS,Traction Distribution,Central Railway,CORR-029,TRAC-494553,Circuit Breaker Fault,High,5,14.4,2026-05-09
TDMS-00283,TDMS,Traction Distribution,Central Railway,CORR-022,TRAC-413994,Circuit Breaker Fault,High,11,13.1,2026-07-12
TDMS-00284,TDMS,Traction Distribution,Central Railway,CORR-022,TRAC-558082,Earthing Fault,High,20,6.6,2026-06-20
TDMS-00285,TDMS,Traction Distribution,Central Railway,CORR-022,TRAC-561670,Earthing Fault,High,31,10.6,2026-07-18
TDMS-00286,TDMS,Traction Distribution,Central Railway,CORR-029,TRAC-157228,Traction Substation Fault,High,28,6.3,2026-06-04
TDMS-00287,TDMS,Traction Distribution,Central Railway,CORR-028,TRAC-976732,OHE Wire Wear,High,13,14.4,2026-05-24
TDMS-00288,TDMS,Traction Distribution,Central Railway,CORR-022,TRAC-641228,Insulator Damage,High,11,11.0,2026-06-22
TDMS-00289,TDMS,Traction Distribution,Central Railway,CORR-028,TRAC-384389,Traction Substation Fault,High,0,15.5,2026-06-25
TDMS-00290,TDMS,Traction Distribution,Central Railway,CORR-028,TRAC-803955,Earthing Fault,High,0,12.7,2026-05-25
TDMS-00291,TDMS,Traction Distribution,Central Railway,CORR-022,TRAC-745991,Earthing Fault,High,17,15.8,2026-05-19
TDMS-00292,TDMS,Traction Distribution,Central Railway,CORR-022,TRAC-110646,Circuit Breaker Fault,High,25,15.9,2026-05-22
TDMS-00293,TDMS,Traction Distribution,Central Railway,CORR-022,TRAC-497135,Traction Substation Fault,High,8,9.3,2026-06-13
TDMS-00294,TDMS,Traction Distribution,Central Railway,CORR-022,TRAC-431552,Circuit Breaker Fault,High,13,11.5,2026-05-28
TDMS-00295,TDMS,Traction Distribution,Central Railway,CORR-029,TRAC-163829,Insulator Damage,High,26,7.5,2026-06-03
TDMS-00296,TDMS,Traction Distribution,Central Railway,CORR-029,TRAC-609030,Earthing Fault,High,26,7.5,2026-07-24
TDMS-00297,TDMS,Traction Distribution,Central Railway,CORR-028,TRAC-771372,Feeder Fault,High,27,6.6,2026-07-18
TDMS-00298,TDMS,Traction Distribution,Central Railway,CORR-028,TRAC-340673,Circuit Breaker Fault,High,6,6.9,2026-06-30
TDMS-00299,TDMS,Traction Distribution,Central Railway,CORR-028,TRAC-826489,Feeder Fault,High,34,15.0,2026-07-29
TDMS-00300,TDMS,Traction Distribution,Central Railway,CORR-029,TRAC-756391,Traction Substation Fault,High,30,13.0,2026-06-10
TDMS-00301,TDMS,Traction Distribution,Central Railway,CORR-028,TRAC-408193,OHE Wire Wear,High,6,6.3,2026-06-20
TDMS-00302,TDMS,Traction Distribution,Central Railway,CORR-028,TRAC-143480,OHE Wire Wear,High,25,13.6,2026-05-06
TDMS-00303,TDMS,Traction Distribution,Central Railway,CORR-028,TRAC-385611,Feeder Fault,High,32,13.0,2026-07-30
TDMS-00304,TDMS,Traction Distribution,Central Railway,CORR-022,TRAC-414351,Circuit Breaker Fault,High,11,8.5,2026-07-25
TDMS-00305,TDMS,Traction Distribution,Central Railway,CORR-022,TRAC-490167,OHE Wire Wear,High,4,15.0,2026-05-14
TDMS-00306,TDMS,Traction Distribution,Central Railway,CORR-022,TRAC-377563,Feeder Fault,High,34,13.2,2026-05-04
TDMS-00307,TDMS,Traction Distribution,Central Railway,CORR-029,TRAC-416110,Traction Substation Fault,High,18,9.7,2026-06-15
TDMS-00308,TDMS,Traction Distribution,Central Railway,CORR-022,TRAC-296464,Circuit Breaker Fault,High,9,13.2,2026-07-17
TDMS-00309,TDMS,Traction Distribution,Central Railway,CORR-022,TRAC-246208,Circuit Breaker Fault,High,3,14.6,2026-08-01
TDMS-00310,TDMS,Traction Distribution,Central Railway,CORR-022,TRAC-517255,Earthing Fault,High,30,11.8,2026-07-14
TDMS-00311,TDMS,Traction Distribution,Central Railway,CORR-022,TRAC-281633,Feeder Fault,High,18,6.9,2026-07-14
TDMS-00312,TDMS,Traction Distribution,Central Railway,CORR-029,TRAC-904609,Insulator Damage,High,29,14.5,2026-05-17
TDMS-00313,TDMS,Traction Distribution,Central Railway,CORR-022,TRAC-312134,Feeder Fault,High,0,14.5,2026-06-03
TDMS-00314,TDMS,Traction Distribution,Central Railway,CORR-028,TRAC-609129,Earthing Fault,High,30,14.7,2026-06-06
TDMS-00315,TDMS,Traction Distribution,Central Railway,CORR-028,TRAC-160189,Insulator Damage,High,4,10.4,2026-07-26
TDMS-00316,TDMS,Traction Distribution,Central Railway,CORR-028,TRAC-840868,Traction Substation Fault,High,30,11.7,2026-06-29
TDMS-00317,TDMS,Traction Distribution,Central Railway,CORR-022,TRAC-484538,Feeder Fault,High,34,7.3,2026-06-10
TDMS-00318,TDMS,Traction Distribution,Central Railway,CORR-022,TRAC-617684,Insulator Damage,High,17,15.4,2026-06-19
TDMS-00319,TDMS,Traction Distribution,Central Railway,CORR-028,TRAC-560727,Traction Substation Fault,High,16,6.2,2026-05-15
TDMS-00320,TDMS,Traction Distribution,Central Railway,CORR-028,TRAC-610342,Insulator Damage,High,9,6.2,2026-05-25
TDMS-00321,TDMS,Traction Distribution,Central Railway,CORR-029,TRAC-104380,Earthing Fault,High,0,11.8,2026-07-15
TDMS-00322,TDMS,Traction Distribution,Central Railway,CORR-022,TRAC-739143,OHE Wire Wear,High,25,8.6,2026-07-07
TDMS-00323,TDMS,Traction Distribution,Central Railway,CORR-029,TRAC-897408,Traction Substation Fault,High,13,8.5,2026-07-10
TDMS-00324,TDMS,Traction Distribution,Central Railway,CORR-022,TRAC-188890,Traction Substation Fault,High,0,9.0,2026-07-15
TDMS-00325,TDMS,Traction Distribution,Central Railway,CORR-022,TRAC-698514,Insulator Damage,High,20,6.6,2026-06-12
TDMS-00326,TDMS,Traction Distribution,Central Railway,CORR-028,TRAC-844539,Circuit Breaker Fault,High,26,7.7,2026-06-27
TDMS-00327,TDMS,Traction Distribution,Central Railway,CORR-028,TRAC-922415,Earthing Fault,High,12,14.5,2026-05-31
TDMS-00328,TDMS,Traction Distribution,Central Railway,CORR-029,TRAC-651095,Traction Substation Fault,High,14,9.1,2026-07-14
TDMS-00329,TDMS,Traction Distribution,Central Railway,CORR-022,TRAC-454990,Traction Substation Fault,High,1,7.8,2026-05-13
TDMS-00330,TDMS,Traction Distribution,Central Railway,CORR-028,TRAC-774469,Insulator Damage,High,13,12.4,2026-05-05
TDMS-00331,TDMS,Traction Distribution,Central Railway,CORR-022,TRAC-429639,Earthing Fault,High,0,12.9,2026-06-25
TDMS-00332,TDMS,Traction Distribution,Central Railway,CORR-028,TRAC-183569,Traction Substation Fault,High,23,13.0,2026-06-08
TDMS-00333,TDMS,Traction Distribution,Central Railway,CORR-028,TRAC-633292,Earthing Fault,High,8,7.0,2026-06-24
TDMS-00334,TDMS,Traction Distribution,Central Railway,CORR-028,TRAC-953611,OHE Wire Wear,High,2,8.4,2026-07-29
TDMS-00335,TDMS,Traction Distribution,Central Railway,CORR-022,TRAC-556325,Circuit Breaker Fault,High,13,8.2,2026-05-07
TDMS-00336,TDMS,Traction Distribution,Central Railway,CORR-022,TRAC-882428,Circuit Breaker Fault,High,22,6.1,2026-06-08
TDMS-00337,TDMS,Traction Distribution,Central Railway,CORR-029,TRAC-189820,OHE Wire Wear,High,3,11.7,2026-07-23
TDMS-00338,TDMS,Traction Distribution,Central Railway,CORR-022,TRAC-901022,Earthing Fault,High,1,6.3,2026-07-09
TDMS-00339,TDMS,Traction Distribution,Central Railway,CORR-028,TRAC-506490,Traction Substation Fault,High,4,7.5,2026-07-24
TDMS-00340,TDMS,Traction Distribution,Central Railway,CORR-028,TRAC-748687,Feeder Fault,High,21,10.0,2026-06-29
TDMS-00341,TDMS,Traction Distribution,Central Railway,CORR-022,TRAC-104111,Feeder Fault,High,12,14.9,2026-06-21
TDMS-00342,TDMS,Traction Distribution,Central Railway,CORR-022,TRAC-498157,Circuit Breaker Fault,High,6,11.4,2026-05-16
TDMS-00343,TDMS,Traction Distribution,Central Railway,CORR-029,TRAC-765636,Insulator Damage,High,5,6.4,2026-05-22
TDMS-00344,TDMS,Traction Distribution,Central Railway,CORR-022,TRAC-484012,OHE Wire Wear,High,3,15.2,2026-07-08
TDMS-00345,TDMS,Traction Distribution,Central Railway,CORR-028,TRAC-875367,OHE Wire Wear,High,16,8.2,2026-05-29
TDMS-00346,TDMS,Traction Distribution,Central Railway,CORR-029,TRAC-323770,OHE Wire Wear,High,31,14.0,2026-06-30
TDMS-00347,TDMS,Traction Distribution,Central Railway,CORR-029,TRAC-475529,Feeder Fault,High,8,12.5,2026-05-12
TDMS-00348,TDMS,Traction Distribution,Central Railway,CORR-029,TRAC-466414,Feeder Fault,High,33,10.9,2026-05-20
TDMS-00349,TDMS,Traction Distribution,Central Railway,CORR-028,TRAC-580359,Traction Substation Fault,High,8,15.4,2026-05-20
TDMS-00350,TDMS,Traction Distribution,Central Railway,CORR-029,TRAC-731366,Traction Substation Fault,High,17,15.0,2026-07-02
TDMS-00351,TDMS,Traction Distribution,Central Railway,CORR-029,TRAC-891541,OHE Wire Wear,High,14,6.4,2026-05-16
TDMS-00352,TDMS,Traction Distribution,Central Railway,CORR-029,TRAC-418832,Circuit Breaker Fault,High,16,14.7,2026-07-01
TDMS-00353,TDMS,Traction Distribution,Central Railway,CORR-029,TRAC-311038,Insulator Damage,High,4,14.4,2026-07-29
TDMS-00354,TDMS,Traction Distribution,Central Railway,CORR-022,TRAC-990225,Circuit Breaker Fault,High,15,6.4,2026-05-22
TDMS-00355,TDMS,Traction Distribution,Central Railway,CORR-029,TRAC-987464,OHE Wire Wear,High,28,11.9,2026-05-24
TDMS-00356,TDMS,Traction Distribution,Central Railway,CORR-028,TRAC-965543,Earthing Fault,High,8,13.2,2026-07-06
TDMS-00357,TDMS,Traction Distribution,Central Railway,CORR-022,TRAC-399125,Earthing Fault,High,25,14.5,2026-05-16
TDMS-00358,TDMS,Traction Distribution,Central Railway,CORR-029,TRAC-747453,OHE Wire Wear,High,18,12.3,2026-05-20
TDMS-00359,TDMS,Traction Distribution,Central Railway,CORR-029,TRAC-780877,Earthing Fault,High,19,7.0,2026-06-09
TDMS-00360,TDMS,Traction Distribution,Central Railway,CORR-029,TRAC-426856,OHE Wire Wear,High,18,14.9,2026-07-02
TDMS-00361,TDMS,Traction Distribution,Central Railway,CORR-029,TRAC-712145,Earthing Fault,High,15,10.9,2026-07-28
TDMS-00362,TDMS,Traction Distribution,Central Railway,CORR-028,TRAC-151100,OHE Wire Wear,High,21,12.8,2026-05-05
TDMS-00363,TDMS,Traction Distribution,Central Railway,CORR-028,TRAC-114784,OHE Wire Wear,High,12,9.1,2026-05-22
TDMS-00364,TDMS,Traction Distribution,Central Railway,CORR-022,TRAC-784769,Feeder Fault,High,7,7.8,2026-05-10
TDMS-00365,TDMS,Traction Distribution,Central Railway,CORR-029,TRAC-729514,Circuit Breaker Fault,High,18,14.0,2026-05-15
TDMS-00366,TDMS,Traction Distribution,Central Railway,CORR-029,TRAC-230505,Traction Substation Fault,High,19,14.3,2026-06-03
TDMS-00367,TDMS,Traction Distribution,Central Railway,CORR-022,TRAC-453606,Feeder Fault,High,13,6.9,2026-05-19
TDMS-00368,TDMS,Traction Distribution,Central Railway,CORR-022,TRAC-658860,Feeder Fault,High,5,8.8,2026-05-21
TDMS-00369,TDMS,Traction Distribution,Central Railway,CORR-028,TRAC-893040,Insulator Damage,High,19,13.4,2026-07-26
TDMS-00370,TDMS,Traction Distribution,Central Railway,CORR-029,TRAC-860662,Feeder Fault,High,7,6.6,2026-06-18
TDMS-00371,TDMS,Traction Distribution,Central Railway,CORR-029,TRAC-476895,Earthing Fault,High,27,14.6,2026-07-13
TDMS-00372,TDMS,Traction Distribution,Central Railway,CORR-028,TRAC-187770,Earthing Fault,High,7,8.9,2026-06-04
TDMS-00373,TDMS,Traction Distribution,Central Railway,CORR-028,TRAC-658402,Earthing Fault,High,20,9.1,2026-07-02
TDMS-00374,TDMS,Traction Distribution,Central Railway,CORR-028,TRAC-516637,Feeder Fault,High,19,12.9,2026-06-06
TDMS-00375,TDMS,Traction Distribution,Central Railway,CORR-028,TRAC-455373,Insulator Damage,High,24,15.9,2026-07-24
TDMS-00376,TDMS,Traction Distribution,Central Railway,CORR-022,TRAC-710303,Circuit Breaker Fault,High,11,10.6,2026-06-11
TDMS-00377,TDMS,Traction Distribution,Central Railway,CORR-028,TRAC-500566,Earthing Fault,High,20,14.3,2026-05-28
TDMS-00378,TDMS,Traction Distribution,Central Railway,CORR-029,TRAC-730297,Earthing Fault,High,30,8.1,2026-07-15
TDMS-00379,TDMS,Traction Distribution,Central Railway,CORR-022,TRAC-384405,Insulator Damage,High,4,11.6,2026-06-02
TDMS-00380,TDMS,Traction Distribution,Central Railway,CORR-028,TRAC-285008,Traction Substation Fault,High,14,6.7,2026-07-24
TDMS-00381,TDMS,Traction Distribution,Central Railway,CORR-029,TRAC-845297,Earthing Fault,Critical,19,23.1,2026-05-16
TDMS-00382,TDMS,Traction Distribution,Central Railway,CORR-028,TRAC-115497,Circuit Breaker Fault,Critical,19,10.5,2026-05-27
TDMS-00383,TDMS,Traction Distribution,Central Railway,CORR-029,TRAC-428919,Circuit Breaker Fault,Critical,34,11.7,2026-05-08
TDMS-00384,TDMS,Traction Distribution,Central Railway,CORR-028,TRAC-330153,Earthing Fault,Critical,18,27.8,2026-06-08
TDMS-00385,TDMS,Traction Distribution,Central Railway,CORR-028,TRAC-576118,OHE Wire Wear,Critical,6,23.3,2026-05-24
TDMS-00386,TDMS,Traction Distribution,Central Railway,CORR-028,TRAC-561494,Circuit Breaker Fault,Critical,14,26.3,2026-06-12
TDMS-00387,TDMS,Traction Distribution,Central Railway,CORR-028,TRAC-349427,Earthing Fault,Critical,13,17.9,2026-06-20
TDMS-00388,TDMS,Traction Distribution,Central Railway,CORR-029,TRAC-332806,Circuit Breaker Fault,Critical,19,11.2,2026-07-15
TDMS-00389,TDMS,Traction Distribution,Central Railway,CORR-022,TRAC-389963,Insulator Damage,Critical,26,13.9,2026-06-02
TDMS-00390,TDMS,Traction Distribution,Central Railway,CORR-029,TRAC-274018,OHE Wire Wear,Critical,13,27.6,2026-05-15
TDMS-00391,TDMS,Traction Distribution,Central Railway,CORR-022,TRAC-388377,Earthing Fault,Critical,55,22.4,2026-07-03
TDMS-00392,TDMS,Traction Distribution,Central Railway,CORR-022,TRAC-295985,OHE Wire Wear,Critical,56,21.4,2026-06-06
TDMS-00393,TDMS,Traction Distribution,Central Railway,CORR-029,TRAC-221214,Earthing Fault,Critical,43,16.2,2026-06-15
TDMS-00394,TDMS,Traction Distribution,Central Railway,CORR-029,TRAC-918942,Earthing Fault,Critical,37,23.7,2026-06-25
TDMS-00395,TDMS,Traction Distribution,Central Railway,CORR-028,TRAC-815510,Circuit Breaker Fault,Critical,52,27.3,2026-07-06
TDMS-00396,TDMS,Traction Distribution,Central Railway,CORR-022,TRAC-250720,Feeder Fault,Critical,32,17.1,2026-06-03
TDMS-00397,TDMS,Traction Distribution,Central Railway,CORR-022,TRAC-661166,Earthing Fault,Critical,57,18.9,2026-07-30
TDMS-00398,TDMS,Traction Distribution,Central Railway,CORR-029,TRAC-672035,OHE Wire Wear,Critical,20,12.2,2026-06-23
TDMS-00399,TDMS,Traction Distribution,Central Railway,CORR-022,TRAC-783859,OHE Wire Wear,Critical,23,21.6,2026-07-26
TDMS-00400,TDMS,Traction Distribution,Central Railway,CORR-022,TRAC-358203,Traction Substation Fault,Critical,23,14.7,2026-07-13
TDMS-00401,TDMS,Traction Distribution,Central Railway,CORR-028,TRAC-773175,OHE Wire Wear,Critical,19,23.4,2026-07-26
TDMS-00402,TDMS,Traction Distribution,Central Railway,CORR-028,TRAC-360287,OHE Wire Wear,Critical,39,29.4,2026-05-12
TDMS-00403,TDMS,Traction Distribution,Central Railway,CORR-029,TRAC-992527,OHE Wire Wear,Critical,47,17.6,2026-06-15
TDMS-00404,TDMS,Traction Distribution,Central Railway,CORR-029,TRAC-696344,Insulator Damage,Critical,15,12.3,2026-05-24
TDMS-00405,TDMS,Traction Distribution,Central Railway,CORR-028,TRAC-362320,Feeder Fault,Critical,40,25.4,2026-06-09
TDMS-00406,TDMS,Traction Distribution,Central Railway,CORR-029,TRAC-740899,Circuit Breaker Fault,Critical,49,17.0,2026-06-16
TDMS-00407,TDMS,Traction Distribution,Central Railway,CORR-029,TRAC-671297,Traction Substation Fault,Critical,55,19.4,2026-06-02
TDMS-00408,TDMS,Traction Distribution,Central Railway,CORR-022,TRAC-617524,Traction Substation Fault,Critical,28,12.4,2026-07-04
TDMS-00409,TDMS,Traction Distribution,Central Railway,CORR-022,TRAC-894502,Feeder Fault,Critical,45,25.9,2026-05-25
TDMS-00410,TDMS,Traction Distribution,Central Railway,CORR-028,TRAC-506038,Insulator Damage,Critical,36,23.1,2026-07-31
TDMS-00411,TDMS,Traction Distribution,Central Railway,CORR-028,TRAC-219557,Insulator Damage,Critical,27,17.9,2026-06-12
TDMS-00412,TDMS,Traction Distribution,Central Railway,CORR-028,TRAC-927501,Insulator Damage,Critical,46,18.5,2026-05-04
TDMS-00413,TDMS,Traction Distribution,Central Railway,CORR-022,TRAC-280028,Insulator Damage,Critical,56,12.2,2026-07-19
TDMS-00414,TDMS,Traction Distribution,Central Railway,CORR-028,TRAC-410174,OHE Wire Wear,Critical,42,19.9,2026-06-26
TDMS-00415,TDMS,Traction Distribution,Central Railway,CORR-028,TRAC-185079,Insulator Damage,Critical,18,12.4,2026-06-28
TDMS-00416,TDMS,Traction Distribution,Central Railway,CORR-022,TRAC-597542,Feeder Fault,Critical,50,25.1,2026-06-21
TDMS-00417,TDMS,Traction Distribution,Central Railway,CORR-028,TRAC-573864,Circuit Breaker Fault,Critical,29,28.8,2026-06-06
TDMS-00418,TDMS,Traction Distribution,Central Railway,CORR-028,TRAC-767184,Circuit Breaker Fault,Critical,30,27.5,2026-05-31
TDMS-00419,TDMS,Traction Distribution,Central Railway,CORR-022,TRAC-525017,OHE Wire Wear,Critical,43,19.4,2026-05-09
TDMS-00420,TDMS,Traction Distribution,Central Railway,CORR-028,TRAC-981069,Earthing Fault,Critical,47,25.9,2026-07-24
TDMS-00421,TDMS,Traction Distribution,Central Railway,CORR-028,TRAC-638727,Feeder Fault,Critical,40,22.5,2026-07-09
TDMS-00422,TDMS,Traction Distribution,Central Railway,CORR-022,TRAC-201507,Circuit Breaker Fault,Critical,23,14.4,2026-07-25
TDMS-00423,TDMS,Traction Distribution,Central Railway,CORR-028,TRAC-789701,OHE Wire Wear,Critical,25,19.7,2026-07-09
TDMS-00424,TDMS,Traction Distribution,Eastern Railway,CORR-019,TRAC-361987,Circuit Breaker Fault,Low,7,3.5,2026-06-17
TDMS-00425,TDMS,Traction Distribution,Eastern Railway,CORR-006,TRAC-831012,Traction Substation Fault,Low,-8,3.4,2026-05-31
TDMS-00426,TDMS,Traction Distribution,Eastern Railway,CORR-019,TRAC-790224,Circuit Breaker Fault,Low,-6,4.9,2026-05-14
TDMS-00427,TDMS,Traction Distribution,Eastern Railway,CORR-015,TRAC-126513,Feeder Fault,Low,2,5.6,2026-05-31
TDMS-00428,TDMS,Traction Distribution,Eastern Railway,CORR-032,TRAC-471870,Traction Substation Fault,Low,-13,2.1,2026-06-10
TDMS-00429,TDMS,Traction Distribution,Eastern Railway,CORR-015,TRAC-490095,Earthing Fault,Low,2,5.8,2026-06-02
TDMS-00430,TDMS,Traction Distribution,Eastern Railway,CORR-032,TRAC-751670,Earthing Fault,Low,-19,5.4,2026-05-17
TDMS-00431,TDMS,Traction Distribution,Eastern Railway,CORR-019,TRAC-542799,Insulator Damage,Low,9,2.3,2026-07-14
TDMS-00432,TDMS,Traction Distribution,Eastern Railway,CORR-019,TRAC-788061,OHE Wire Wear,Low,-17,3.6,2026-05-06
TDMS-00433,TDMS,Traction Distribution,Eastern Railway,CORR-019,TRAC-181665,Earthing Fault,Low,-20,4.9,2026-07-27
TDMS-00434,TDMS,Traction Distribution,Eastern Railway,CORR-024,TRAC-104933,Circuit Breaker Fault,Low,-10,4.2,2026-06-11
TDMS-00435,TDMS,Traction Distribution,Eastern Railway,CORR-019,TRAC-364434,Insulator Damage,Low,-18,5.7,2026-05-13
TDMS-00436,TDMS,Traction Distribution,Eastern Railway,CORR-032,TRAC-184488,Feeder Fault,Low,-20,4.0,2026-05-27
TDMS-00437,TDMS,Traction Distribution,Eastern Railway,CORR-032,TRAC-220074,Traction Substation Fault,Low,-17,2.0,2026-06-30
TDMS-00438,TDMS,Traction Distribution,Eastern Railway,CORR-015,TRAC-446479,Insulator Damage,Low,5,6.0,2026-07-14
TDMS-00439,TDMS,Traction Distribution,Eastern Railway,CORR-032,TRAC-355706,Earthing Fault,Low,-7,2.4,2026-07-30
TDMS-00440,TDMS,Traction Distribution,Eastern Railway,CORR-015,TRAC-987019,Circuit Breaker Fault,Low,4,4.1,2026-07-30
TDMS-00441,TDMS,Traction Distribution,Eastern Railway,CORR-006,TRAC-282392,Earthing Fault,Low,9,4.1,2026-07-27
TDMS-00442,TDMS,Traction Distribution,Eastern Railway,CORR-032,TRAC-876304,Circuit Breaker Fault,Low,-12,5.7,2026-07-30
TDMS-00443,TDMS,Traction Distribution,Eastern Railway,CORR-032,TRAC-863450,Earthing Fault,Low,-13,4.6,2026-07-23
TDMS-00444,TDMS,Traction Distribution,Eastern Railway,CORR-015,TRAC-891683,OHE Wire Wear,Low,5,3.8,2026-06-24
TDMS-00445,TDMS,Traction Distribution,Eastern Railway,CORR-032,TRAC-196018,Traction Substation Fault,Low,-2,4.3,2026-05-18
TDMS-00446,TDMS,Traction Distribution,Eastern Railway,CORR-024,TRAC-352566,Insulator Damage,Low,-6,3.6,2026-05-08
TDMS-00447,TDMS,Traction Distribution,Eastern Railway,CORR-019,TRAC-887866,OHE Wire Wear,Low,0,4.0,2026-06-07
TDMS-00448,TDMS,Traction Distribution,Eastern Railway,CORR-024,TRAC-873172,Insulator Damage,Low,-19,3.1,2026-05-11
TDMS-00449,TDMS,Traction Distribution,Eastern Railway,CORR-006,TRAC-311070,Insulator Damage,Low,-7,2.9,2026-05-29
TDMS-00450,TDMS,Traction Distribution,Eastern Railway,CORR-015,TRAC-362617,Earthing Fault,Low,9,2.6,2026-07-14
TDMS-00451,TDMS,Traction Distribution,Eastern Railway,CORR-032,TRAC-770217,Insulator Damage,Low,3,4.3,2026-06-13
TDMS-00452,TDMS,Traction Distribution,Eastern Railway,CORR-006,TRAC-307725,Circuit Breaker Fault,Low,7,4.7,2026-05-31
TDMS-00453,TDMS,Traction Distribution,Eastern Railway,CORR-019,TRAC-340856,Traction Substation Fault,Low,-17,4.8,2026-06-01
TDMS-00454,TDMS,Traction Distribution,Eastern Railway,CORR-019,TRAC-144495,Earthing Fault,Low,-9,5.7,2026-05-23
TDMS-00455,TDMS,Traction Distribution,Eastern Railway,CORR-019,TRAC-404466,Earthing Fault,Low,9,5.8,2026-06-29
TDMS-00456,TDMS,Traction Distribution,Eastern Railway,CORR-024,TRAC-724907,Circuit Breaker Fault,Low,-1,2.3,2026-06-28
TDMS-00457,TDMS,Traction Distribution,Eastern Railway,CORR-032,TRAC-360937,Earthing Fault,Low,3,4.4,2026-06-01
TDMS-00458,TDMS,Traction Distribution,Eastern Railway,CORR-015,TRAC-666735,Feeder Fault,Low,3,4.3,2026-05-09
TDMS-00459,TDMS,Traction Distribution,Eastern Railway,CORR-015,TRAC-918823,Circuit Breaker Fault,Low,-18,3.6,2026-05-10
TDMS-00460,TDMS,Traction Distribution,Eastern Railway,CORR-015,TRAC-489039,Insulator Damage,Low,-4,3.4,2026-07-29
TDMS-00461,TDMS,Traction Distribution,Eastern Railway,CORR-015,TRAC-708446,Circuit Breaker Fault,Low,-2,4.8,2026-05-08
TDMS-00462,TDMS,Traction Distribution,Eastern Railway,CORR-024,TRAC-211278,Traction Substation Fault,Low,-1,5.1,2026-06-27
TDMS-00463,TDMS,Traction Distribution,Eastern Railway,CORR-032,TRAC-493360,Insulator Damage,Low,-15,2.9,2026-05-30
TDMS-00464,TDMS,Traction Distribution,Eastern Railway,CORR-015,TRAC-408500,Earthing Fault,Low,-20,2.0,2026-06-03
TDMS-00465,TDMS,Traction Distribution,Eastern Railway,CORR-032,TRAC-247732,OHE Wire Wear,Low,2,4.2,2026-06-04
TDMS-00466,TDMS,Traction Distribution,Eastern Railway,CORR-019,TRAC-824306,Circuit Breaker Fault,Low,4,4.6,2026-05-05
TDMS-00467,TDMS,Traction Distribution,Eastern Railway,CORR-015,TRAC-464514,OHE Wire Wear,Low,0,3.4,2026-06-25
TDMS-00468,TDMS,Traction Distribution,Eastern Railway,CORR-006,TRAC-156574,Earthing Fault,Low,-4,3.6,2026-07-11
TDMS-00469,TDMS,Traction Distribution,Eastern Railway,CORR-019,TRAC-206562,Circuit Breaker Fault,Low,-8,2.5,2026-07-02
TDMS-00470,TDMS,Traction Distribution,Eastern Railway,CORR-024,TRAC-113061,Traction Substation Fault,Low,-4,2.5,2026-07-26
TDMS-00471,TDMS,Traction Distribution,Eastern Railway,CORR-032,TRAC-864872,OHE Wire Wear,Low,-15,3.4,2026-06-15
TDMS-00472,TDMS,Traction Distribution,Eastern Railway,CORR-024,TRAC-322956,Earthing Fault,Low,-9,2.3,2026-05-25
TDMS-00473,TDMS,Traction Distribution,Eastern Railway,CORR-006,TRAC-916770,Earthing Fault,Low,1,3.5,2026-05-30
TDMS-00474,TDMS,Traction Distribution,Eastern Railway,CORR-024,TRAC-406578,Insulator Damage,Low,6,4.1,2026-07-06
TDMS-00475,TDMS,Traction Distribution,Eastern Railway,CORR-015,TRAC-806450,OHE Wire Wear,Low,-4,3.0,2026-06-15
TDMS-00476,TDMS,Traction Distribution,Eastern Railway,CORR-006,TRAC-885569,Circuit Breaker Fault,Low,5,2.7,2026-06-01
TDMS-00477,TDMS,Traction Distribution,Eastern Railway,CORR-019,TRAC-393196,Circuit Breaker Fault,Low,-6,4.5,2026-07-10
TDMS-00478,TDMS,Traction Distribution,Eastern Railway,CORR-015,TRAC-552043,Feeder Fault,Low,5,5.9,2026-05-13
TDMS-00479,TDMS,Traction Distribution,Eastern Railway,CORR-032,TRAC-922641,Circuit Breaker Fault,Low,-17,2.8,2026-06-26
TDMS-00480,TDMS,Traction Distribution,Eastern Railway,CORR-006,TRAC-471089,OHE Wire Wear,Low,-15,5.7,2026-06-13
TDMS-00481,TDMS,Traction Distribution,Eastern Railway,CORR-019,TRAC-161064,Traction Substation Fault,Low,-12,4.3,2026-06-01
TDMS-00482,TDMS,Traction Distribution,Eastern Railway,CORR-006,TRAC-350483,Circuit Breaker Fault,Low,8,4.2,2026-06-19
TDMS-00483,TDMS,Traction Distribution,Eastern Railway,CORR-019,TRAC-834506,Feeder Fault,Low,-15,2.1,2026-08-01
TDMS-00484,TDMS,Traction Distribution,Eastern Railway,CORR-006,TRAC-684993,Feeder Fault,Low,6,4.4,2026-06-17
TDMS-00485,TDMS,Traction Distribution,Eastern Railway,CORR-015,TRAC-307448,OHE Wire Wear,Low,6,2.2,2026-06-07
TDMS-00486,TDMS,Traction Distribution,Eastern Railway,CORR-032,TRAC-316766,Traction Substation Fault,Low,-17,4.0,2026-07-15
TDMS-00487,TDMS,Traction Distribution,Eastern Railway,CORR-024,TRAC-529591,Earthing Fault,Low,-14,2.7,2026-06-30
TDMS-00488,TDMS,Traction Distribution,Eastern Railway,CORR-006,TRAC-200423,OHE Wire Wear,Low,8,4.4,2026-06-30
TDMS-00489,TDMS,Traction Distribution,Eastern Railway,CORR-015,TRAC-152729,Earthing Fault,Low,-2,4.6,2026-05-09
TDMS-00490,TDMS,Traction Distribution,Eastern Railway,CORR-015,TRAC-788846,Insulator Damage,Low,-7,2.4,2026-07-17
TDMS-00491,TDMS,Traction Distribution,Eastern Railway,CORR-015,TRAC-532464,Traction Substation Fault,Low,0,2.0,2026-06-22
TDMS-00492,TDMS,Traction Distribution,Eastern Railway,CORR-032,TRAC-156640,Earthing Fault,Low,-7,2.2,2026-05-31
TDMS-00493,TDMS,Traction Distribution,Eastern Railway,CORR-019,TRAC-211115,Feeder Fault,Low,-12,4.2,2026-05-17
TDMS-00494,TDMS,Traction Distribution,Eastern Railway,CORR-015,TRAC-615618,Circuit Breaker Fault,Low,-5,4.2,2026-05-08
TDMS-00495,TDMS,Traction Distribution,Eastern Railway,CORR-006,TRAC-863871,Feeder Fault,Low,-2,4.1,2026-07-27
TDMS-00496,TDMS,Traction Distribution,Eastern Railway,CORR-006,TRAC-202588,Feeder Fault,Low,5,3.0,2026-05-06
TDMS-00497,TDMS,Traction Distribution,Eastern Railway,CORR-032,TRAC-203082,Traction Substation Fault,Low,0,4.9,2026-05-13
TDMS-00498,TDMS,Traction Distribution,Eastern Railway,CORR-024,TRAC-377891,Circuit Breaker Fault,Low,-13,2.7,2026-06-16
TDMS-00499,TDMS,Traction Distribution,Eastern Railway,CORR-015,TRAC-793450,Circuit Breaker Fault,Low,7,2.0,2026-06-29
TDMS-00500,TDMS,Traction Distribution,Eastern Railway,CORR-006,TRAC-832101,Feeder Fault,Low,-1,2.5,2026-05-20
TDMS-00501,TDMS,Traction Distribution,Eastern Railway,CORR-015,TRAC-925202,OHE Wire Wear,Low,5,2.0,2026-05-16
TDMS-00502,TDMS,Traction Distribution,Eastern Railway,CORR-024,TRAC-895673,Traction Substation Fault,Low,3,4.7,2026-06-03
TDMS-00503,TDMS,Traction Distribution,Eastern Railway,CORR-006,TRAC-177792,Traction Substation Fault,Low,3,4.2,2026-06-19
TDMS-00504,TDMS,Traction Distribution,Eastern Railway,CORR-015,TRAC-808123,Traction Substation Fault,Low,9,2.3,2026-06-11
TDMS-00505,TDMS,Traction Distribution,Eastern Railway,CORR-015,TRAC-894595,Traction Substation Fault,Low,1,3.4,2026-07-08
TDMS-00506,TDMS,Traction Distribution,Eastern Railway,CORR-015,TRAC-516424,Traction Substation Fault,Low,-3,3.1,2026-06-11
TDMS-00507,TDMS,Traction Distribution,Eastern Railway,CORR-024,TRAC-165926,OHE Wire Wear,Low,-19,3.9,2026-07-07
TDMS-00508,TDMS,Traction Distribution,Eastern Railway,CORR-032,TRAC-529874,OHE Wire Wear,Low,0,2.7,2026-07-01
TDMS-00509,TDMS,Traction Distribution,Eastern Railway,CORR-032,TRAC-921104,Insulator Damage,Low,-18,2.2,2026-07-24
TDMS-00510,TDMS,Traction Distribution,Eastern Railway,CORR-024,TRAC-119577,Feeder Fault,Low,1,2.3,2026-07-19
TDMS-00511,TDMS,Traction Distribution,Eastern Railway,CORR-019,TRAC-501468,Traction Substation Fault,Low,-20,2.9,2026-07-13
TDMS-00512,TDMS,Traction Distribution,Eastern Railway,CORR-019,TRAC-973242,Circuit Breaker Fault,Low,9,5.1,2026-05-15
TDMS-00513,TDMS,Traction Distribution,Eastern Railway,CORR-024,TRAC-420169,Circuit Breaker Fault,Low,-14,3.3,2026-06-13
TDMS-00514,TDMS,Traction Distribution,Eastern Railway,CORR-006,TRAC-839522,Feeder Fault,Low,-1,5.3,2026-07-14
TDMS-00515,TDMS,Traction Distribution,Eastern Railway,CORR-032,TRAC-265506,Feeder Fault,Low,-16,2.2,2026-07-09
TDMS-00516,TDMS,Traction Distribution,Eastern Railway,CORR-015,TRAC-288494,OHE Wire Wear,Low,-11,2.7,2026-07-30
TDMS-00517,TDMS,Traction Distribution,Eastern Railway,CORR-019,TRAC-910622,Insulator Damage,Low,-11,2.7,2026-06-03
TDMS-00518,TDMS,Traction Distribution,Eastern Railway,CORR-024,TRAC-233404,OHE Wire Wear,Low,-13,5.7,2026-07-30
TDMS-00519,TDMS,Traction Distribution,Eastern Railway,CORR-032,TRAC-246253,Circuit Breaker Fault,Low,-17,5.7,2026-06-07
TDMS-00520,TDMS,Traction Distribution,Eastern Railway,CORR-015,TRAC-174226,Earthing Fault,Low,-11,2.3,2026-07-08
TDMS-00521,TDMS,Traction Distribution,Eastern Railway,CORR-006,TRAC-380507,Traction Substation Fault,Low,-20,4.5,2026-05-08
TDMS-00522,TDMS,Traction Distribution,Eastern Railway,CORR-019,TRAC-502725,Traction Substation Fault,Low,-16,4.7,2026-07-31
TDMS-00523,TDMS,Traction Distribution,Eastern Railway,CORR-015,TRAC-843660,Earthing Fault,Low,1,3.0,2026-07-02
TDMS-00524,TDMS,Traction Distribution,Eastern Railway,CORR-024,TRAC-227121,Traction Substation Fault,Low,-10,5.8,2026-05-17
TDMS-00525,TDMS,Traction Distribution,Eastern Railway,CORR-032,TRAC-483345,Feeder Fault,Low,1,4.5,2026-05-16
TDMS-00526,TDMS,Traction Distribution,Eastern Railway,CORR-024,TRAC-486808,Traction Substation Fault,Low,-20,5.1,2026-07-26
TDMS-00527,TDMS,Traction Distribution,Eastern Railway,CORR-032,TRAC-724952,OHE Wire Wear,Low,7,3.9,2026-06-25
TDMS-00528,TDMS,Traction Distribution,Eastern Railway,CORR-015,TRAC-857722,Earthing Fault,Low,1,5.7,2026-05-13
TDMS-00529,TDMS,Traction Distribution,Eastern Railway,CORR-006,TRAC-690011,OHE Wire Wear,Low,2,2.9,2026-07-04
TDMS-00530,TDMS,Traction Distribution,Eastern Railway,CORR-032,TRAC-156851,Traction Substation Fault,Low,-16,4.1,2026-06-02
TDMS-00531,TDMS,Traction Distribution,Eastern Railway,CORR-032,TRAC-423968,OHE Wire Wear,Low,-6,5.1,2026-06-09
TDMS-00532,TDMS,Traction Distribution,Eastern Railway,CORR-019,TRAC-942534,Insulator Damage,Low,-10,3.2,2026-05-27
TDMS-00533,TDMS,Traction Distribution,Eastern Railway,CORR-015,TRAC-377609,Feeder Fault,Low,7,5.6,2026-06-20
TDMS-00534,TDMS,Traction Distribution,Eastern Railway,CORR-032,TRAC-840801,Traction Substation Fault,Low,-11,2.1,2026-07-12
TDMS-00535,TDMS,Traction Distribution,Eastern Railway,CORR-032,TRAC-158745,Earthing Fault,Low,-6,5.5,2026-06-26
TDMS-00536,TDMS,Traction Distribution,Eastern Railway,CORR-032,TRAC-453093,Earthing Fault,Low,-1,6.0,2026-06-03
TDMS-00537,TDMS,Traction Distribution,Eastern Railway,CORR-032,TRAC-824323,OHE Wire Wear,Low,4,5.8,2026-05-20
TDMS-00538,TDMS,Traction Distribution,Eastern Railway,CORR-019,TRAC-191604,Feeder Fault,Low,5,2.6,2026-07-21
TDMS-00539,TDMS,Traction Distribution,Eastern Railway,CORR-024,TRAC-221979,Earthing Fault,Low,-8,3.2,2026-05-31
TDMS-00540,TDMS,Traction Distribution,Eastern Railway,CORR-032,TRAC-450340,Feeder Fault,Low,6,2.1,2026-06-24
TDMS-00541,TDMS,Traction Distribution,Eastern Railway,CORR-015,TRAC-162607,Earthing Fault,Low,2,5.9,2026-05-18
TDMS-00542,TDMS,Traction Distribution,Eastern Railway,CORR-032,TRAC-559966,Earthing Fault,Low,0,4.9,2026-06-27
TDMS-00543,TDMS,Traction Distribution,Eastern Railway,CORR-006,TRAC-610997,OHE Wire Wear,Low,9,4.8,2026-07-18
TDMS-00544,TDMS,Traction Distribution,Eastern Railway,CORR-006,TRAC-555121,Earthing Fault,Low,-14,3.2,2026-06-22
TDMS-00545,TDMS,Traction Distribution,Eastern Railway,CORR-019,TRAC-466119,OHE Wire Wear,Low,-20,3.3,2026-06-09
TDMS-00546,TDMS,Traction Distribution,Eastern Railway,CORR-006,TRAC-123045,Insulator Damage,Low,-3,4.8,2026-06-09
TDMS-00547,TDMS,Traction Distribution,Eastern Railway,CORR-024,TRAC-246376,Feeder Fault,Low,-5,5.8,2026-05-27
TDMS-00548,TDMS,Traction Distribution,Eastern Railway,CORR-024,TRAC-334838,Traction Substation Fault,Low,4,3.3,2026-07-17
TDMS-00549,TDMS,Traction Distribution,Eastern Railway,CORR-015,TRAC-646698,Insulator Damage,Low,-11,4.9,2026-06-25
TDMS-00550,TDMS,Traction Distribution,Eastern Railway,CORR-015,TRAC-558966,Traction Substation Fault,Low,6,4.0,2026-06-17
TDMS-00551,TDMS,Traction Distribution,Eastern Railway,CORR-032,TRAC-764171,OHE Wire Wear,Low,7,3.4,2026-05-18
TDMS-00552,TDMS,Traction Distribution,Eastern Railway,CORR-019,TRAC-382834,OHE Wire Wear,Low,-7,3.3,2026-05-11
TDMS-00553,TDMS,Traction Distribution,Eastern Railway,CORR-006,TRAC-564831,Insulator Damage,Low,-20,5.4,2026-05-07
TDMS-00554,TDMS,Traction Distribution,Eastern Railway,CORR-019,TRAC-946433,Insulator Damage,Low,-18,2.5,2026-05-23
TDMS-00555,TDMS,Traction Distribution,Eastern Railway,CORR-006,TRAC-499729,Circuit Breaker Fault,Low,-18,5.3,2026-06-20
TDMS-00556,TDMS,Traction Distribution,Eastern Railway,CORR-024,TRAC-903218,Earthing Fault,Low,-1,4.9,2026-05-28
TDMS-00557,TDMS,Traction Distribution,Eastern Railway,CORR-024,TRAC-524395,Traction Substation Fault,Low,-7,3.9,2026-06-06
TDMS-00558,TDMS,Traction Distribution,Eastern Railway,CORR-006,TRAC-275041,Insulator Damage,Low,-13,5.4,2026-07-19
TDMS-00559,TDMS,Traction Distribution,Eastern Railway,CORR-015,TRAC-332236,Circuit Breaker Fault,Low,-1,3.8,2026-06-08
TDMS-00560,TDMS,Traction Distribution,Eastern Railway,CORR-024,TRAC-219442,Circuit Breaker Fault,Low,4,3.9,2026-07-29
TDMS-00561,TDMS,Traction Distribution,Eastern Railway,CORR-032,TRAC-740882,Earthing Fault,Low,-11,5.0,2026-06-29
TDMS-00562,TDMS,Traction Distribution,Eastern Railway,CORR-032,TRAC-554099,Circuit Breaker Fault,Low,5,5.4,2026-07-28
TDMS-00563,TDMS,Traction Distribution,Eastern Railway,CORR-015,TRAC-615344,Insulator Damage,Low,-7,2.8,2026-07-14
TDMS-00564,TDMS,Traction Distribution,Eastern Railway,CORR-015,TRAC-496222,Insulator Damage,Low,2,4.9,2026-07-06
TDMS-00565,TDMS,Traction Distribution,Eastern Railway,CORR-024,TRAC-163616,Circuit Breaker Fault,Low,5,2.3,2026-06-01
TDMS-00566,TDMS,Traction Distribution,Eastern Railway,CORR-024,TRAC-420222,Feeder Fault,Low,-10,4.6,2026-06-16
TDMS-00567,TDMS,Traction Distribution,Eastern Railway,CORR-015,TRAC-675693,OHE Wire Wear,Low,-19,4.2,2026-05-22
TDMS-00568,TDMS,Traction Distribution,Eastern Railway,CORR-006,TRAC-516147,Circuit Breaker Fault,Low,7,4.2,2026-07-10
TDMS-00569,TDMS,Traction Distribution,Eastern Railway,CORR-032,TRAC-927094,Feeder Fault,Low,-12,4.7,2026-06-30
TDMS-00570,TDMS,Traction Distribution,Eastern Railway,CORR-024,TRAC-708540,Traction Substation Fault,Low,-8,2.8,2026-05-18
TDMS-00571,TDMS,Traction Distribution,Eastern Railway,CORR-024,TRAC-413076,OHE Wire Wear,Low,1,5.3,2026-06-19
TDMS-00572,TDMS,Traction Distribution,Eastern Railway,CORR-032,TRAC-769238,Traction Substation Fault,Low,5,4.0,2026-07-20
TDMS-00573,TDMS,Traction Distribution,Eastern Railway,CORR-006,TRAC-885985,Insulator Damage,Low,3,5.3,2026-07-08
TDMS-00574,TDMS,Traction Distribution,Eastern Railway,CORR-015,TRAC-390913,Feeder Fault,Low,-9,3.3,2026-07-26
TDMS-00575,TDMS,Traction Distribution,Eastern Railway,CORR-032,TRAC-132133,Traction Substation Fault,Low,0,5.0,2026-07-05
TDMS-00576,TDMS,Traction Distribution,Eastern Railway,CORR-032,TRAC-115489,OHE Wire Wear,Low,-8,2.2,2026-05-08
TDMS-00577,TDMS,Traction Distribution,Eastern Railway,CORR-019,TRAC-336618,OHE Wire Wear,Low,9,4.1,2026-07-21
TDMS-00578,TDMS,Traction Distribution,Eastern Railway,CORR-019,TRAC-749883,Insulator Damage,Low,-11,2.7,2026-07-28
TDMS-00579,TDMS,Traction Distribution,Eastern Railway,CORR-019,TRAC-407698,Feeder Fault,Low,-1,5.0,2026-05-30
TDMS-00580,TDMS,Traction Distribution,Eastern Railway,CORR-019,TRAC-766282,Circuit Breaker Fault,Low,-11,2.6,2026-06-29
TDMS-00581,TDMS,Traction Distribution,Eastern Railway,CORR-024,TRAC-228940,Circuit Breaker Fault,Low,-14,2.8,2026-07-10
TDMS-00582,TDMS,Traction Distribution,Eastern Railway,CORR-024,TRAC-562389,Traction Substation Fault,Low,-13,5.7,2026-07-10
TDMS-00583,TDMS,Traction Distribution,Eastern Railway,CORR-024,TRAC-938272,Circuit Breaker Fault,Low,6,5.0,2026-07-19
TDMS-00584,TDMS,Traction Distribution,Eastern Railway,CORR-006,TRAC-135169,Feeder Fault,Low,1,2.4,2026-05-04
TDMS-00585,TDMS,Traction Distribution,Eastern Railway,CORR-024,TRAC-608005,Traction Substation Fault,Low,7,4.0,2026-05-04
TDMS-00586,TDMS,Traction Distribution,Eastern Railway,CORR-006,TRAC-775746,Traction Substation Fault,Low,-3,4.8,2026-08-01
TDMS-00587,TDMS,Traction Distribution,Eastern Railway,CORR-019,TRAC-787907,Circuit Breaker Fault,Low,-20,2.0,2026-06-18
TDMS-00588,TDMS,Traction Distribution,Eastern Railway,CORR-032,TRAC-567061,Feeder Fault,Low,-12,4.5,2026-05-21
TDMS-00589,TDMS,Traction Distribution,Eastern Railway,CORR-019,TRAC-466287,Feeder Fault,Low,-2,4.1,2026-05-09
TDMS-00590,TDMS,Traction Distribution,Eastern Railway,CORR-019,TRAC-758596,OHE Wire Wear,Low,-10,2.5,2026-06-28
TDMS-00591,TDMS,Traction Distribution,Eastern Railway,CORR-019,TRAC-711187,Traction Substation Fault,Low,3,4.4,2026-07-25
TDMS-00592,TDMS,Traction Distribution,Eastern Railway,CORR-015,TRAC-607065,Traction Substation Fault,Low,9,4.9,2026-05-08
TDMS-00593,TDMS,Traction Distribution,Eastern Railway,CORR-019,TRAC-633827,Earthing Fault,Low,-8,5.7,2026-05-22
TDMS-00594,TDMS,Traction Distribution,Eastern Railway,CORR-024,TRAC-443090,Insulator Damage,Low,-8,5.7,2026-05-31
TDMS-00595,TDMS,Traction Distribution,Eastern Railway,CORR-006,TRAC-171462,Traction Substation Fault,Low,-1,3.5,2026-06-05
TDMS-00596,TDMS,Traction Distribution,Eastern Railway,CORR-024,TRAC-561723,Feeder Fault,Low,1,4.8,2026-06-25
TDMS-00597,TDMS,Traction Distribution,Eastern Railway,CORR-019,TRAC-754365,Insulator Damage,Low,1,3.0,2026-06-05
TDMS-00598,TDMS,Traction Distribution,Eastern Railway,CORR-024,TRAC-975283,OHE Wire Wear,Low,-7,3.5,2026-07-11
TDMS-00599,TDMS,Traction Distribution,Eastern Railway,CORR-019,TRAC-586171,OHE Wire Wear,Low,9,3.5,2026-05-12
TDMS-00600,TDMS,Traction Distribution,Eastern Railway,CORR-032,TRAC-495349,Circuit Breaker Fault,Low,-8,3.2,2026-06-11
TDMS-00601,TDMS,Traction Distribution,Eastern Railway,CORR-006,TRAC-822548,Circuit Breaker Fault,Low,-9,5.8,2026-06-04
TDMS-00602,TDMS,Traction Distribution,Eastern Railway,CORR-032,TRAC-583329,Traction Substation Fault,Low,-19,5.0,2026-06-17
TDMS-00603,TDMS,Traction Distribution,Eastern Railway,CORR-032,TRAC-877405,Earthing Fault,Low,-5,5.0,2026-07-30
TDMS-00604,TDMS,Traction Distribution,Eastern Railway,CORR-015,TRAC-227581,Earthing Fault,Low,-18,5.7,2026-06-09
TDMS-00605,TDMS,Traction Distribution,Eastern Railway,CORR-006,TRAC-235367,Circuit Breaker Fault,Low,-19,2.9,2026-07-21
TDMS-00606,TDMS,Traction Distribution,Eastern Railway,CORR-032,TRAC-817180,Traction Substation Fault,Low,-6,4.5,2026-06-04
TDMS-00607,TDMS,Traction Distribution,Eastern Railway,CORR-024,TRAC-612388,Insulator Damage,Low,-14,3.7,2026-05-29
TDMS-00608,TDMS,Traction Distribution,Eastern Railway,CORR-019,TRAC-548848,Traction Substation Fault,Low,-16,5.8,2026-05-26
TDMS-00609,TDMS,Traction Distribution,Eastern Railway,CORR-024,TRAC-470739,Circuit Breaker Fault,Low,3,2.6,2026-07-04
TDMS-00610,TDMS,Traction Distribution,Eastern Railway,CORR-015,TRAC-201603,Feeder Fault,Low,3,5.2,2026-06-16
TDMS-00611,TDMS,Traction Distribution,Eastern Railway,CORR-019,TRAC-898463,Earthing Fault,Low,-13,2.4,2026-07-08
TDMS-00612,TDMS,Traction Distribution,Eastern Railway,CORR-006,TRAC-269366,Insulator Damage,Low,8,5.0,2026-07-23
TDMS-00613,TDMS,Traction Distribution,Eastern Railway,CORR-006,TRAC-463663,OHE Wire Wear,Low,8,4.1,2026-06-04
TDMS-00614,TDMS,Traction Distribution,Eastern Railway,CORR-024,TRAC-301739,Feeder Fault,Low,9,3.0,2026-07-03
TDMS-00615,TDMS,Traction Distribution,Eastern Railway,CORR-015,TRAC-873790,Traction Substation Fault,Low,-5,5.8,2026-06-09
TDMS-00616,TDMS,Traction Distribution,Eastern Railway,CORR-032,TRAC-230227,Circuit Breaker Fault,Low,-9,5.4,2026-05-23
TDMS-00617,TDMS,Traction Distribution,Eastern Railway,CORR-006,TRAC-337866,Feeder Fault,Low,-13,3.6,2026-07-07
TDMS-00618,TDMS,Traction Distribution,Eastern Railway,CORR-006,TRAC-929682,Traction Substation Fault,Low,4,4.6,2026-06-16
TDMS-00619,TDMS,Traction Distribution,Eastern Railway,CORR-019,TRAC-527200,Earthing Fault,Medium,5,5.4,2026-07-19
TDMS-00620,TDMS,Traction Distribution,Eastern Railway,CORR-024,TRAC-857403,Feeder Fault,Medium,9,4.2,2026-05-05
TDMS-00621,TDMS,Traction Distribution,Eastern Railway,CORR-019,TRAC-122439,Traction Substation Fault,Medium,-9,4.1,2026-07-03
TDMS-00622,TDMS,Traction Distribution,Eastern Railway,CORR-019,TRAC-942443,Earthing Fault,Medium,-10,8.7,2026-07-30
TDMS-00623,TDMS,Traction Distribution,Eastern Railway,CORR-006,TRAC-198988,Earthing Fault,Medium,14,4.6,2026-07-31
TDMS-00624,TDMS,Traction Distribution,Eastern Railway,CORR-019,TRAC-566189,Feeder Fault,Medium,12,5.8,2026-07-09
TDMS-00625,TDMS,Traction Distribution,Eastern Railway,CORR-015,TRAC-547513,Circuit Breaker Fault,Medium,18,8.7,2026-07-24
TDMS-00626,TDMS,Traction Distribution,Eastern Railway,CORR-015,TRAC-613312,Circuit Breaker Fault,Medium,17,9.8,2026-07-31
TDMS-00627,TDMS,Traction Distribution,Eastern Railway,CORR-006,TRAC-631395,Earthing Fault,Medium,-9,5.9,2026-06-13
TDMS-00628,TDMS,Traction Distribution,Eastern Railway,CORR-015,TRAC-181463,OHE Wire Wear,Medium,3,5.4,2026-07-09
TDMS-00629,TDMS,Traction Distribution,Eastern Railway,CORR-032,TRAC-945142,Circuit Breaker Fault,Medium,-10,7.3,2026-06-08
TDMS-00630,TDMS,Traction Distribution,Eastern Railway,CORR-024,TRAC-118149,Earthing Fault,Medium,3,7.0,2026-06-20
TDMS-00631,TDMS,Traction Distribution,Eastern Railway,CORR-015,TRAC-728040,Traction Substation Fault,Medium,0,9.4,2026-07-27
TDMS-00632,TDMS,Traction Distribution,Eastern Railway,CORR-024,TRAC-991294,Insulator Damage,Medium,-8,4.7,2026-06-12
TDMS-00633,TDMS,Traction Distribution,Eastern Railway,CORR-006,TRAC-444096,Circuit Breaker Fault,Medium,11,4.6,2026-05-09
TDMS-00634,TDMS,Traction Distribution,Eastern Railway,CORR-006,TRAC-625510,Earthing Fault,Medium,-5,4.7,2026-06-16
TDMS-00635,TDMS,Traction Distribution,Eastern Railway,CORR-019,TRAC-196122,OHE Wire Wear,Medium,-2,5.5,2026-06-18
TDMS-00636,TDMS,Traction Distribution,Eastern Railway,CORR-024,TRAC-643706,Traction Substation Fault,Medium,5,8.2,2026-06-03
TDMS-00637,TDMS,Traction Distribution,Eastern Railway,CORR-024,TRAC-489678,Insulator Damage,Medium,9,7.9,2026-06-06
TDMS-00638,TDMS,Traction Distribution,Eastern Railway,CORR-015,TRAC-421457,Earthing Fault,Medium,14,4.2,2026-06-09
TDMS-00639,TDMS,Traction Distribution,Eastern Railway,CORR-032,TRAC-100891,Earthing Fault,Medium,6,4.8,2026-05-04
TDMS-00640,TDMS,Traction Distribution,Eastern Railway,CORR-032,TRAC-749817,Earthing Fault,Medium,17,7.6,2026-06-09
TDMS-00641,TDMS,Traction Distribution,Eastern Railway,CORR-015,TRAC-291253,Circuit Breaker Fault,Medium,19,4.4,2026-06-04
TDMS-00642,TDMS,Traction Distribution,Eastern Railway,CORR-019,TRAC-882652,Feeder Fault,Medium,9,9.4,2026-05-14
TDMS-00643,TDMS,Traction Distribution,Eastern Railway,CORR-032,TRAC-182175,Circuit Breaker Fault,Medium,-4,9.6,2026-05-19
TDMS-00644,TDMS,Traction Distribution,Eastern Railway,CORR-032,TRAC-585692,Earthing Fault,Medium,-1,9.4,2026-07-25
TDMS-00645,TDMS,Traction Distribution,Eastern Railway,CORR-006,TRAC-972779,Feeder Fault,Medium,-3,6.2,2026-06-21
TDMS-00646,TDMS,Traction Distribution,Eastern Railway,CORR-015,TRAC-929214,Insulator Damage,Medium,-8,4.7,2026-06-15
TDMS-00647,TDMS,Traction Distribution,Eastern Railway,CORR-032,TRAC-830098,OHE Wire Wear,Medium,0,7.1,2026-05-24
TDMS-00648,TDMS,Traction Distribution,Eastern Railway,CORR-019,TRAC-559874,Circuit Breaker Fault,Medium,11,7.4,2026-07-28
TDMS-00649,TDMS,Traction Distribution,Eastern Railway,CORR-024,TRAC-311868,Earthing Fault,Medium,18,5.2,2026-06-29
TDMS-00650,TDMS,Traction Distribution,Eastern Railway,CORR-019,TRAC-543038,Earthing Fault,Medium,-2,7.2,2026-07-14
TDMS-00651,TDMS,Traction Distribution,Eastern Railway,CORR-015,TRAC-640026,Circuit Breaker Fault,Medium,5,8.6,2026-07-30
TDMS-00652,TDMS,Traction Distribution,Eastern Railway,CORR-019,TRAC-695949,Insulator Damage,Medium,-10,5.5,2026-07-23
TDMS-00653,TDMS,Traction Distribution,Eastern Railway,CORR-019,TRAC-776657,Insulator Damage,Medium,-5,4.0,2026-06-20
TDMS-00654,TDMS,Traction Distribution,Eastern Railway,CORR-015,TRAC-211961,Circuit Breaker Fault,Medium,6,7.0,2026-06-18
TDMS-00655,TDMS,Traction Distribution,Eastern Railway,CORR-006,TRAC-946411,OHE Wire Wear,Medium,12,7.6,2026-06-22
TDMS-00656,TDMS,Traction Distribution,Eastern Railway,CORR-015,TRAC-668827,Circuit Breaker Fault,Medium,-1,7.7,2026-05-08
TDMS-00657,TDMS,Traction Distribution,Eastern Railway,CORR-032,TRAC-625604,Earthing Fault,Medium,4,7.0,2026-05-25
TDMS-00658,TDMS,Traction Distribution,Eastern Railway,CORR-006,TRAC-511636,OHE Wire Wear,Medium,17,5.0,2026-06-02
TDMS-00659,TDMS,Traction Distribution,Eastern Railway,CORR-015,TRAC-459510,Feeder Fault,Medium,19,5.3,2026-06-13
TDMS-00660,TDMS,Traction Distribution,Eastern Railway,CORR-015,TRAC-544293,Feeder Fault,Medium,16,6.7,2026-07-27
TDMS-00661,TDMS,Traction Distribution,Eastern Railway,CORR-032,TRAC-370757,Feeder Fault,Medium,10,9.7,2026-05-24
TDMS-00662,TDMS,Traction Distribution,Eastern Railway,CORR-024,TRAC-813962,Feeder Fault,Medium,-4,6.2,2026-07-24
TDMS-00663,TDMS,Traction Distribution,Eastern Railway,CORR-024,TRAC-141416,Earthing Fault,Medium,-5,8.1,2026-07-26
TDMS-00664,TDMS,Traction Distribution,Eastern Railway,CORR-015,TRAC-270812,Feeder Fault,Medium,6,8.5,2026-05-21
TDMS-00665,TDMS,Traction Distribution,Eastern Railway,CORR-019,TRAC-773328,Insulator Damage,Medium,-1,9.7,2026-07-11
TDMS-00666,TDMS,Traction Distribution,Eastern Railway,CORR-032,TRAC-461877,Insulator Damage,Medium,1,5.5,2026-06-30
TDMS-00667,TDMS,Traction Distribution,Eastern Railway,CORR-032,TRAC-817185,Earthing Fault,Medium,8,7.8,2026-06-20
TDMS-00668,TDMS,Traction Distribution,Eastern Railway,CORR-019,TRAC-863548,Earthing Fault,Medium,-5,7.4,2026-06-29
TDMS-00669,TDMS,Traction Distribution,Eastern Railway,CORR-006,TRAC-286708,Circuit Breaker Fault,Medium,-3,7.1,2026-05-20
TDMS-00670,TDMS,Traction Distribution,Eastern Railway,CORR-032,TRAC-525702,Circuit Breaker Fault,Medium,-8,8.3,2026-07-31
TDMS-00671,TDMS,Traction Distribution,Eastern Railway,CORR-019,TRAC-609592,Earthing Fault,Medium,1,7.6,2026-08-01
TDMS-00672,TDMS,Traction Distribution,Eastern Railway,CORR-006,TRAC-934236,Circuit Breaker Fault,Medium,16,4.7,2026-07-06
TDMS-00673,TDMS,Traction Distribution,Eastern Railway,CORR-024,TRAC-239875,Feeder Fault,Medium,8,5.8,2026-07-29
TDMS-00674,TDMS,Traction Distribution,Eastern Railway,CORR-015,TRAC-140253,Circuit Breaker Fault,Medium,19,8.8,2026-07-06
TDMS-00675,TDMS,Traction Distribution,Eastern Railway,CORR-006,TRAC-401919,Circuit Breaker Fault,Medium,5,4.6,2026-07-27
TDMS-00676,TDMS,Traction Distribution,Eastern Railway,CORR-015,TRAC-435027,Earthing Fault,Medium,2,9.0,2026-05-07
TDMS-00677,TDMS,Traction Distribution,Eastern Railway,CORR-024,TRAC-406455,OHE Wire Wear,Medium,-10,4.8,2026-07-21
TDMS-00678,TDMS,Traction Distribution,Eastern Railway,CORR-032,TRAC-174435,Traction Substation Fault,Medium,2,8.5,2026-06-08
TDMS-00679,TDMS,Traction Distribution,Eastern Railway,CORR-006,TRAC-736792,Feeder Fault,Medium,1,8.3,2026-05-18
TDMS-00680,TDMS,Traction Distribution,Eastern Railway,CORR-015,TRAC-346246,OHE Wire Wear,Medium,6,5.6,2026-07-31
TDMS-00681,TDMS,Traction Distribution,Eastern Railway,CORR-019,TRAC-756110,Earthing Fault,Medium,-3,9.2,2026-06-28
TDMS-00682,TDMS,Traction Distribution,Eastern Railway,CORR-006,TRAC-663912,OHE Wire Wear,Medium,-3,8.2,2026-05-19
TDMS-00683,TDMS,Traction Distribution,Eastern Railway,CORR-024,TRAC-194713,Earthing Fault,Medium,7,8.2,2026-05-31
TDMS-00684,TDMS,Traction Distribution,Eastern Railway,CORR-015,TRAC-722790,OHE Wire Wear,Medium,19,9.5,2026-05-22
TDMS-00685,TDMS,Traction Distribution,Eastern Railway,CORR-024,TRAC-288219,Traction Substation Fault,Medium,16,7.9,2026-07-10
TDMS-00686,TDMS,Traction Distribution,Eastern Railway,CORR-032,TRAC-844133,OHE Wire Wear,Medium,4,4.1,2026-06-21
TDMS-00687,TDMS,Traction Distribution,Eastern Railway,CORR-015,TRAC-878583,Earthing Fault,Medium,12,7.9,2026-06-13
TDMS-00688,TDMS,Traction Distribution,Eastern Railway,CORR-015,TRAC-677583,Insulator Damage,Medium,-7,8.6,2026-07-14
TDMS-00689,TDMS,Traction Distribution,Eastern Railway,CORR-019,TRAC-511412,Feeder Fault,Medium,7,5.1,2026-05-25
TDMS-00690,TDMS,Traction Distribution,Eastern Railway,CORR-032,TRAC-824814,Traction Substation Fault,Medium,-4,6.6,2026-05-13
TDMS-00691,TDMS,Traction Distribution,Eastern Railway,CORR-006,TRAC-429706,OHE Wire Wear,Medium,18,8.3,2026-05-15
TDMS-00692,TDMS,Traction Distribution,Eastern Railway,CORR-024,TRAC-415639,Insulator Damage,Medium,-6,4.3,2026-06-17
TDMS-00693,TDMS,Traction Distribution,Eastern Railway,CORR-019,TRAC-516029,Earthing Fault,Medium,-3,8.2,2026-07-16
TDMS-00694,TDMS,Traction Distribution,Eastern Railway,CORR-032,TRAC-165260,Insulator Damage,Medium,5,7.7,2026-05-27
TDMS-00695,TDMS,Traction Distribution,Eastern Railway,CORR-006,TRAC-823274,OHE Wire Wear,Medium,-6,4.6,2026-07-24
TDMS-00696,TDMS,Traction Distribution,Eastern Railway,CORR-032,TRAC-545022,Traction Substation Fault,Medium,-3,4.3,2026-06-27
TDMS-00697,TDMS,Traction Distribution,Eastern Railway,CORR-006,TRAC-945180,Insulator Damage,Medium,12,6.6,2026-05-11
TDMS-00698,TDMS,Traction Distribution,Eastern Railway,CORR-015,TRAC-342718,Circuit Breaker Fault,Medium,6,6.6,2026-05-18
TDMS-00699,TDMS,Traction Distribution,Eastern Railway,CORR-024,TRAC-368012,Insulator Damage,Medium,0,5.9,2026-05-22
TDMS-00700,TDMS,Traction Distribution,Eastern Railway,CORR-006,TRAC-971521,OHE Wire Wear,Medium,11,7.5,2026-07-09
TDMS-00701,TDMS,Traction Distribution,Eastern Railway,CORR-024,TRAC-784168,Feeder Fault,Medium,-4,7.9,2026-05-19
TDMS-00702,TDMS,Traction Distribution,Eastern Railway,CORR-019,TRAC-659494,Insulator Damage,Medium,13,6.6,2026-07-30
TDMS-00703,TDMS,Traction Distribution,Eastern Railway,CORR-006,TRAC-711190,Insulator Damage,Medium,5,8.8,2026-05-25
TDMS-00704,TDMS,Traction Distribution,Eastern Railway,CORR-015,TRAC-259967,Insulator Damage,Medium,-1,5.2,2026-05-06
TDMS-00705,TDMS,Traction Distribution,Eastern Railway,CORR-015,TRAC-854140,OHE Wire Wear,Medium,15,4.4,2026-06-06
TDMS-00706,TDMS,Traction Distribution,Eastern Railway,CORR-019,TRAC-319504,Insulator Damage,Medium,3,6.7,2026-05-19
TDMS-00707,TDMS,Traction Distribution,Eastern Railway,CORR-006,TRAC-532204,Insulator Damage,Medium,2,9.9,2026-07-30
TDMS-00708,TDMS,Traction Distribution,Eastern Railway,CORR-032,TRAC-503732,Traction Substation Fault,Medium,11,9.5,2026-07-07
TDMS-00709,TDMS,Traction Distribution,Eastern Railway,CORR-024,TRAC-851518,OHE Wire Wear,Medium,-2,5.6,2026-06-27
TDMS-00710,TDMS,Traction Distribution,Eastern Railway,CORR-024,TRAC-260644,Feeder Fault,Medium,7,8.8,2026-07-13
TDMS-00711,TDMS,Traction Distribution,Eastern Railway,CORR-032,TRAC-543215,OHE Wire Wear,Medium,-9,7.5,2026-05-31
TDMS-00712,TDMS,Traction Distribution,Eastern Railway,CORR-032,TRAC-566850,OHE Wire Wear,Medium,1,4.9,2026-05-12
TDMS-00713,TDMS,Traction Distribution,Eastern Railway,CORR-015,TRAC-272602,Earthing Fault,Medium,-6,9.3,2026-05-21
TDMS-00714,TDMS,Traction Distribution,Eastern Railway,CORR-024,TRAC-336341,OHE Wire Wear,Medium,-10,4.7,2026-07-06
TDMS-00715,TDMS,Traction Distribution,Eastern Railway,CORR-019,TRAC-395127,Earthing Fault,Medium,1,6.1,2026-06-08
TDMS-00716,TDMS,Traction Distribution,Eastern Railway,CORR-006,TRAC-624595,Insulator Damage,Medium,8,6.8,2026-05-23
TDMS-00717,TDMS,Traction Distribution,Eastern Railway,CORR-006,TRAC-191934,Insulator Damage,Medium,15,4.1,2026-07-20
TDMS-00718,TDMS,Traction Distribution,Eastern Railway,CORR-032,TRAC-872799,Circuit Breaker Fault,Medium,16,9.0,2026-07-28
TDMS-00719,TDMS,Traction Distribution,Eastern Railway,CORR-019,TRAC-724939,Traction Substation Fault,Medium,3,6.9,2026-07-11
TDMS-00720,TDMS,Traction Distribution,Eastern Railway,CORR-032,TRAC-825110,Insulator Damage,Medium,5,8.3,2026-06-05
TDMS-00721,TDMS,Traction Distribution,Eastern Railway,CORR-032,TRAC-547313,Feeder Fault,Medium,-3,5.9,2026-05-18
TDMS-00722,TDMS,Traction Distribution,Eastern Railway,CORR-019,TRAC-164900,Feeder Fault,Medium,-2,5.5,2026-05-05
TDMS-00723,TDMS,Traction Distribution,Eastern Railway,CORR-006,TRAC-755504,Earthing Fault,Medium,11,5.1,2026-05-15
TDMS-00724,TDMS,Traction Distribution,Eastern Railway,CORR-024,TRAC-200429,Traction Substation Fault,Medium,-9,8.3,2026-07-20
TDMS-00725,TDMS,Traction Distribution,Eastern Railway,CORR-006,TRAC-647848,Feeder Fault,Medium,12,4.2,2026-06-19
TDMS-00726,TDMS,Traction Distribution,Eastern Railway,CORR-019,TRAC-139090,OHE Wire Wear,Medium,-8,5.7,2026-07-07
TDMS-00727,TDMS,Traction Distribution,Eastern Railway,CORR-006,TRAC-797166,OHE Wire Wear,Medium,16,7.4,2026-07-14
TDMS-00728,TDMS,Traction Distribution,Eastern Railway,CORR-019,TRAC-596600,Traction Substation Fault,Medium,-2,4.9,2026-06-15
TDMS-00729,TDMS,Traction Distribution,Eastern Railway,CORR-006,TRAC-855498,Feeder Fault,Medium,9,7.2,2026-07-03
TDMS-00730,TDMS,Traction Distribution,Eastern Railway,CORR-032,TRAC-894422,Circuit Breaker Fault,Medium,-2,9.9,2026-06-21
TDMS-00731,TDMS,Traction Distribution,Eastern Railway,CORR-024,TRAC-934741,Traction Substation Fault,Medium,-3,8.9,2026-05-31
TDMS-00732,TDMS,Traction Distribution,Eastern Railway,CORR-019,TRAC-622731,OHE Wire Wear,Medium,13,5.1,2026-06-23
TDMS-00733,TDMS,Traction Distribution,Eastern Railway,CORR-015,TRAC-144246,Traction Substation Fault,Medium,6,8.8,2026-05-15
TDMS-00734,TDMS,Traction Distribution,Eastern Railway,CORR-019,TRAC-599142,Insulator Damage,Medium,14,8.2,2026-06-22
TDMS-00735,TDMS,Traction Distribution,Eastern Railway,CORR-024,TRAC-753029,Traction Substation Fault,Medium,-10,5.6,2026-07-31
TDMS-00736,TDMS,Traction Distribution,Eastern Railway,CORR-019,TRAC-491725,OHE Wire Wear,Medium,-8,4.1,2026-07-03
TDMS-00737,TDMS,Traction Distribution,Eastern Railway,CORR-015,TRAC-839539,Circuit Breaker Fault,Medium,3,9.9,2026-07-07
TDMS-00738,TDMS,Traction Distribution,Eastern Railway,CORR-006,TRAC-642651,Insulator Damage,High,15,12.6,2026-06-15
TDMS-00739,TDMS,Traction Distribution,Eastern Railway,CORR-032,TRAC-662213,Earthing Fault,High,24,9.4,2026-05-09
TDMS-00740,TDMS,Traction Distribution,Eastern Railway,CORR-024,TRAC-570365,Traction Substation Fault,High,32,13.7,2026-06-06
TDMS-00741,TDMS,Traction Distribution,Eastern Railway,CORR-006,TRAC-953206,Circuit Breaker Fault,High,10,9.2,2026-06-19
TDMS-00742,TDMS,Traction Distribution,Eastern Railway,CORR-032,TRAC-796528,Circuit Breaker Fault,High,34,9.0,2026-07-16
TDMS-00743,TDMS,Traction Distribution,Eastern Railway,CORR-015,TRAC-980743,Insulator Damage,High,7,6.1,2026-05-09
TDMS-00744,TDMS,Traction Distribution,Eastern Railway,CORR-024,TRAC-741920,Feeder Fault,High,13,14.5,2026-07-06
TDMS-00745,TDMS,Traction Distribution,Eastern Railway,CORR-024,TRAC-133820,Earthing Fault,High,18,10.8,2026-07-25
TDMS-00746,TDMS,Traction Distribution,Eastern Railway,CORR-024,TRAC-581815,OHE Wire Wear,High,1,7.9,2026-05-20
TDMS-00747,TDMS,Traction Distribution,Eastern Railway,CORR-006,TRAC-629443,Feeder Fault,High,6,8.4,2026-06-25
TDMS-00748,TDMS,Traction Distribution,Eastern Railway,CORR-024,TRAC-732253,Feeder Fault,High,21,14.6,2026-07-08
TDMS-00749,TDMS,Traction Distribution,Eastern Railway,CORR-006,TRAC-732806,Earthing Fault,High,25,7.8,2026-05-13
TDMS-00750,TDMS,Traction Distribution,Eastern Railway,CORR-015,TRAC-412673,Insulator Damage,High,33,11.8,2026-07-10
TDMS-00751,TDMS,Traction Distribution,Eastern Railway,CORR-019,TRAC-631841,Feeder Fault,High,21,10.7,2026-05-19
TDMS-00752,TDMS,Traction Distribution,Eastern Railway,CORR-019,TRAC-503538,Insulator Damage,High,29,11.4,2026-05-07
TDMS-00753,TDMS,Traction Distribution,Eastern Railway,CORR-019,TRAC-228883,Traction Substation Fault,High,7,10.0,2026-05-14
TDMS-00754,TDMS,Traction Distribution,Eastern Railway,CORR-015,TRAC-645926,OHE Wire Wear,High,0,10.5,2026-05-05
TDMS-00755,TDMS,Traction Distribution,Eastern Railway,CORR-015,TRAC-816285,Traction Substation Fault,High,2,8.2,2026-06-28
TDMS-00756,TDMS,Traction Distribution,Eastern Railway,CORR-006,TRAC-895768,Circuit Breaker Fault,High,27,6.3,2026-07-02
TDMS-00757,TDMS,Traction Distribution,Eastern Railway,CORR-032,TRAC-272945,Traction Substation Fault,High,16,7.1,2026-06-12
TDMS-00758,TDMS,Traction Distribution,Eastern Railway,CORR-032,TRAC-468365,Circuit Breaker Fault,High,17,11.5,2026-05-25
TDMS-00759,TDMS,Traction Distribution,Eastern Railway,CORR-019,TRAC-555414,Insulator Damage,High,19,6.6,2026-05-18
TDMS-00760,TDMS,Traction Distribution,Eastern Railway,CORR-024,TRAC-156688,Insulator Damage,High,12,13.1,2026-07-01
TDMS-00761,TDMS,Traction Distribution,Eastern Railway,CORR-015,TRAC-318101,Traction Substation Fault,High,2,15.5,2026-06-23
TDMS-00762,TDMS,Traction Distribution,Eastern Railway,CORR-032,TRAC-591878,Traction Substation Fault,High,2,9.7,2026-07-26
TDMS-00763,TDMS,Traction Distribution,Eastern Railway,CORR-024,TRAC-616822,Earthing Fault,High,29,9.0,2026-07-03
TDMS-00764,TDMS,Traction Distribution,Eastern Railway,CORR-015,TRAC-118173,Feeder Fault,High,4,10.3,2026-07-07
TDMS-00765,TDMS,Traction Distribution,Eastern Railway,CORR-006,TRAC-834100,Earthing Fault,High,19,12.6,2026-07-25
TDMS-00766,TDMS,Traction Distribution,Eastern Railway,CORR-019,TRAC-165417,OHE Wire Wear,High,14,14.2,2026-07-16
TDMS-00767,TDMS,Traction Distribution,Eastern Railway,CORR-019,TRAC-985648,Traction Substation Fault,High,21,15.8,2026-07-01
TDMS-00768,TDMS,Traction Distribution,Eastern Railway,CORR-006,TRAC-624725,Circuit Breaker Fault,High,27,11.4,2026-06-29
TDMS-00769,TDMS,Traction Distribution,Eastern Railway,CORR-006,TRAC-127576,Feeder Fault,High,5,10.3,2026-05-12
TDMS-00770,TDMS,Traction Distribution,Eastern Railway,CORR-032,TRAC-918889,Insulator Damage,High,25,13.2,2026-06-16
TDMS-00771,TDMS,Traction Distribution,Eastern Railway,CORR-006,TRAC-260693,Feeder Fault,High,26,6.1,2026-05-09
TDMS-00772,TDMS,Traction Distribution,Eastern Railway,CORR-015,TRAC-371952,Feeder Fault,High,20,9.5,2026-05-07
TDMS-00773,TDMS,Traction Distribution,Eastern Railway,CORR-015,TRAC-111457,Earthing Fault,High,6,9.9,2026-07-02
TDMS-00774,TDMS,Traction Distribution,Eastern Railway,CORR-019,TRAC-230704,Earthing Fault,High,8,9.4,2026-05-11
TDMS-00775,TDMS,Traction Distribution,Eastern Railway,CORR-032,TRAC-828417,Traction Substation Fault,High,16,12.9,2026-06-19
TDMS-00776,TDMS,Traction Distribution,Eastern Railway,CORR-032,TRAC-564618,Earthing Fault,High,23,15.5,2026-07-23
TDMS-00777,TDMS,Traction Distribution,Eastern Railway,CORR-032,TRAC-477597,Circuit Breaker Fault,High,20,8.3,2026-05-21
TDMS-00778,TDMS,Traction Distribution,Eastern Railway,CORR-006,TRAC-489637,Insulator Damage,High,15,7.9,2026-06-22
TDMS-00779,TDMS,Traction Distribution,Eastern Railway,CORR-024,TRAC-192439,Insulator Damage,High,21,9.6,2026-07-15
TDMS-00780,TDMS,Traction Distribution,Eastern Railway,CORR-019,TRAC-932026,Circuit Breaker Fault,High,27,10.5,2026-05-29
TDMS-00781,TDMS,Traction Distribution,Eastern Railway,CORR-032,TRAC-144623,Insulator Damage,High,30,9.5,2026-05-30
TDMS-00782,TDMS,Traction Distribution,Eastern Railway,CORR-015,TRAC-471616,Traction Substation Fault,High,28,10.2,2026-06-26
TDMS-00783,TDMS,Traction Distribution,Eastern Railway,CORR-006,TRAC-714239,Feeder Fault,High,14,7.0,2026-05-05
TDMS-00784,TDMS,Traction Distribution,Eastern Railway,CORR-019,TRAC-620212,Circuit Breaker Fault,High,13,7.1,2026-06-03
TDMS-00785,TDMS,Traction Distribution,Eastern Railway,CORR-024,TRAC-558972,OHE Wire Wear,High,30,8.7,2026-06-22
TDMS-00786,TDMS,Traction Distribution,Eastern Railway,CORR-032,TRAC-415200,OHE Wire Wear,High,26,15.4,2026-06-10
TDMS-00787,TDMS,Traction Distribution,Eastern Railway,CORR-024,TRAC-327031,OHE Wire Wear,High,31,10.8,2026-06-13
TDMS-00788,TDMS,Traction Distribution,Eastern Railway,CORR-032,TRAC-670733,Earthing Fault,High,22,15.9,2026-06-06
TDMS-00789,TDMS,Traction Distribution,Eastern Railway,CORR-006,TRAC-491819,Earthing Fault,High,5,8.6,2026-05-30
TDMS-00790,TDMS,Traction Distribution,Eastern Railway,CORR-006,TRAC-805641,Feeder Fault,High,22,13.7,2026-05-18
TDMS-00791,TDMS,Traction Distribution,Eastern Railway,CORR-024,TRAC-132823,Circuit Breaker Fault,High,18,14.5,2026-08-01
TDMS-00792,TDMS,Traction Distribution,Eastern Railway,CORR-019,TRAC-532962,Traction Substation Fault,High,18,10.7,2026-07-19
TDMS-00793,TDMS,Traction Distribution,Eastern Railway,CORR-019,TRAC-291981,Traction Substation Fault,High,18,7.1,2026-06-08
TDMS-00794,TDMS,Traction Distribution,Eastern Railway,CORR-024,TRAC-823981,Traction Substation Fault,High,2,13.8,2026-06-22
TDMS-00795,TDMS,Traction Distribution,Eastern Railway,CORR-024,TRAC-992554,OHE Wire Wear,High,32,7.7,2026-06-01
TDMS-00796,TDMS,Traction Distribution,Eastern Railway,CORR-006,TRAC-623399,Feeder Fault,High,10,16.0,2026-07-15
TDMS-00797,TDMS,Traction Distribution,Eastern Railway,CORR-024,TRAC-562735,OHE Wire Wear,High,27,10.9,2026-06-03
TDMS-00798,TDMS,Traction Distribution,Eastern Railway,CORR-015,TRAC-332463,OHE Wire Wear,High,13,15.0,2026-05-20
TDMS-00799,TDMS,Traction Distribution,Eastern Railway,CORR-024,TRAC-481909,Insulator Damage,High,30,9.7,2026-06-10
TDMS-00800,TDMS,Traction Distribution,Eastern Railway,CORR-024,TRAC-838858,Earthing Fault,High,29,11.8,2026-07-15
TDMS-00801,TDMS,Traction Distribution,Eastern Railway,CORR-032,TRAC-850696,Traction Substation Fault,High,8,14.2,2026-05-31
TDMS-00802,TDMS,Traction Distribution,Eastern Railway,CORR-032,TRAC-152097,Earthing Fault,High,8,9.6,2026-05-23
TDMS-00803,TDMS,Traction Distribution,Eastern Railway,CORR-019,TRAC-245203,OHE Wire Wear,High,24,12.0,2026-06-13
TDMS-00804,TDMS,Traction Distribution,Eastern Railway,CORR-019,TRAC-748050,Insulator Damage,High,19,10.3,2026-07-17
TDMS-00805,TDMS,Traction Distribution,Eastern Railway,CORR-015,TRAC-498321,Feeder Fault,High,32,11.6,2026-07-18
TDMS-00806,TDMS,Traction Distribution,Eastern Railway,CORR-024,TRAC-506746,Earthing Fault,High,23,15.2,2026-07-10
TDMS-00807,TDMS,Traction Distribution,Eastern Railway,CORR-006,TRAC-257665,Circuit Breaker Fault,High,16,8.1,2026-07-25
TDMS-00808,TDMS,Traction Distribution,Eastern Railway,CORR-019,TRAC-281238,Traction Substation Fault,High,23,6.7,2026-05-18
TDMS-00809,TDMS,Traction Distribution,Eastern Railway,CORR-024,TRAC-964227,Insulator Damage,High,6,15.0,2026-06-05
TDMS-00810,TDMS,Traction Distribution,Eastern Railway,CORR-015,TRAC-377192,Circuit Breaker Fault,High,17,14.8,2026-07-21
TDMS-00811,TDMS,Traction Distribution,Eastern Railway,CORR-032,TRAC-405636,Feeder Fault,High,25,10.4,2026-05-30
TDMS-00812,TDMS,Traction Distribution,Eastern Railway,CORR-015,TRAC-525678,Traction Substation Fault,High,27,7.8,2026-05-21
TDMS-00813,TDMS,Traction Distribution,Eastern Railway,CORR-015,TRAC-719104,Circuit Breaker Fault,High,27,15.7,2026-06-28
TDMS-00814,TDMS,Traction Distribution,Eastern Railway,CORR-032,TRAC-174054,Feeder Fault,High,0,6.7,2026-05-10
TDMS-00815,TDMS,Traction Distribution,Eastern Railway,CORR-024,TRAC-652251,Earthing Fault,High,12,13.2,2026-07-18
TDMS-00816,TDMS,Traction Distribution,Eastern Railway,CORR-032,TRAC-210773,Earthing Fault,High,13,6.1,2026-06-20
TDMS-00817,TDMS,Traction Distribution,Eastern Railway,CORR-006,TRAC-491046,Earthing Fault,High,27,12.0,2026-06-29
TDMS-00818,TDMS,Traction Distribution,Eastern Railway,CORR-024,TRAC-145853,Traction Substation Fault,High,1,8.8,2026-07-27
TDMS-00819,TDMS,Traction Distribution,Eastern Railway,CORR-032,TRAC-406666,OHE Wire Wear,High,28,15.2,2026-07-13
TDMS-00820,TDMS,Traction Distribution,Eastern Railway,CORR-032,TRAC-472050,Earthing Fault,High,14,6.5,2026-07-03
TDMS-00821,TDMS,Traction Distribution,Eastern Railway,CORR-024,TRAC-648793,Insulator Damage,High,9,11.8,2026-07-03
TDMS-00822,TDMS,Traction Distribution,Eastern Railway,CORR-032,TRAC-514494,Feeder Fault,High,16,10.8,2026-05-08
TDMS-00823,TDMS,Traction Distribution,Eastern Railway,CORR-032,TRAC-112253,Feeder Fault,High,23,15.5,2026-06-09
TDMS-00824,TDMS,Traction Distribution,Eastern Railway,CORR-006,TRAC-412103,Circuit Breaker Fault,High,13,6.6,2026-06-14
TDMS-00825,TDMS,Traction Distribution,Eastern Railway,CORR-006,TRAC-197518,OHE Wire Wear,High,15,6.3,2026-06-28
TDMS-00826,TDMS,Traction Distribution,Eastern Railway,CORR-019,TRAC-813257,Earthing Fault,High,12,10.6,2026-05-14
TDMS-00827,TDMS,Traction Distribution,Eastern Railway,CORR-019,TRAC-926255,Feeder Fault,High,21,6.7,2026-06-02
TDMS-00828,TDMS,Traction Distribution,Eastern Railway,CORR-024,TRAC-545699,Feeder Fault,High,28,9.5,2026-07-09
TDMS-00829,TDMS,Traction Distribution,Eastern Railway,CORR-015,TRAC-171057,Traction Substation Fault,High,24,14.1,2026-05-07
TDMS-00830,TDMS,Traction Distribution,Eastern Railway,CORR-032,TRAC-715810,Earthing Fault,High,13,6.8,2026-06-10
TDMS-00831,TDMS,Traction Distribution,Eastern Railway,CORR-006,TRAC-638367,OHE Wire Wear,High,25,11.0,2026-06-16
TDMS-00832,TDMS,Traction Distribution,Eastern Railway,CORR-024,TRAC-813683,Earthing Fault,High,29,13.1,2026-05-30
TDMS-00833,TDMS,Traction Distribution,Eastern Railway,CORR-032,TRAC-647149,Feeder Fault,High,5,14.0,2026-05-17
TDMS-00834,TDMS,Traction Distribution,Eastern Railway,CORR-006,TRAC-155482,Feeder Fault,High,25,10.7,2026-05-22
TDMS-00835,TDMS,Traction Distribution,Eastern Railway,CORR-006,TRAC-318783,OHE Wire Wear,High,13,8.9,2026-07-08
TDMS-00836,TDMS,Traction Distribution,Eastern Railway,CORR-006,TRAC-250595,Insulator Damage,High,3,7.1,2026-06-18
TDMS-00837,TDMS,Traction Distribution,Eastern Railway,CORR-032,TRAC-671981,Earthing Fault,High,28,11.7,2026-06-23
TDMS-00838,TDMS,Traction Distribution,Eastern Railway,CORR-024,TRAC-446454,Earthing Fault,High,4,6.7,2026-05-30
TDMS-00839,TDMS,Traction Distribution,Eastern Railway,CORR-015,TRAC-583306,Feeder Fault,High,14,15.1,2026-06-21
TDMS-00840,TDMS,Traction Distribution,Eastern Railway,CORR-032,TRAC-890264,Feeder Fault,High,34,10.8,2026-05-15
TDMS-00841,TDMS,Traction Distribution,Eastern Railway,CORR-019,TRAC-388891,OHE Wire Wear,High,14,7.6,2026-07-23
TDMS-00842,TDMS,Traction Distribution,Eastern Railway,CORR-006,TRAC-544289,Traction Substation Fault,High,12,9.5,2026-06-15
TDMS-00843,TDMS,Traction Distribution,Eastern Railway,CORR-006,TRAC-314548,OHE Wire Wear,High,18,13.7,2026-05-04
TDMS-00844,TDMS,Traction Distribution,Eastern Railway,CORR-024,TRAC-855080,Insulator Damage,High,34,12.3,2026-06-26
TDMS-00845,TDMS,Traction Distribution,Eastern Railway,CORR-024,TRAC-897108,Earthing Fault,High,21,15.0,2026-06-28
TDMS-00846,TDMS,Traction Distribution,Eastern Railway,CORR-015,TRAC-637842,Earthing Fault,High,21,6.3,2026-07-05
TDMS-00847,TDMS,Traction Distribution,Eastern Railway,CORR-024,TRAC-795595,Feeder Fault,High,19,12.4,2026-07-27
TDMS-00848,TDMS,Traction Distribution,Eastern Railway,CORR-024,TRAC-531227,Traction Substation Fault,High,0,12.0,2026-06-18
TDMS-00849,TDMS,Traction Distribution,Eastern Railway,CORR-024,TRAC-992423,OHE Wire Wear,High,27,8.6,2026-07-25
TDMS-00850,TDMS,Traction Distribution,Eastern Railway,CORR-032,TRAC-248769,Circuit Breaker Fault,High,13,15.1,2026-05-21
TDMS-00851,TDMS,Traction Distribution,Eastern Railway,CORR-015,TRAC-531425,Insulator Damage,High,32,11.0,2026-07-02
TDMS-00852,TDMS,Traction Distribution,Eastern Railway,CORR-024,TRAC-262283,Insulator Damage,High,31,10.3,2026-06-18
TDMS-00853,TDMS,Traction Distribution,Eastern Railway,CORR-032,TRAC-847065,Feeder Fault,High,12,9.2,2026-06-24
TDMS-00854,TDMS,Traction Distribution,Eastern Railway,CORR-032,TRAC-607197,OHE Wire Wear,High,13,6.1,2026-05-30
TDMS-00855,TDMS,Traction Distribution,Eastern Railway,CORR-006,TRAC-259554,Feeder Fault,High,19,6.4,2026-07-18
TDMS-00856,TDMS,Traction Distribution,Eastern Railway,CORR-032,TRAC-811952,Circuit Breaker Fault,High,22,11.1,2026-07-18
TDMS-00857,TDMS,Traction Distribution,Eastern Railway,CORR-019,TRAC-511209,Feeder Fault,High,27,6.9,2026-05-26
TDMS-00858,TDMS,Traction Distribution,Eastern Railway,CORR-006,TRAC-237376,Earthing Fault,High,15,14.2,2026-05-08
TDMS-00859,TDMS,Traction Distribution,Eastern Railway,CORR-006,TRAC-310013,Circuit Breaker Fault,High,34,12.3,2026-06-07
TDMS-00860,TDMS,Traction Distribution,Eastern Railway,CORR-019,TRAC-473962,Feeder Fault,High,8,13.2,2026-05-15
TDMS-00861,TDMS,Traction Distribution,Eastern Railway,CORR-032,TRAC-512065,Insulator Damage,High,28,9.5,2026-07-18
TDMS-00862,TDMS,Traction Distribution,Eastern Railway,CORR-006,TRAC-350955,Circuit Breaker Fault,High,5,11.5,2026-06-10
TDMS-00863,TDMS,Traction Distribution,Eastern Railway,CORR-032,TRAC-501593,Circuit Breaker Fault,High,8,9.8,2026-06-12
TDMS-00864,TDMS,Traction Distribution,Eastern Railway,CORR-015,TRAC-187441,Insulator Damage,High,7,12.9,2026-05-11
TDMS-00865,TDMS,Traction Distribution,Eastern Railway,CORR-024,TRAC-163451,Insulator Damage,High,13,7.4,2026-07-24
TDMS-00866,TDMS,Traction Distribution,Eastern Railway,CORR-019,TRAC-874203,Circuit Breaker Fault,High,17,7.4,2026-07-08
TDMS-00867,TDMS,Traction Distribution,Eastern Railway,CORR-032,TRAC-822132,Feeder Fault,High,11,13.8,2026-07-24
TDMS-00868,TDMS,Traction Distribution,Eastern Railway,CORR-015,TRAC-767382,OHE Wire Wear,High,9,12.4,2026-07-29
TDMS-00869,TDMS,Traction Distribution,Eastern Railway,CORR-032,TRAC-815105,OHE Wire Wear,High,30,10.4,2026-05-26
TDMS-00870,TDMS,Traction Distribution,Eastern Railway,CORR-015,TRAC-844326,OHE Wire Wear,High,0,7.8,2026-05-05
TDMS-00871,TDMS,Traction Distribution,Eastern Railway,CORR-006,TRAC-522496,Insulator Damage,High,26,12.1,2026-07-25
TDMS-00872,TDMS,Traction Distribution,Eastern Railway,CORR-019,TRAC-626743,Insulator Damage,High,7,15.5,2026-07-27
TDMS-00873,TDMS,Traction Distribution,Eastern Railway,CORR-006,TRAC-664667,Feeder Fault,High,9,10.4,2026-07-12
TDMS-00874,TDMS,Traction Distribution,Eastern Railway,CORR-024,TRAC-682145,OHE Wire Wear,High,33,13.6,2026-06-05
TDMS-00875,TDMS,Traction Distribution,Eastern Railway,CORR-019,TRAC-244231,OHE Wire Wear,High,33,10.8,2026-07-23
TDMS-00876,TDMS,Traction Distribution,Eastern Railway,CORR-024,TRAC-672539,Feeder Fault,High,31,6.9,2026-06-21
TDMS-00877,TDMS,Traction Distribution,Eastern Railway,CORR-019,TRAC-779056,Feeder Fault,High,14,15.3,2026-06-11
TDMS-00878,TDMS,Traction Distribution,Eastern Railway,CORR-024,TRAC-288223,Circuit Breaker Fault,High,21,15.3,2026-06-04
TDMS-00879,TDMS,Traction Distribution,Eastern Railway,CORR-015,TRAC-854392,Circuit Breaker Fault,High,12,11.7,2026-06-20
TDMS-00880,TDMS,Traction Distribution,Eastern Railway,CORR-024,TRAC-416295,Feeder Fault,High,23,14.5,2026-06-28
TDMS-00881,TDMS,Traction Distribution,Eastern Railway,CORR-032,TRAC-460283,OHE Wire Wear,High,26,12.3,2026-05-29
TDMS-00882,TDMS,Traction Distribution,Eastern Railway,CORR-006,TRAC-475383,Feeder Fault,High,16,7.4,2026-06-02
TDMS-00883,TDMS,Traction Distribution,Eastern Railway,CORR-006,TRAC-662082,OHE Wire Wear,High,24,14.3,2026-06-03
TDMS-00884,TDMS,Traction Distribution,Eastern Railway,CORR-024,TRAC-964185,OHE Wire Wear,High,21,12.6,2026-06-19
TDMS-00885,TDMS,Traction Distribution,Eastern Railway,CORR-019,TRAC-991350,Insulator Damage,High,0,10.7,2026-06-19
TDMS-00886,TDMS,Traction Distribution,Eastern Railway,CORR-032,TRAC-456868,Circuit Breaker Fault,High,5,13.8,2026-07-01
TDMS-00887,TDMS,Traction Distribution,Eastern Railway,CORR-015,TRAC-774003,OHE Wire Wear,High,33,11.8,2026-05-17
TDMS-00888,TDMS,Traction Distribution,Eastern Railway,CORR-032,TRAC-465561,OHE Wire Wear,High,3,8.0,2026-07-24
TDMS-00889,TDMS,Traction Distribution,Eastern Railway,CORR-032,TRAC-958281,Insulator Damage,High,8,15.4,2026-05-24
TDMS-00890,TDMS,Traction Distribution,Eastern Railway,CORR-032,TRAC-126330,Insulator Damage,High,28,9.7,2026-07-14
TDMS-00891,TDMS,Traction Distribution,Eastern Railway,CORR-015,TRAC-973486,Circuit Breaker Fault,High,33,6.4,2026-07-20
TDMS-00892,TDMS,Traction Distribution,Eastern Railway,CORR-015,TRAC-468549,Traction Substation Fault,High,6,6.9,2026-05-22
TDMS-00893,TDMS,Traction Distribution,Eastern Railway,CORR-019,TRAC-174057,Earthing Fault,High,22,13.1,2026-05-04
TDMS-00894,TDMS,Traction Distribution,Eastern Railway,CORR-006,TRAC-915131,Traction Substation Fault,High,25,11.4,2026-06-13
TDMS-00895,TDMS,Traction Distribution,Eastern Railway,CORR-032,TRAC-729383,Feeder Fault,High,7,7.6,2026-05-23
TDMS-00896,TDMS,Traction Distribution,Eastern Railway,CORR-024,TRAC-479482,Feeder Fault,High,27,12.1,2026-05-14
TDMS-00897,TDMS,Traction Distribution,Eastern Railway,CORR-024,TRAC-516841,Insulator Damage,High,17,10.0,2026-08-01
TDMS-00898,TDMS,Traction Distribution,Eastern Railway,CORR-015,TRAC-769623,Feeder Fault,High,8,7.9,2026-08-01
TDMS-00899,TDMS,Traction Distribution,Eastern Railway,CORR-024,TRAC-125458,Insulator Damage,High,16,6.7,2026-07-24
TDMS-00900,TDMS,Traction Distribution,Eastern Railway,CORR-019,TRAC-902208,Traction Substation Fault,High,0,14.8,2026-07-24
TDMS-00901,TDMS,Traction Distribution,Eastern Railway,CORR-032,TRAC-895033,Insulator Damage,High,20,15.9,2026-05-23
TDMS-00902,TDMS,Traction Distribution,Eastern Railway,CORR-006,TRAC-135695,Circuit Breaker Fault,High,3,10.2,2026-05-13
TDMS-00903,TDMS,Traction Distribution,Eastern Railway,CORR-006,TRAC-478170,Earthing Fault,High,8,14.4,2026-05-20
TDMS-00904,TDMS,Traction Distribution,Eastern Railway,CORR-032,TRAC-191489,Circuit Breaker Fault,High,11,9.2,2026-05-08
TDMS-00905,TDMS,Traction Distribution,Eastern Railway,CORR-024,TRAC-632649,Traction Substation Fault,High,26,14.4,2026-06-15
TDMS-00906,TDMS,Traction Distribution,Eastern Railway,CORR-032,TRAC-979966,Circuit Breaker Fault,High,16,13.8,2026-07-10
TDMS-00907,TDMS,Traction Distribution,Eastern Railway,CORR-032,TRAC-676139,Circuit Breaker Fault,High,0,12.3,2026-05-06
TDMS-00908,TDMS,Traction Distribution,Eastern Railway,CORR-019,TRAC-465291,Insulator Damage,High,4,10.3,2026-06-29
TDMS-00909,TDMS,Traction Distribution,Eastern Railway,CORR-006,TRAC-828069,Circuit Breaker Fault,High,11,13.1,2026-06-21
TDMS-00910,TDMS,Traction Distribution,Eastern Railway,CORR-024,TRAC-630173,OHE Wire Wear,High,9,11.7,2026-07-09
TDMS-00911,TDMS,Traction Distribution,Eastern Railway,CORR-019,TRAC-716101,Insulator Damage,High,27,10.6,2026-06-26
TDMS-00912,TDMS,Traction Distribution,Eastern Railway,CORR-006,TRAC-583860,Feeder Fault,High,16,13.1,2026-07-30
TDMS-00913,TDMS,Traction Distribution,Eastern Railway,CORR-019,TRAC-455750,Feeder Fault,High,6,9.5,2026-05-23
TDMS-00914,TDMS,Traction Distribution,Eastern Railway,CORR-019,TRAC-336368,Earthing Fault,High,27,9.8,2026-05-20
TDMS-00915,TDMS,Traction Distribution,Eastern Railway,CORR-019,TRAC-953735,Earthing Fault,High,24,12.1,2026-07-31
TDMS-00916,TDMS,Traction Distribution,Eastern Railway,CORR-024,TRAC-114627,Feeder Fault,High,20,13.8,2026-06-02
TDMS-00917,TDMS,Traction Distribution,Eastern Railway,CORR-032,TRAC-512697,Circuit Breaker Fault,High,23,10.9,2026-05-17
TDMS-00918,TDMS,Traction Distribution,Eastern Railway,CORR-024,TRAC-122499,Earthing Fault,Critical,51,14.0,2026-06-16
TDMS-00919,TDMS,Traction Distribution,Eastern Railway,CORR-019,TRAC-551858,Feeder Fault,Critical,8,16.7,2026-07-21
TDMS-00920,TDMS,Traction Distribution,Eastern Railway,CORR-015,TRAC-261649,Traction Substation Fault,Critical,16,29.8,2026-05-22
TDMS-00921,TDMS,Traction Distribution,Eastern Railway,CORR-024,TRAC-388539,Circuit Breaker Fault,Critical,24,10.3,2026-08-01
TDMS-00922,TDMS,Traction Distribution,Eastern Railway,CORR-024,TRAC-200798,Insulator Damage,Critical,23,17.7,2026-06-27
TDMS-00923,TDMS,Traction Distribution,Eastern Railway,CORR-019,TRAC-433875,Circuit Breaker Fault,Critical,44,23.3,2026-06-14
TDMS-00924,TDMS,Traction Distribution,Eastern Railway,CORR-006,TRAC-427033,Feeder Fault,Critical,46,20.7,2026-07-19
TDMS-00925,TDMS,Traction Distribution,Eastern Railway,CORR-015,TRAC-857557,Circuit Breaker Fault,Critical,6,23.0,2026-05-12
TDMS-00926,TDMS,Traction Distribution,Eastern Railway,CORR-024,TRAC-460233,Feeder Fault,Critical,54,27.9,2026-05-31
TDMS-00927,TDMS,Traction Distribution,Eastern Railway,CORR-006,TRAC-526109,Traction Substation Fault,Critical,38,20.3,2026-07-16
TDMS-00928,TDMS,Traction Distribution,Eastern Railway,CORR-019,TRAC-140720,Earthing Fault,Critical,27,18.0,2026-06-20
TDMS-00929,TDMS,Traction Distribution,Eastern Railway,CORR-006,TRAC-159005,Feeder Fault,Critical,32,25.9,2026-06-20
TDMS-00930,TDMS,Traction Distribution,Eastern Railway,CORR-006,TRAC-482341,Earthing Fault,Critical,22,27.5,2026-07-26
TDMS-00931,TDMS,Traction Distribution,Eastern Railway,CORR-032,TRAC-231561,Traction Substation Fault,Critical,6,13.4,2026-05-12
TDMS-00932,TDMS,Traction Distribution,Eastern Railway,CORR-019,TRAC-944882,Circuit Breaker Fault,Critical,33,15.1,2026-06-22
TDMS-00933,TDMS,Traction Distribution,Eastern Railway,CORR-015,TRAC-290588,Traction Substation Fault,Critical,24,25.4,2026-07-24
TDMS-00934,TDMS,Traction Distribution,Eastern Railway,CORR-024,TRAC-330277,Earthing Fault,Critical,20,25.4,2026-05-05
TDMS-00935,TDMS,Traction Distribution,Eastern Railway,CORR-024,TRAC-208032,Traction Substation Fault,Critical,47,25.6,2026-06-16
TDMS-00936,TDMS,Traction Distribution,Eastern Railway,CORR-019,TRAC-466380,Insulator Damage,Critical,16,20.6,2026-06-06
TDMS-00937,TDMS,Traction Distribution,Eastern Railway,CORR-006,TRAC-559477,Traction Substation Fault,Critical,34,22.4,2026-07-15
TDMS-00938,TDMS,Traction Distribution,Eastern Railway,CORR-006,TRAC-397993,Earthing Fault,Critical,13,16.5,2026-05-28
TDMS-00939,TDMS,Traction Distribution,Eastern Railway,CORR-024,TRAC-156300,Feeder Fault,Critical,50,13.6,2026-06-19
TDMS-00940,TDMS,Traction Distribution,Eastern Railway,CORR-006,TRAC-500103,Insulator Damage,Critical,38,12.2,2026-06-28
TDMS-00941,TDMS,Traction Distribution,Eastern Railway,CORR-024,TRAC-784349,Earthing Fault,Critical,19,28.0,2026-05-18
TDMS-00942,TDMS,Traction Distribution,Eastern Railway,CORR-032,TRAC-632385,Earthing Fault,Critical,58,25.0,2026-06-20
TDMS-00943,TDMS,Traction Distribution,Eastern Railway,CORR-015,TRAC-318877,Feeder Fault,Critical,22,15.3,2026-07-27
TDMS-00944,TDMS,Traction Distribution,Eastern Railway,CORR-024,TRAC-541497,Insulator Damage,Critical,25,12.2,2026-07-01
TDMS-00945,TDMS,Traction Distribution,Eastern Railway,CORR-015,TRAC-444624,Feeder Fault,Critical,16,14.1,2026-05-04
TDMS-00946,TDMS,Traction Distribution,Eastern Railway,CORR-019,TRAC-306830,Earthing Fault,Critical,41,15.1,2026-06-01
TDMS-00947,TDMS,Traction Distribution,Eastern Railway,CORR-019,TRAC-626680,Earthing Fault,Critical,12,11.3,2026-07-25
TDMS-00948,TDMS,Traction Distribution,Eastern Railway,CORR-019,TRAC-351308,Circuit Breaker Fault,Critical,31,20.7,2026-06-23
TDMS-00949,TDMS,Traction Distribution,Eastern Railway,CORR-015,TRAC-825001,Traction Substation Fault,Critical,40,20.9,2026-05-25
TDMS-00950,TDMS,Traction Distribution,Eastern Railway,CORR-032,TRAC-586303,Feeder Fault,Critical,39,24.7,2026-07-09
TDMS-00951,TDMS,Traction Distribution,Eastern Railway,CORR-015,TRAC-699561,Feeder Fault,Critical,49,16.5,2026-05-08
TDMS-00952,TDMS,Traction Distribution,Eastern Railway,CORR-006,TRAC-532654,OHE Wire Wear,Critical,37,28.8,2026-06-22
TDMS-00953,TDMS,Traction Distribution,Eastern Railway,CORR-015,TRAC-830464,Traction Substation Fault,Critical,37,17.8,2026-05-24
TDMS-00954,TDMS,Traction Distribution,Eastern Railway,CORR-015,TRAC-661480,Insulator Damage,Critical,38,28.8,2026-07-18
TDMS-00955,TDMS,Traction Distribution,Eastern Railway,CORR-015,TRAC-306464,Feeder Fault,Critical,28,26.7,2026-07-14
TDMS-00956,TDMS,Traction Distribution,Eastern Railway,CORR-032,TRAC-960443,Insulator Damage,Critical,43,13.7,2026-06-20
TDMS-00957,TDMS,Traction Distribution,Eastern Railway,CORR-015,TRAC-507153,Earthing Fault,Critical,59,27.0,2026-05-06
TDMS-00958,TDMS,Traction Distribution,Eastern Railway,CORR-015,TRAC-920496,Feeder Fault,Critical,45,11.9,2026-07-13
TDMS-00959,TDMS,Traction Distribution,Eastern Railway,CORR-006,TRAC-221772,Insulator Damage,Critical,16,15.7,2026-05-13
TDMS-00960,TDMS,Traction Distribution,Eastern Railway,CORR-032,TRAC-473391,Earthing Fault,Critical,27,19.5,2026-07-24
TDMS-00961,TDMS,Traction Distribution,Eastern Railway,CORR-006,TRAC-151148,Earthing Fault,Critical,14,14.4,2026-06-03
TDMS-00962,TDMS,Traction Distribution,Eastern Railway,CORR-015,TRAC-845137,Traction Substation Fault,Critical,13,28.4,2026-06-22
TDMS-00963,TDMS,Traction Distribution,Eastern Railway,CORR-019,TRAC-716639,Feeder Fault,Critical,31,11.6,2026-05-22
TDMS-00964,TDMS,Traction Distribution,Eastern Railway,CORR-019,TRAC-767329,Circuit Breaker Fault,Critical,28,13.8,2026-07-26
TDMS-00965,TDMS,Traction Distribution,Eastern Railway,CORR-019,TRAC-577205,Feeder Fault,Critical,49,28.0,2026-05-13
TDMS-00966,TDMS,Traction Distribution,Eastern Railway,CORR-019,TRAC-264804,Earthing Fault,Critical,24,13.7,2026-06-05
TDMS-00967,TDMS,Traction Distribution,Eastern Railway,CORR-019,TRAC-500809,Feeder Fault,Critical,21,16.1,2026-06-26
TDMS-00968,TDMS,Traction Distribution,Eastern Railway,CORR-032,TRAC-445364,Traction Substation Fault,Critical,58,18.4,2026-07-11
TDMS-00969,TDMS,Traction Distribution,Eastern Railway,CORR-019,TRAC-811384,Feeder Fault,Critical,16,20.8,2026-07-02
TDMS-00970,TDMS,Traction Distribution,Eastern Railway,CORR-019,TRAC-873080,Feeder Fault,Critical,30,14.0,2026-05-08
TDMS-00971,TDMS,Traction Distribution,Eastern Railway,CORR-006,TRAC-623852,Insulator Damage,Critical,19,12.8,2026-06-07
TDMS-00972,TDMS,Traction Distribution,Eastern Railway,CORR-015,TRAC-665772,Circuit Breaker Fault,Critical,6,16.8,2026-06-20
TDMS-00973,TDMS,Traction Distribution,Eastern Railway,CORR-006,TRAC-739379,Feeder Fault,Critical,50,23.3,2026-07-31
TDMS-00974,TDMS,Traction Distribution,Eastern Railway,CORR-015,TRAC-446566,OHE Wire Wear,Critical,28,20.0,2026-07-24
TDMS-00975,TDMS,Traction Distribution,Eastern Railway,CORR-032,TRAC-312486,Feeder Fault,Critical,53,19.6,2026-06-08
TDMS-00976,TDMS,Traction Distribution,Eastern Railway,CORR-019,TRAC-973849,Circuit Breaker Fault,Critical,38,15.3,2026-06-08
TDMS-00977,TDMS,Traction Distribution,Eastern Railway,CORR-006,TRAC-511885,OHE Wire Wear,Critical,27,17.4,2026-06-08
TDMS-00978,TDMS,Traction Distribution,Eastern Railway,CORR-006,TRAC-732106,Circuit Breaker Fault,Critical,13,28.5,2026-05-05
TDMS-00979,TDMS,Traction Distribution,Eastern Railway,CORR-019,TRAC-751819,Feeder Fault,Critical,20,29.5,2026-07-26
TDMS-00980,TDMS,Traction Distribution,Eastern Railway,CORR-019,TRAC-888294,Traction Substation Fault,Critical,23,14.8,2026-06-08
TDMS-00981,TDMS,Traction Distribution,Eastern Railway,CORR-015,TRAC-876691,Earthing Fault,Critical,22,17.2,2026-06-12
TDMS-00982,TDMS,Traction Distribution,Eastern Railway,CORR-015,TRAC-970616,Insulator Damage,Critical,51,19.1,2026-07-07
TDMS-00983,TDMS,Traction Distribution,Eastern Railway,CORR-006,TRAC-321410,Feeder Fault,Critical,25,26.4,2026-05-16
TDMS-00984,TDMS,Traction Distribution,Eastern Railway,CORR-032,TRAC-791838,Circuit Breaker Fault,Critical,36,27.1,2026-06-04
TDMS-00985,TDMS,Traction Distribution,Eastern Railway,CORR-032,TRAC-572771,Circuit Breaker Fault,Critical,22,15.5,2026-06-25
TDMS-00986,TDMS,Traction Distribution,Eastern Railway,CORR-024,TRAC-483842,OHE Wire Wear,Critical,13,26.9,2026-06-27
TDMS-00987,TDMS,Traction Distribution,Eastern Railway,CORR-006,TRAC-375821,Feeder Fault,Critical,59,19.5,2026-06-30
TDMS-00988,TDMS,Traction Distribution,Eastern Railway,CORR-032,TRAC-995435,Insulator Damage,Critical,55,22.2,2026-05-24
TDMS-00989,TDMS,Traction Distribution,Eastern Railway,CORR-024,TRAC-414894,Feeder Fault,Critical,37,20.7,2026-06-10
TDMS-00990,TDMS,Traction Distribution,Eastern Railway,CORR-019,TRAC-320734,Insulator Damage,Critical,32,12.7,2026-05-04
TDMS-00991,TDMS,Traction Distribution,Eastern Railway,CORR-006,TRAC-131175,Insulator Damage,Critical,34,22.8,2026-05-16
TDMS-00992,TDMS,Traction Distribution,Eastern Railway,CORR-015,TRAC-449063,Feeder Fault,Critical,16,23.1,2026-07-12
TDMS-00993,TDMS,Traction Distribution,Eastern Railway,CORR-015,TRAC-377673,Feeder Fault,Critical,45,18.5,2026-06-05
TDMS-00994,TDMS,Traction Distribution,Eastern Railway,CORR-032,TRAC-333559,Insulator Damage,Critical,28,26.5,2026-05-31
TDMS-00995,TDMS,Traction Distribution,Eastern Railway,CORR-019,TRAC-494041,Earthing Fault,Critical,29,14.2,2026-05-30
TDMS-00996,TDMS,Traction Distribution,Eastern Railway,CORR-015,TRAC-447954,Feeder Fault,Critical,37,26.8,2026-05-09
TDMS-00997,TDMS,Traction Distribution,Eastern Railway,CORR-019,TRAC-778206,Insulator Damage,Critical,34,29.9,2026-06-16
TDMS-00998,TDMS,Traction Distribution,Eastern Railway,CORR-015,TRAC-952865,Traction Substation Fault,Critical,18,11.1,2026-05-10
TDMS-00999,TDMS,Traction Distribution,Eastern Railway,CORR-032,TRAC-266286,Circuit Breaker Fault,Critical,40,22.1,2026-08-01
TDMS-01000,TDMS,Traction Distribution,Eastern Railway,CORR-024,TRAC-594390,Circuit Breaker Fault,Critical,16,14.3,2026-07-18
TDMS-01001,TDMS,Traction Distribution,Eastern Railway,CORR-015,TRAC-588133,Insulator Damage,Critical,21,13.3,2026-07-16
TDMS-01002,TDMS,Traction Distribution,Eastern Railway,CORR-019,TRAC-213686,Feeder Fault,Critical,29,11.5,2026-05-11
TDMS-01003,TDMS,Traction Distribution,Eastern Railway,CORR-032,TRAC-536141,OHE Wire Wear,Critical,45,28.0,2026-07-17
TDMS-01004,TDMS,Traction Distribution,Eastern Railway,CORR-006,TRAC-636356,Insulator Damage,Critical,59,21.5,2026-06-05
TDMS-01005,TDMS,Traction Distribution,Eastern Railway,CORR-006,TRAC-423356,Insulator Damage,Critical,24,29.6,2026-05-25
TDMS-01006,TDMS,Traction Distribution,Eastern Railway,CORR-006,TRAC-746428,Circuit Breaker Fault,Critical,14,23.0,2026-07-09
TDMS-01007,TDMS,Traction Distribution,Eastern Railway,CORR-015,TRAC-373052,Insulator Damage,Critical,39,28.8,2026-05-06
TDMS-01008,TDMS,Traction Distribution,Northern Railway,CORR-008,TRAC-301990,OHE Wire Wear,Low,7,3.5,2026-06-23
TDMS-01009,TDMS,Traction Distribution,Northern Railway,CORR-008,TRAC-991890,Circuit Breaker Fault,Low,-6,3.2,2026-07-03
TDMS-01010,TDMS,Traction Distribution,Northern Railway,CORR-008,TRAC-606232,Circuit Breaker Fault,Low,-12,3.9,2026-07-29
TDMS-01011,TDMS,Traction Distribution,Northern Railway,CORR-008,TRAC-797948,Feeder Fault,Low,2,3.0,2026-07-17
TDMS-01012,TDMS,Traction Distribution,Northern Railway,CORR-038,TRAC-743634,Insulator Damage,Low,4,3.5,2026-07-05
TDMS-01013,TDMS,Traction Distribution,Northern Railway,CORR-009,TRAC-749891,Circuit Breaker Fault,Low,1,3.3,2026-06-04
TDMS-01014,TDMS,Traction Distribution,Northern Railway,CORR-038,TRAC-900402,OHE Wire Wear,Low,8,2.9,2026-05-09
TDMS-01015,TDMS,Traction Distribution,Northern Railway,CORR-038,TRAC-376998,OHE Wire Wear,Low,2,5.3,2026-06-06
TDMS-01016,TDMS,Traction Distribution,Northern Railway,CORR-003,TRAC-523739,Circuit Breaker Fault,Low,-3,2.2,2026-07-30
TDMS-01017,TDMS,Traction Distribution,Northern Railway,CORR-003,TRAC-501574,Insulator Damage,Low,6,4.8,2026-05-11
TDMS-01018,TDMS,Traction Distribution,Northern Railway,CORR-008,TRAC-923737,Circuit Breaker Fault,Low,-9,5.7,2026-06-08
TDMS-01019,TDMS,Traction Distribution,Northern Railway,CORR-003,TRAC-904113,Traction Substation Fault,Low,0,5.5,2026-07-22
TDMS-01020,TDMS,Traction Distribution,Northern Railway,CORR-009,TRAC-180752,Circuit Breaker Fault,Low,6,3.5,2026-05-14
TDMS-01021,TDMS,Traction Distribution,Northern Railway,CORR-012,TRAC-411398,Circuit Breaker Fault,Low,0,4.9,2026-06-18
TDMS-01022,TDMS,Traction Distribution,Northern Railway,CORR-009,TRAC-291389,Feeder Fault,Low,-10,3.0,2026-06-13
TDMS-01023,TDMS,Traction Distribution,Northern Railway,CORR-031,TRAC-732191,Feeder Fault,Low,-5,2.8,2026-06-22
TDMS-01024,TDMS,Traction Distribution,Northern Railway,CORR-038,TRAC-587268,Traction Substation Fault,Low,-20,5.6,2026-06-08
TDMS-01025,TDMS,Traction Distribution,Northern Railway,CORR-030,TRAC-903433,Traction Substation Fault,Low,-15,4.2,2026-07-03
TDMS-01026,TDMS,Traction Distribution,Northern Railway,CORR-031,TRAC-330127,Circuit Breaker Fault,Low,2,5.7,2026-07-01
TDMS-01027,TDMS,Traction Distribution,Northern Railway,CORR-009,TRAC-159386,Traction Substation Fault,Low,-12,4.8,2026-05-12
TDMS-01028,TDMS,Traction Distribution,Northern Railway,CORR-038,TRAC-927382,Feeder Fault,Low,-16,4.2,2026-05-06
TDMS-01029,TDMS,Traction Distribution,Northern Railway,CORR-009,TRAC-872548,Earthing Fault,Low,9,2.2,2026-05-22
TDMS-01030,TDMS,Traction Distribution,Northern Railway,CORR-009,TRAC-791466,Earthing Fault,Low,6,2.9,2026-06-05
TDMS-01031,TDMS,Traction Distribution,Northern Railway,CORR-003,TRAC-112017,Insulator Damage,Low,-2,5.5,2026-07-05
TDMS-01032,TDMS,Traction Distribution,Northern Railway,CORR-007,TRAC-122171,Insulator Damage,Low,5,2.6,2026-05-23
TDMS-01033,TDMS,Traction Distribution,Northern Railway,CORR-031,TRAC-194860,Insulator Damage,Low,-17,2.1,2026-05-25
TDMS-01034,TDMS,Traction Distribution,Northern Railway,CORR-012,TRAC-408966,Feeder Fault,Low,-20,5.6,2026-05-04
TDMS-01035,TDMS,Traction Distribution,Northern Railway,CORR-031,TRAC-661885,Insulator Damage,Low,-17,4.6,2026-06-04
TDMS-01036,TDMS,Traction Distribution,Northern Railway,CORR-008,TRAC-603079,Insulator Damage,Low,0,2.1,2026-05-26
TDMS-01037,TDMS,Traction Distribution,Northern Railway,CORR-007,TRAC-646969,Feeder Fault,Low,-19,4.9,2026-06-09
TDMS-01038,TDMS,Traction Distribution,Northern Railway,CORR-031,TRAC-119078,Earthing Fault,Low,1,5.7,2026-06-29
TDMS-01039,TDMS,Traction Distribution,Northern Railway,CORR-030,TRAC-221693,Earthing Fault,Low,6,2.6,2026-05-17
TDMS-01040,TDMS,Traction Distribution,Northern Railway,CORR-009,TRAC-319639,Feeder Fault,Low,-13,5.4,2026-07-19
TDMS-01041,TDMS,Traction Distribution,Northern Railway,CORR-030,TRAC-286152,Circuit Breaker Fault,Low,1,2.6,2026-06-14
TDMS-01042,TDMS,Traction Distribution,Northern Railway,CORR-031,TRAC-330237,Circuit Breaker Fault,Low,-7,5.3,2026-06-10
TDMS-01043,TDMS,Traction Distribution,Northern Railway,CORR-009,TRAC-959693,OHE Wire Wear,Low,4,5.2,2026-05-08
TDMS-01044,TDMS,Traction Distribution,Northern Railway,CORR-012,TRAC-749595,OHE Wire Wear,Low,-13,3.7,2026-07-14
TDMS-01045,TDMS,Traction Distribution,Northern Railway,CORR-031,TRAC-291141,Insulator Damage,Low,7,4.7,2026-06-03
TDMS-01046,TDMS,Traction Distribution,Northern Railway,CORR-009,TRAC-118130,OHE Wire Wear,Low,-19,3.8,2026-06-27
TDMS-01047,TDMS,Traction Distribution,Northern Railway,CORR-038,TRAC-975153,OHE Wire Wear,Low,6,4.2,2026-06-09
TDMS-01048,TDMS,Traction Distribution,Northern Railway,CORR-008,TRAC-480084,Feeder Fault,Low,1,4.0,2026-05-06
TDMS-01049,TDMS,Traction Distribution,Northern Railway,CORR-038,TRAC-531463,Earthing Fault,Low,-14,3.6,2026-07-13
TDMS-01050,TDMS,Traction Distribution,Northern Railway,CORR-003,TRAC-646253,Traction Substation Fault,Low,3,3.5,2026-07-08
TDMS-01051,TDMS,Traction Distribution,Northern Railway,CORR-008,TRAC-285494,Circuit Breaker Fault,Low,8,4.2,2026-05-19
TDMS-01052,TDMS,Traction Distribution,Northern Railway,CORR-030,TRAC-485507,Earthing Fault,Low,-16,5.4,2026-06-06
TDMS-01053,TDMS,Traction Distribution,Northern Railway,CORR-009,TRAC-947899,Traction Substation Fault,Low,5,5.5,2026-06-03
TDMS-01054,TDMS,Traction Distribution,Northern Railway,CORR-030,TRAC-394074,Circuit Breaker Fault,Low,1,3.2,2026-06-09
TDMS-01055,TDMS,Traction Distribution,Northern Railway,CORR-009,TRAC-840601,Insulator Damage,Low,-13,5.6,2026-05-21
TDMS-01056,TDMS,Traction Distribution,Northern Railway,CORR-030,TRAC-948645,Circuit Breaker Fault,Low,-1,4.5,2026-05-09
TDMS-01057,TDMS,Traction Distribution,Northern Railway,CORR-012,TRAC-477190,OHE Wire Wear,Low,-3,2.2,2026-06-29
TDMS-01058,TDMS,Traction Distribution,Northern Railway,CORR-031,TRAC-900121,Insulator Damage,Low,-10,3.7,2026-06-10
TDMS-01059,TDMS,Traction Distribution,Northern Railway,CORR-012,TRAC-594013,Traction Substation Fault,Low,-20,3.3,2026-07-07
TDMS-01060,TDMS,Traction Distribution,Northern Railway,CORR-007,TRAC-949761,Insulator Damage,Low,2,5.8,2026-05-21
TDMS-01061,TDMS,Traction Distribution,Northern Railway,CORR-008,TRAC-248698,OHE Wire Wear,Low,8,4.6,2026-05-22
TDMS-01062,TDMS,Traction Distribution,Northern Railway,CORR-003,TRAC-961828,Insulator Damage,Low,-15,3.1,2026-05-10
TDMS-01063,TDMS,Traction Distribution,Northern Railway,CORR-012,TRAC-623377,Feeder Fault,Low,-8,5.2,2026-06-14
TDMS-01064,TDMS,Traction Distribution,Northern Railway,CORR-009,TRAC-537526,Earthing Fault,Low,-20,4.5,2026-06-24
TDMS-01065,TDMS,Traction Distribution,Northern Railway,CORR-012,TRAC-306503,Traction Substation Fault,Low,-18,3.3,2026-07-17
TDMS-01066,TDMS,Traction Distribution,Northern Railway,CORR-031,TRAC-378507,Insulator Damage,Low,-18,5.8,2026-06-27
TDMS-01067,TDMS,Traction Distribution,Northern Railway,CORR-012,TRAC-738515,Traction Substation Fault,Low,2,5.1,2026-05-26
TDMS-01068,TDMS,Traction Distribution,Northern Railway,CORR-009,TRAC-383015,Insulator Damage,Low,-20,2.3,2026-06-01
TDMS-01069,TDMS,Traction Distribution,Northern Railway,CORR-007,TRAC-384840,Traction Substation Fault,Low,7,3.3,2026-06-02
TDMS-01070,TDMS,Traction Distribution,Northern Railway,CORR-030,TRAC-187369,Feeder Fault,Low,1,3.0,2026-07-27
TDMS-01071,TDMS,Traction Distribution,Northern Railway,CORR-030,TRAC-495937,Traction Substation Fault,Low,3,3.6,2026-06-04
TDMS-01072,TDMS,Traction Distribution,Northern Railway,CORR-007,TRAC-870642,Feeder Fault,Low,-9,5.4,2026-06-11
TDMS-01073,TDMS,Traction Distribution,Northern Railway,CORR-038,TRAC-376390,OHE Wire Wear,Low,0,2.8,2026-05-06
TDMS-01074,TDMS,Traction Distribution,Northern Railway,CORR-007,TRAC-922249,Feeder Fault,Low,9,3.5,2026-06-02
TDMS-01075,TDMS,Traction Distribution,Northern Railway,CORR-003,TRAC-204856,OHE Wire Wear,Low,2,2.6,2026-07-01
TDMS-01076,TDMS,Traction Distribution,Northern Railway,CORR-007,TRAC-738239,Circuit Breaker Fault,Low,-6,3.6,2026-06-13
TDMS-01077,TDMS,Traction Distribution,Northern Railway,CORR-030,TRAC-283661,Earthing Fault,Low,1,5.5,2026-07-11
TDMS-01078,TDMS,Traction Distribution,Northern Railway,CORR-003,TRAC-670497,Earthing Fault,Low,9,4.3,2026-07-14
TDMS-01079,TDMS,Traction Distribution,Northern Railway,CORR-031,TRAC-324520,Insulator Damage,Low,-7,3.6,2026-07-13
TDMS-01080,TDMS,Traction Distribution,Northern Railway,CORR-003,TRAC-783848,Earthing Fault,Low,-16,5.7,2026-05-24
TDMS-01081,TDMS,Traction Distribution,Northern Railway,CORR-030,TRAC-627342,Traction Substation Fault,Low,-14,2.5,2026-07-28
TDMS-01082,TDMS,Traction Distribution,Northern Railway,CORR-007,TRAC-524934,Traction Substation Fault,Low,-17,5.3,2026-06-05
TDMS-01083,TDMS,Traction Distribution,Northern Railway,CORR-031,TRAC-236427,Traction Substation Fault,Low,-9,2.3,2026-05-18
TDMS-01084,TDMS,Traction Distribution,Northern Railway,CORR-007,TRAC-835515,Circuit Breaker Fault,Low,-9,5.5,2026-05-31
TDMS-01085,TDMS,Traction Distribution,Northern Railway,CORR-008,TRAC-645655,OHE Wire Wear,Low,0,3.1,2026-05-15
TDMS-01086,TDMS,Traction Distribution,Northern Railway,CORR-007,TRAC-890888,Circuit Breaker Fault,Low,4,3.7,2026-05-09
TDMS-01087,TDMS,Traction Distribution,Northern Railway,CORR-007,TRAC-641012,Feeder Fault,Low,-10,2.9,2026-06-18
TDMS-01088,TDMS,Traction Distribution,Northern Railway,CORR-012,TRAC-445358,Circuit Breaker Fault,Low,-8,5.0,2026-06-08
TDMS-01089,TDMS,Traction Distribution,Northern Railway,CORR-030,TRAC-675589,Traction Substation Fault,Low,4,4.6,2026-06-14
TDMS-01090,TDMS,Traction Distribution,Northern Railway,CORR-008,TRAC-540434,Feeder Fault,Low,8,5.6,2026-05-17
TDMS-01091,TDMS,Traction Distribution,Northern Railway,CORR-030,TRAC-132491,Insulator Damage,Low,-10,3.2,2026-07-10
TDMS-01092,TDMS,Traction Distribution,Northern Railway,CORR-003,TRAC-754558,Circuit Breaker Fault,Low,1,3.9,2026-06-23
TDMS-01093,TDMS,Traction Distribution,Northern Railway,CORR-003,TRAC-140237,Earthing Fault,Low,-10,5.2,2026-06-01
TDMS-01094,TDMS,Traction Distribution,Northern Railway,CORR-008,TRAC-828070,Traction Substation Fault,Low,7,4.4,2026-07-02
TDMS-01095,TDMS,Traction Distribution,Northern Railway,CORR-008,TRAC-891986,Earthing Fault,Low,8,3.9,2026-05-30
TDMS-01096,TDMS,Traction Distribution,Northern Railway,CORR-038,TRAC-396357,Circuit Breaker Fault,Low,-8,4.7,2026-05-20
TDMS-01097,TDMS,Traction Distribution,Northern Railway,CORR-009,TRAC-291680,Earthing Fault,Low,-17,2.0,2026-05-23
TDMS-01098,TDMS,Traction Distribution,Northern Railway,CORR-031,TRAC-979691,Insulator Damage,Low,-5,4.4,2026-07-08
TDMS-01099,TDMS,Traction Distribution,Northern Railway,CORR-012,TRAC-289173,OHE Wire Wear,Low,-12,5.3,2026-07-15
TDMS-01100,TDMS,Traction Distribution,Northern Railway,CORR-007,TRAC-952622,OHE Wire Wear,Low,-7,2.6,2026-07-30
TDMS-01101,TDMS,Traction Distribution,Northern Railway,CORR-007,TRAC-715465,Insulator Damage,Low,6,2.7,2026-07-15
TDMS-01102,TDMS,Traction Distribution,Northern Railway,CORR-031,TRAC-719532,Circuit Breaker Fault,Low,-7,2.2,2026-05-04
TDMS-01103,TDMS,Traction Distribution,Northern Railway,CORR-007,TRAC-473063,OHE Wire Wear,Low,0,4.9,2026-07-26
TDMS-01104,TDMS,Traction Distribution,Northern Railway,CORR-003,TRAC-173306,Earthing Fault,Low,-17,4.8,2026-06-24
TDMS-01105,TDMS,Traction Distribution,Northern Railway,CORR-003,TRAC-290204,Feeder Fault,Low,-19,5.9,2026-05-06
TDMS-01106,TDMS,Traction Distribution,Northern Railway,CORR-007,TRAC-967103,Traction Substation Fault,Low,-1,4.4,2026-06-12
TDMS-01107,TDMS,Traction Distribution,Northern Railway,CORR-038,TRAC-799230,Earthing Fault,Low,-3,4.8,2026-05-22
TDMS-01108,TDMS,Traction Distribution,Northern Railway,CORR-038,TRAC-690243,Feeder Fault,Low,-3,3.3,2026-06-13
TDMS-01109,TDMS,Traction Distribution,Northern Railway,CORR-012,TRAC-534358,Circuit Breaker Fault,Low,-19,2.9,2026-06-15
TDMS-01110,TDMS,Traction Distribution,Northern Railway,CORR-038,TRAC-172027,Circuit Breaker Fault,Low,4,3.5,2026-05-22
TDMS-01111,TDMS,Traction Distribution,Northern Railway,CORR-030,TRAC-508157,Earthing Fault,Low,6,2.7,2026-06-26
TDMS-01112,TDMS,Traction Distribution,Northern Railway,CORR-031,TRAC-986494,OHE Wire Wear,Low,9,4.6,2026-07-07
TDMS-01113,TDMS,Traction Distribution,Northern Railway,CORR-030,TRAC-125411,Circuit Breaker Fault,Low,-20,4.4,2026-05-07
TDMS-01114,TDMS,Traction Distribution,Northern Railway,CORR-003,TRAC-322332,Insulator Damage,Low,-3,2.4,2026-05-06
TDMS-01115,TDMS,Traction Distribution,Northern Railway,CORR-038,TRAC-340683,OHE Wire Wear,Low,-12,3.4,2026-07-26
TDMS-01116,TDMS,Traction Distribution,Northern Railway,CORR-008,TRAC-381258,Insulator Damage,Low,2,2.8,2026-06-16
TDMS-01117,TDMS,Traction Distribution,Northern Railway,CORR-038,TRAC-588255,Circuit Breaker Fault,Low,-19,4.9,2026-07-30
TDMS-01118,TDMS,Traction Distribution,Northern Railway,CORR-009,TRAC-459964,Insulator Damage,Low,4,4.1,2026-06-30
TDMS-01119,TDMS,Traction Distribution,Northern Railway,CORR-030,TRAC-341009,Insulator Damage,Low,8,4.5,2026-06-13
TDMS-01120,TDMS,Traction Distribution,Northern Railway,CORR-031,TRAC-961360,Earthing Fault,Low,-1,2.8,2026-08-01
TDMS-01121,TDMS,Traction Distribution,Northern Railway,CORR-030,TRAC-785582,Traction Substation Fault,Low,-3,3.4,2026-05-22
TDMS-01122,TDMS,Traction Distribution,Northern Railway,CORR-038,TRAC-661694,Earthing Fault,Low,-7,2.8,2026-06-29
TDMS-01123,TDMS,Traction Distribution,Northern Railway,CORR-031,TRAC-623442,OHE Wire Wear,Low,-9,2.1,2026-07-23
TDMS-01124,TDMS,Traction Distribution,Northern Railway,CORR-012,TRAC-518391,Traction Substation Fault,Low,-8,5.2,2026-07-15
TDMS-01125,TDMS,Traction Distribution,Northern Railway,CORR-012,TRAC-582804,Insulator Damage,Low,4,4.3,2026-08-01
TDMS-01126,TDMS,Traction Distribution,Northern Railway,CORR-031,TRAC-421285,Circuit Breaker Fault,Low,-3,5.9,2026-06-20
TDMS-01127,TDMS,Traction Distribution,Northern Railway,CORR-012,TRAC-283181,Insulator Damage,Low,-12,2.8,2026-07-30
TDMS-01128,TDMS,Traction Distribution,Northern Railway,CORR-030,TRAC-752172,OHE Wire Wear,Low,-20,3.6,2026-07-05
TDMS-01129,TDMS,Traction Distribution,Northern Railway,CORR-038,TRAC-590926,OHE Wire Wear,Low,-1,4.5,2026-06-27
TDMS-01130,TDMS,Traction Distribution,Northern Railway,CORR-009,TRAC-207970,OHE Wire Wear,Low,7,3.4,2026-05-13
TDMS-01131,TDMS,Traction Distribution,Northern Railway,CORR-009,TRAC-561955,Circuit Breaker Fault,Low,2,4.4,2026-06-30
TDMS-01132,TDMS,Traction Distribution,Northern Railway,CORR-030,TRAC-173666,Circuit Breaker Fault,Low,-9,6.0,2026-07-10
TDMS-01133,TDMS,Traction Distribution,Northern Railway,CORR-030,TRAC-471508,Earthing Fault,Low,4,3.8,2026-05-07
TDMS-01134,TDMS,Traction Distribution,Northern Railway,CORR-003,TRAC-752125,Feeder Fault,Low,1,3.4,2026-07-16
TDMS-01135,TDMS,Traction Distribution,Northern Railway,CORR-038,TRAC-713201,Insulator Damage,Low,-4,5.2,2026-07-12
TDMS-01136,TDMS,Traction Distribution,Northern Railway,CORR-038,TRAC-618850,Earthing Fault,Low,-3,5.7,2026-07-01
TDMS-01137,TDMS,Traction Distribution,Northern Railway,CORR-008,TRAC-569117,Circuit Breaker Fault,Low,2,3.6,2026-06-17
TDMS-01138,TDMS,Traction Distribution,Northern Railway,CORR-030,TRAC-847989,OHE Wire Wear,Low,-3,3.8,2026-07-16
TDMS-01139,TDMS,Traction Distribution,Northern Railway,CORR-030,TRAC-845151,Traction Substation Fault,Low,-14,4.4,2026-06-24
TDMS-01140,TDMS,Traction Distribution,Northern Railway,CORR-031,TRAC-568041,Insulator Damage,Low,-11,4.7,2026-05-22
TDMS-01141,TDMS,Traction Distribution,Northern Railway,CORR-003,TRAC-486839,OHE Wire Wear,Low,9,4.5,2026-07-20
TDMS-01142,TDMS,Traction Distribution,Northern Railway,CORR-009,TRAC-370239,Traction Substation Fault,Low,2,5.8,2026-05-31
TDMS-01143,TDMS,Traction Distribution,Northern Railway,CORR-030,TRAC-432968,OHE Wire Wear,Low,-15,4.1,2026-06-29
TDMS-01144,TDMS,Traction Distribution,Northern Railway,CORR-038,TRAC-295258,Insulator Damage,Low,-17,4.3,2026-07-25
TDMS-01145,TDMS,Traction Distribution,Northern Railway,CORR-012,TRAC-408315,Traction Substation Fault,Low,-13,4.5,2026-07-25
TDMS-01146,TDMS,Traction Distribution,Northern Railway,CORR-008,TRAC-726608,OHE Wire Wear,Low,-1,2.8,2026-05-18
TDMS-01147,TDMS,Traction Distribution,Northern Railway,CORR-009,TRAC-817953,Insulator Damage,Low,5,2.3,2026-06-10
TDMS-01148,TDMS,Traction Distribution,Northern Railway,CORR-012,TRAC-566022,OHE Wire Wear,Low,-1,2.3,2026-06-02
TDMS-01149,TDMS,Traction Distribution,Northern Railway,CORR-038,TRAC-204348,Circuit Breaker Fault,Low,8,2.8,2026-07-15
TDMS-01150,TDMS,Traction Distribution,Northern Railway,CORR-030,TRAC-341764,Earthing Fault,Low,7,3.5,2026-06-23
TDMS-01151,TDMS,Traction Distribution,Northern Railway,CORR-031,TRAC-883790,Insulator Damage,Low,-7,3.1,2026-07-08
TDMS-01152,TDMS,Traction Distribution,Northern Railway,CORR-012,TRAC-172093,Traction Substation Fault,Low,4,3.6,2026-05-10
TDMS-01153,TDMS,Traction Distribution,Northern Railway,CORR-007,TRAC-191159,OHE Wire Wear,Low,-5,3.1,2026-07-31
TDMS-01154,TDMS,Traction Distribution,Northern Railway,CORR-012,TRAC-752242,Circuit Breaker Fault,Low,9,6.0,2026-05-18
TDMS-01155,TDMS,Traction Distribution,Northern Railway,CORR-007,TRAC-355446,Earthing Fault,Low,-2,3.0,2026-06-22
TDMS-01156,TDMS,Traction Distribution,Northern Railway,CORR-003,TRAC-286684,Insulator Damage,Low,-19,3.3,2026-05-08
TDMS-01157,TDMS,Traction Distribution,Northern Railway,CORR-031,TRAC-287739,Insulator Damage,Low,-18,4.1,2026-05-26
TDMS-01158,TDMS,Traction Distribution,Northern Railway,CORR-003,TRAC-799229,OHE Wire Wear,Low,-11,3.0,2026-07-25
TDMS-01159,TDMS,Traction Distribution,Northern Railway,CORR-012,TRAC-659542,Feeder Fault,Low,-4,2.5,2026-07-07
TDMS-01160,TDMS,Traction Distribution,Northern Railway,CORR-038,TRAC-177368,Circuit Breaker Fault,Low,6,2.6,2026-05-17
TDMS-01161,TDMS,Traction Distribution,Northern Railway,CORR-009,TRAC-229104,Circuit Breaker Fault,Low,-19,3.9,2026-06-30
TDMS-01162,TDMS,Traction Distribution,Northern Railway,CORR-012,TRAC-881935,OHE Wire Wear,Low,-9,3.7,2026-06-15
TDMS-01163,TDMS,Traction Distribution,Northern Railway,CORR-007,TRAC-263575,Feeder Fault,Low,-11,3.4,2026-06-18
TDMS-01164,TDMS,Traction Distribution,Northern Railway,CORR-008,TRAC-207077,Insulator Damage,Low,-8,3.6,2026-07-14
TDMS-01165,TDMS,Traction Distribution,Northern Railway,CORR-009,TRAC-474972,Traction Substation Fault,Low,4,2.8,2026-07-20
TDMS-01166,TDMS,Traction Distribution,Northern Railway,CORR-008,TRAC-847920,Earthing Fault,Low,-11,5.1,2026-06-19
TDMS-01167,TDMS,Traction Distribution,Northern Railway,CORR-038,TRAC-703731,Insulator Damage,Low,1,5.4,2026-07-16
TDMS-01168,TDMS,Traction Distribution,Northern Railway,CORR-030,TRAC-137565,Earthing Fault,Low,-15,3.4,2026-07-30
TDMS-01169,TDMS,Traction Distribution,Northern Railway,CORR-003,TRAC-132348,Traction Substation Fault,Low,8,3.7,2026-06-30
TDMS-01170,TDMS,Traction Distribution,Northern Railway,CORR-003,TRAC-853327,OHE Wire Wear,Low,-3,4.8,2026-07-12
TDMS-01171,TDMS,Traction Distribution,Northern Railway,CORR-031,TRAC-176233,Earthing Fault,Low,-12,6.0,2026-05-22
TDMS-01172,TDMS,Traction Distribution,Northern Railway,CORR-012,TRAC-298307,Earthing Fault,Low,9,3.2,2026-05-07
TDMS-01173,TDMS,Traction Distribution,Northern Railway,CORR-007,TRAC-840445,Traction Substation Fault,Low,-10,4.3,2026-07-23
TDMS-01174,TDMS,Traction Distribution,Northern Railway,CORR-030,TRAC-283753,Insulator Damage,Low,-5,2.7,2026-05-19
TDMS-01175,TDMS,Traction Distribution,Northern Railway,CORR-009,TRAC-667203,Feeder Fault,Low,-15,2.5,2026-06-21
TDMS-01176,TDMS,Traction Distribution,Northern Railway,CORR-030,TRAC-243359,Circuit Breaker Fault,Low,-2,3.2,2026-05-07
TDMS-01177,TDMS,Traction Distribution,Northern Railway,CORR-031,TRAC-704160,Traction Substation Fault,Low,1,3.3,2026-06-12
TDMS-01178,TDMS,Traction Distribution,Northern Railway,CORR-003,TRAC-819212,Earthing Fault,Low,-8,3.9,2026-07-16
TDMS-01179,TDMS,Traction Distribution,Northern Railway,CORR-031,TRAC-988360,Feeder Fault,Low,-9,2.8,2026-07-13
TDMS-01180,TDMS,Traction Distribution,Northern Railway,CORR-012,TRAC-719025,Traction Substation Fault,Low,-5,4.0,2026-05-12
TDMS-01181,TDMS,Traction Distribution,Northern Railway,CORR-012,TRAC-349643,Traction Substation Fault,Low,3,5.8,2026-06-03
TDMS-01182,TDMS,Traction Distribution,Northern Railway,CORR-031,TRAC-992953,Circuit Breaker Fault,Low,2,5.0,2026-06-11
TDMS-01183,TDMS,Traction Distribution,Northern Railway,CORR-031,TRAC-155064,Feeder Fault,Low,-4,5.7,2026-05-24
TDMS-01184,TDMS,Traction Distribution,Northern Railway,CORR-031,TRAC-821315,Circuit Breaker Fault,Low,6,3.2,2026-07-14
TDMS-01185,TDMS,Traction Distribution,Northern Railway,CORR-012,TRAC-190970,Feeder Fault,Low,-14,2.3,2026-07-12
TDMS-01186,TDMS,Traction Distribution,Northern Railway,CORR-007,TRAC-687926,Earthing Fault,Low,-10,3.5,2026-06-23
TDMS-01187,TDMS,Traction Distribution,Northern Railway,CORR-012,TRAC-743658,Traction Substation Fault,Low,2,3.0,2026-05-08
TDMS-01188,TDMS,Traction Distribution,Northern Railway,CORR-009,TRAC-135947,Insulator Damage,Medium,7,9.8,2026-07-27
TDMS-01189,TDMS,Traction Distribution,Northern Railway,CORR-030,TRAC-458907,Circuit Breaker Fault,Medium,-10,8.1,2026-06-20
TDMS-01190,TDMS,Traction Distribution,Northern Railway,CORR-038,TRAC-363055,Feeder Fault,Medium,13,5.7,2026-07-06
TDMS-01191,TDMS,Traction Distribution,Northern Railway,CORR-038,TRAC-379359,OHE Wire Wear,Medium,-5,9.9,2026-06-24
TDMS-01192,TDMS,Traction Distribution,Northern Railway,CORR-038,TRAC-173797,OHE Wire Wear,Medium,-1,4.7,2026-07-07
TDMS-01193,TDMS,Traction Distribution,Northern Railway,CORR-003,TRAC-886342,Insulator Damage,Medium,0,6.3,2026-07-07
TDMS-01194,TDMS,Traction Distribution,Northern Railway,CORR-012,TRAC-499817,Traction Substation Fault,Medium,15,4.4,2026-05-29
TDMS-01195,TDMS,Traction Distribution,Northern Railway,CORR-009,TRAC-709509,OHE Wire Wear,Medium,-4,7.9,2026-06-10
TDMS-01196,TDMS,Traction Distribution,Northern Railway,CORR-038,TRAC-456051,OHE Wire Wear,Medium,-10,5.5,2026-07-09
TDMS-01197,TDMS,Traction Distribution,Northern Railway,CORR-038,TRAC-401937,Feeder Fault,Medium,-5,8.5,2026-08-01
TDMS-01198,TDMS,Traction Distribution,Northern Railway,CORR-038,TRAC-778561,Insulator Damage,Medium,5,4.7,2026-06-07
TDMS-01199,TDMS,Traction Distribution,Northern Railway,CORR-038,TRAC-883897,Earthing Fault,Medium,14,9.3,2026-07-02
TDMS-01200,TDMS,Traction Distribution,Northern Railway,CORR-007,TRAC-259773,Earthing Fault,Medium,19,7.3,2026-06-13
TDMS-01201,TDMS,Traction Distribution,Northern Railway,CORR-003,TRAC-844122,Traction Substation Fault,Medium,-10,5.8,2026-06-12
TDMS-01202,TDMS,Traction Distribution,Northern Railway,CORR-009,TRAC-466211,Earthing Fault,Medium,15,4.9,2026-05-31
TDMS-01203,TDMS,Traction Distribution,Northern Railway,CORR-012,TRAC-527790,OHE Wire Wear,Medium,17,5.7,2026-07-01
TDMS-01204,TDMS,Traction Distribution,Northern Railway,CORR-038,TRAC-326863,Feeder Fault,Medium,0,7.7,2026-05-09
TDMS-01205,TDMS,Traction Distribution,Northern Railway,CORR-031,TRAC-793634,OHE Wire Wear,Medium,3,7.1,2026-06-27
TDMS-01206,TDMS,Traction Distribution,Northern Railway,CORR-003,TRAC-731267,Traction Substation Fault,Medium,-3,8.8,2026-06-23
TDMS-01207,TDMS,Traction Distribution,Northern Railway,CORR-007,TRAC-547491,Feeder Fault,Medium,10,7.3,2026-05-28
TDMS-01208,TDMS,Traction Distribution,Northern Railway,CORR-038,TRAC-237302,Earthing Fault,Medium,3,5.6,2026-06-22
TDMS-01209,TDMS,Traction Distribution,Northern Railway,CORR-012,TRAC-857306,Feeder Fault,Medium,2,7.2,2026-07-03
TDMS-01210,TDMS,Traction Distribution,Northern Railway,CORR-031,TRAC-368802,Earthing Fault,Medium,13,6.1,2026-06-23
TDMS-01211,TDMS,Traction Distribution,Northern Railway,CORR-031,TRAC-828206,Insulator Damage,Medium,6,4.6,2026-05-23
TDMS-01212,TDMS,Traction Distribution,Northern Railway,CORR-030,TRAC-969967,Feeder Fault,Medium,14,4.5,2026-07-13
TDMS-01213,TDMS,Traction Distribution,Northern Railway,CORR-007,TRAC-851967,Traction Substation Fault,Medium,-6,9.1,2026-05-27
TDMS-01214,TDMS,Traction Distribution,Northern Railway,CORR-008,TRAC-578107,Feeder Fault,Medium,0,6.3,2026-07-28
TDMS-01215,TDMS,Traction Distribution,Northern Railway,CORR-030,TRAC-551584,OHE Wire Wear,Medium,3,7.9,2026-08-01
TDMS-01216,TDMS,Traction Distribution,Northern Railway,CORR-031,TRAC-970847,Earthing Fault,Medium,9,7.3,2026-05-06
TDMS-01217,TDMS,Traction Distribution,Northern Railway,CORR-007,TRAC-541285,OHE Wire Wear,Medium,0,8.9,2026-07-08
TDMS-01218,TDMS,Traction Distribution,Northern Railway,CORR-031,TRAC-526816,Circuit Breaker Fault,Medium,11,9.7,2026-07-26
TDMS-01219,TDMS,Traction Distribution,Northern Railway,CORR-038,TRAC-393925,Feeder Fault,Medium,-9,9.4,2026-06-25
TDMS-01220,TDMS,Traction Distribution,Northern Railway,CORR-030,TRAC-616809,Insulator Damage,Medium,-6,9.8,2026-06-09
TDMS-01221,TDMS,Traction Distribution,Northern Railway,CORR-008,TRAC-338380,OHE Wire Wear,Medium,-3,9.2,2026-06-14
TDMS-01222,TDMS,Traction Distribution,Northern Railway,CORR-030,TRAC-500236,Traction Substation Fault,Medium,-6,8.0,2026-05-24
TDMS-01223,TDMS,Traction Distribution,Northern Railway,CORR-031,TRAC-797150,Circuit Breaker Fault,Medium,19,5.6,2026-06-23
TDMS-01224,TDMS,Traction Distribution,Northern Railway,CORR-030,TRAC-194231,Insulator Damage,Medium,-7,5.4,2026-07-01
TDMS-01225,TDMS,Traction Distribution,Northern Railway,CORR-008,TRAC-753040,Circuit Breaker Fault,Medium,19,8.9,2026-07-29
TDMS-01226,TDMS,Traction Distribution,Northern Railway,CORR-031,TRAC-417685,Circuit Breaker Fault,Medium,16,9.5,2026-06-07
TDMS-01227,TDMS,Traction Distribution,Northern Railway,CORR-009,TRAC-736195,Earthing Fault,Medium,19,6.8,2026-05-23
TDMS-01228,TDMS,Traction Distribution,Northern Railway,CORR-008,TRAC-777760,Circuit Breaker Fault,Medium,14,9.7,2026-06-25
TDMS-01229,TDMS,Traction Distribution,Northern Railway,CORR-007,TRAC-998365,Earthing Fault,Medium,15,7.9,2026-07-24
TDMS-01230,TDMS,Traction Distribution,Northern Railway,CORR-009,TRAC-260000,Traction Substation Fault,Medium,19,8.6,2026-06-26
TDMS-01231,TDMS,Traction Distribution,Northern Railway,CORR-030,TRAC-925101,Traction Substation Fault,Medium,13,6.5,2026-05-09
TDMS-01232,TDMS,Traction Distribution,Northern Railway,CORR-003,TRAC-588191,Feeder Fault,Medium,-10,9.3,2026-06-01
TDMS-01233,TDMS,Traction Distribution,Northern Railway,CORR-031,TRAC-509757,Earthing Fault,Medium,-1,7.3,2026-05-25
TDMS-01234,TDMS,Traction Distribution,Northern Railway,CORR-009,TRAC-792654,Traction Substation Fault,Medium,-2,4.8,2026-06-22
TDMS-01235,TDMS,Traction Distribution,Northern Railway,CORR-012,TRAC-619330,OHE Wire Wear,Medium,16,6.3,2026-05-22
TDMS-01236,TDMS,Traction Distribution,Northern Railway,CORR-031,TRAC-650734,Earthing Fault,Medium,1,7.3,2026-05-12
TDMS-01237,TDMS,Traction Distribution,Northern Railway,CORR-008,TRAC-802439,Feeder Fault,Medium,-6,4.7,2026-07-02
TDMS-01238,TDMS,Traction Distribution,Northern Railway,CORR-009,TRAC-545352,Insulator Damage,Medium,8,4.4,2026-07-25
TDMS-01239,TDMS,Traction Distribution,Northern Railway,CORR-038,TRAC-910892,Circuit Breaker Fault,Medium,18,9.8,2026-06-04
TDMS-01240,TDMS,Traction Distribution,Northern Railway,CORR-007,TRAC-104098,Traction Substation Fault,Medium,18,4.5,2026-05-07
TDMS-01241,TDMS,Traction Distribution,Northern Railway,CORR-007,TRAC-553868,Circuit Breaker Fault,Medium,-7,5.7,2026-06-12
TDMS-01242,TDMS,Traction Distribution,Northern Railway,CORR-038,TRAC-983107,Feeder Fault,Medium,15,8.1,2026-07-13
TDMS-01243,TDMS,Traction Distribution,Northern Railway,CORR-030,TRAC-566461,Traction Substation Fault,Medium,6,6.4,2026-07-24
TDMS-01244,TDMS,Traction Distribution,Northern Railway,CORR-012,TRAC-391289,OHE Wire Wear,Medium,13,8.3,2026-07-19
TDMS-01245,TDMS,Traction Distribution,Northern Railway,CORR-009,TRAC-151487,Circuit Breaker Fault,Medium,16,5.3,2026-05-12
TDMS-01246,TDMS,Traction Distribution,Northern Railway,CORR-008,TRAC-620427,Circuit Breaker Fault,Medium,7,9.1,2026-05-16
TDMS-01247,TDMS,Traction Distribution,Northern Railway,CORR-031,TRAC-275297,Earthing Fault,Medium,15,5.7,2026-05-11
TDMS-01248,TDMS,Traction Distribution,Northern Railway,CORR-031,TRAC-578327,Earthing Fault,Medium,13,5.4,2026-06-19
TDMS-01249,TDMS,Traction Distribution,Northern Railway,CORR-030,TRAC-747935,Insulator Damage,Medium,-5,8.0,2026-07-14
TDMS-01250,TDMS,Traction Distribution,Northern Railway,CORR-031,TRAC-929804,Circuit Breaker Fault,Medium,-8,8.9,2026-05-27
TDMS-01251,TDMS,Traction Distribution,Northern Railway,CORR-030,TRAC-882782,Insulator Damage,Medium,19,5.5,2026-06-15
TDMS-01252,TDMS,Traction Distribution,Northern Railway,CORR-030,TRAC-897627,Insulator Damage,Medium,3,8.3,2026-07-27
TDMS-01253,TDMS,Traction Distribution,Northern Railway,CORR-038,TRAC-297155,Insulator Damage,Medium,3,5.3,2026-06-11
TDMS-01254,TDMS,Traction Distribution,Northern Railway,CORR-030,TRAC-143189,Feeder Fault,Medium,19,9.4,2026-06-08
TDMS-01255,TDMS,Traction Distribution,Northern Railway,CORR-038,TRAC-427355,OHE Wire Wear,Medium,-1,4.0,2026-05-18
TDMS-01256,TDMS,Traction Distribution,Northern Railway,CORR-008,TRAC-665164,Insulator Damage,Medium,-2,5.8,2026-05-24
TDMS-01257,TDMS,Traction Distribution,Northern Railway,CORR-031,TRAC-966373,OHE Wire Wear,Medium,19,9.7,2026-07-18
TDMS-01258,TDMS,Traction Distribution,Northern Railway,CORR-038,TRAC-399905,Feeder Fault,Medium,-3,7.1,2026-05-22
TDMS-01259,TDMS,Traction Distribution,Northern Railway,CORR-008,TRAC-672980,Traction Substation Fault,Medium,2,6.3,2026-06-28
TDMS-01260,TDMS,Traction Distribution,Northern Railway,CORR-012,TRAC-124015,Feeder Fault,Medium,-7,7.2,2026-07-24
TDMS-01261,TDMS,Traction Distribution,Northern Railway,CORR-038,TRAC-283220,Insulator Damage,Medium,12,4.7,2026-06-01
TDMS-01262,TDMS,Traction Distribution,Northern Railway,CORR-008,TRAC-787649,OHE Wire Wear,Medium,2,9.5,2026-05-24
TDMS-01263,TDMS,Traction Distribution,Northern Railway,CORR-003,TRAC-177984,Traction Substation Fault,Medium,2,5.1,2026-06-13
TDMS-01264,TDMS,Traction Distribution,Northern Railway,CORR-012,TRAC-417199,Circuit Breaker Fault,Medium,-8,7.7,2026-07-07
TDMS-01265,TDMS,Traction Distribution,Northern Railway,CORR-008,TRAC-550188,Feeder Fault,Medium,19,9.2,2026-05-09
TDMS-01266,TDMS,Traction Distribution,Northern Railway,CORR-007,TRAC-722979,Traction Substation Fault,Medium,11,6.2,2026-07-05
TDMS-01267,TDMS,Traction Distribution,Northern Railway,CORR-009,TRAC-876487,Earthing Fault,Medium,1,8.0,2026-07-04
TDMS-01268,TDMS,Traction Distribution,Northern Railway,CORR-030,TRAC-269491,Circuit Breaker Fault,Medium,11,9.9,2026-05-06
TDMS-01269,TDMS,Traction Distribution,Northern Railway,CORR-003,TRAC-999960,Circuit Breaker Fault,Medium,18,8.5,2026-07-07
TDMS-01270,TDMS,Traction Distribution,Northern Railway,CORR-007,TRAC-236742,Earthing Fault,Medium,-9,5.0,2026-07-23
TDMS-01271,TDMS,Traction Distribution,Northern Railway,CORR-003,TRAC-689832,Earthing Fault,Medium,-4,8.6,2026-05-23
TDMS-01272,TDMS,Traction Distribution,Northern Railway,CORR-012,TRAC-208238,Earthing Fault,Medium,1,7.4,2026-06-29
TDMS-01273,TDMS,Traction Distribution,Northern Railway,CORR-007,TRAC-805223,Circuit Breaker Fault,Medium,2,6.9,2026-06-09
TDMS-01274,TDMS,Traction Distribution,Northern Railway,CORR-009,TRAC-534978,Circuit Breaker Fault,Medium,6,8.4,2026-05-21
TDMS-01275,TDMS,Traction Distribution,Northern Railway,CORR-038,TRAC-911848,Traction Substation Fault,Medium,18,6.0,2026-07-31
TDMS-01276,TDMS,Traction Distribution,Northern Railway,CORR-009,TRAC-427907,OHE Wire Wear,Medium,-3,4.8,2026-05-31
TDMS-01277,TDMS,Traction Distribution,Northern Railway,CORR-009,TRAC-513266,Traction Substation Fault,Medium,7,6.6,2026-05-09
TDMS-01278,TDMS,Traction Distribution,Northern Railway,CORR-008,TRAC-653799,Earthing Fault,Medium,-4,6.8,2026-05-29
TDMS-01279,TDMS,Traction Distribution,Northern Railway,CORR-007,TRAC-435799,OHE Wire Wear,Medium,-9,9.1,2026-07-22
TDMS-01280,TDMS,Traction Distribution,Northern Railway,CORR-012,TRAC-904054,OHE Wire Wear,Medium,8,5.0,2026-05-19
TDMS-01281,TDMS,Traction Distribution,Northern Railway,CORR-009,TRAC-452985,Feeder Fault,Medium,13,4.6,2026-05-25
TDMS-01282,TDMS,Traction Distribution,Northern Railway,CORR-008,TRAC-824202,OHE Wire Wear,Medium,-2,5.6,2026-06-20
TDMS-01283,TDMS,Traction Distribution,Northern Railway,CORR-007,TRAC-372103,Feeder Fault,Medium,-4,6.1,2026-07-08
TDMS-01284,TDMS,Traction Distribution,Northern Railway,CORR-030,TRAC-438636,OHE Wire Wear,Medium,6,4.3,2026-05-12
TDMS-01285,TDMS,Traction Distribution,Northern Railway,CORR-038,TRAC-645956,Insulator Damage,Medium,0,5.1,2026-05-24
TDMS-01286,TDMS,Traction Distribution,Northern Railway,CORR-030,TRAC-421373,Circuit Breaker Fault,Medium,16,8.5,2026-07-01
TDMS-01287,TDMS,Traction Distribution,Northern Railway,CORR-009,TRAC-573282,Insulator Damage,Medium,11,5.2,2026-05-07
TDMS-01288,TDMS,Traction Distribution,Northern Railway,CORR-030,TRAC-442879,Earthing Fault,Medium,3,6.9,2026-05-25
TDMS-01289,TDMS,Traction Distribution,Northern Railway,CORR-008,TRAC-368452,Feeder Fault,Medium,13,9.1,2026-07-24
TDMS-01290,TDMS,Traction Distribution,Northern Railway,CORR-038,TRAC-200684,Earthing Fault,Medium,-6,5.7,2026-06-27
TDMS-01291,TDMS,Traction Distribution,Northern Railway,CORR-009,TRAC-682594,Insulator Damage,Medium,0,4.0,2026-07-03
TDMS-01292,TDMS,Traction Distribution,Northern Railway,CORR-008,TRAC-444215,OHE Wire Wear,Medium,-8,6.0,2026-07-10
TDMS-01293,TDMS,Traction Distribution,Northern Railway,CORR-030,TRAC-182682,Feeder Fault,Medium,-7,5.7,2026-06-14
TDMS-01294,TDMS,Traction Distribution,Northern Railway,CORR-038,TRAC-824665,Insulator Damage,Medium,4,6.5,2026-07-17
TDMS-01295,TDMS,Traction Distribution,Northern Railway,CORR-009,TRAC-519370,Earthing Fault,Medium,11,5.2,2026-07-22
TDMS-01296,TDMS,Traction Distribution,Northern Railway,CORR-009,TRAC-832058,Traction Substation Fault,Medium,-3,5.0,2026-06-30
TDMS-01297,TDMS,Traction Distribution,Northern Railway,CORR-007,TRAC-487123,Earthing Fault,Medium,14,8.5,2026-05-17
TDMS-01298,TDMS,Traction Distribution,Northern Railway,CORR-038,TRAC-296610,OHE Wire Wear,Medium,-1,4.3,2026-07-18
TDMS-01299,TDMS,Traction Distribution,Northern Railway,CORR-008,TRAC-937766,Insulator Damage,Medium,15,9.1,2026-06-15
TDMS-01300,TDMS,Traction Distribution,Northern Railway,CORR-031,TRAC-465805,Insulator Damage,Medium,-6,8.5,2026-06-30
TDMS-01301,TDMS,Traction Distribution,Northern Railway,CORR-012,TRAC-695842,Feeder Fault,Medium,-10,6.0,2026-05-06
TDMS-01302,TDMS,Traction Distribution,Northern Railway,CORR-031,TRAC-955761,Feeder Fault,Medium,19,6.9,2026-07-16
TDMS-01303,TDMS,Traction Distribution,Northern Railway,CORR-012,TRAC-139761,Circuit Breaker Fault,Medium,0,4.2,2026-06-14
TDMS-01304,TDMS,Traction Distribution,Northern Railway,CORR-012,TRAC-848553,Circuit Breaker Fault,Medium,-4,8.5,2026-06-21
TDMS-01305,TDMS,Traction Distribution,Northern Railway,CORR-008,TRAC-240117,Earthing Fault,Medium,-2,9.8,2026-05-23
TDMS-01306,TDMS,Traction Distribution,Northern Railway,CORR-009,TRAC-196747,OHE Wire Wear,Medium,3,9.1,2026-07-19
TDMS-01307,TDMS,Traction Distribution,Northern Railway,CORR-012,TRAC-952239,Traction Substation Fault,Medium,-7,6.0,2026-05-19
TDMS-01308,TDMS,Traction Distribution,Northern Railway,CORR-007,TRAC-952303,Circuit Breaker Fault,Medium,12,6.6,2026-05-17
TDMS-01309,TDMS,Traction Distribution,Northern Railway,CORR-031,TRAC-153833,Traction Substation Fault,Medium,2,9.0,2026-07-13
TDMS-01310,TDMS,Traction Distribution,Northern Railway,CORR-030,TRAC-156064,OHE Wire Wear,Medium,-4,6.1,2026-05-28
TDMS-01311,TDMS,Traction Distribution,Northern Railway,CORR-003,TRAC-416605,Insulator Damage,Medium,11,5.7,2026-06-02
TDMS-01312,TDMS,Traction Distribution,Northern Railway,CORR-038,TRAC-519983,Feeder Fault,Medium,-9,9.0,2026-07-08
TDMS-01313,TDMS,Traction Distribution,Northern Railway,CORR-031,TRAC-533172,Circuit Breaker Fault,Medium,-3,7.1,2026-07-02
TDMS-01314,TDMS,Traction Distribution,Northern Railway,CORR-007,TRAC-350948,Insulator Damage,Medium,-6,5.1,2026-05-31
TDMS-01315,TDMS,Traction Distribution,Northern Railway,CORR-008,TRAC-223429,Insulator Damage,Medium,-3,9.8,2026-06-03
TDMS-01316,TDMS,Traction Distribution,Northern Railway,CORR-009,TRAC-549915,Traction Substation Fault,Medium,2,6.4,2026-06-17
TDMS-01317,TDMS,Traction Distribution,Northern Railway,CORR-031,TRAC-581770,Earthing Fault,Medium,14,4.4,2026-07-09
TDMS-01318,TDMS,Traction Distribution,Northern Railway,CORR-038,TRAC-334133,OHE Wire Wear,Medium,13,7.3,2026-07-14
TDMS-01319,TDMS,Traction Distribution,Northern Railway,CORR-007,TRAC-272347,Insulator Damage,High,9,7.9,2026-07-29
TDMS-01320,TDMS,Traction Distribution,Northern Railway,CORR-003,TRAC-391510,OHE Wire Wear,High,28,7.9,2026-07-06
TDMS-01321,TDMS,Traction Distribution,Northern Railway,CORR-008,TRAC-676506,Traction Substation Fault,High,9,11.5,2026-06-01
TDMS-01322,TDMS,Traction Distribution,Northern Railway,CORR-030,TRAC-790694,Insulator Damage,High,0,10.1,2026-07-04
TDMS-01323,TDMS,Traction Distribution,Northern Railway,CORR-031,TRAC-935890,Earthing Fault,High,0,6.6,2026-05-13
TDMS-01324,TDMS,Traction Distribution,Northern Railway,CORR-008,TRAC-135956,Earthing Fault,High,17,9.4,2026-06-05
TDMS-01325,TDMS,Traction Distribution,Northern Railway,CORR-008,TRAC-238886,Insulator Damage,High,16,10.8,2026-07-11
TDMS-01326,TDMS,Traction Distribution,Northern Railway,CORR-012,TRAC-702595,Circuit Breaker Fault,High,31,14.6,2026-06-09
TDMS-01327,TDMS,Traction Distribution,Northern Railway,CORR-030,TRAC-342181,Circuit Breaker Fault,High,18,12.4,2026-07-25
TDMS-01328,TDMS,Traction Distribution,Northern Railway,CORR-007,TRAC-817650,Insulator Damage,High,6,7.6,2026-05-16
TDMS-01329,TDMS,Traction Distribution,Northern Railway,CORR-009,TRAC-765564,Circuit Breaker Fault,High,24,14.6,2026-06-01
TDMS-01330,TDMS,Traction Distribution,Northern Railway,CORR-009,TRAC-566177,Insulator Damage,High,1,14.7,2026-07-23
TDMS-01331,TDMS,Traction Distribution,Northern Railway,CORR-003,TRAC-188113,Earthing Fault,High,2,11.1,2026-05-25
TDMS-01332,TDMS,Traction Distribution,Northern Railway,CORR-012,TRAC-216944,Circuit Breaker Fault,High,25,15.9,2026-06-30
TDMS-01333,TDMS,Traction Distribution,Northern Railway,CORR-007,TRAC-545404,OHE Wire Wear,High,24,6.3,2026-06-05
TDMS-01334,TDMS,Traction Distribution,Northern Railway,CORR-009,TRAC-995045,Feeder Fault,High,22,9.1,2026-06-25
TDMS-01335,TDMS,Traction Distribution,Northern Railway,CORR-009,TRAC-535178,OHE Wire Wear,High,26,14.4,2026-07-26
TDMS-01336,TDMS,Traction Distribution,Northern Railway,CORR-009,TRAC-912546,Feeder Fault,High,28,10.4,2026-07-10
TDMS-01337,TDMS,Traction Distribution,Northern Railway,CORR-038,TRAC-380263,Earthing Fault,High,10,10.8,2026-06-24
TDMS-01338,TDMS,Traction Distribution,Northern Railway,CORR-030,TRAC-947055,OHE Wire Wear,High,24,11.4,2026-07-21
TDMS-01339,TDMS,Traction Distribution,Northern Railway,CORR-038,TRAC-780359,OHE Wire Wear,High,5,9.5,2026-07-24
TDMS-01340,TDMS,Traction Distribution,Northern Railway,CORR-003,TRAC-695823,Feeder Fault,High,6,13.2,2026-05-17
TDMS-01341,TDMS,Traction Distribution,Northern Railway,CORR-008,TRAC-419666,Insulator Damage,High,13,14.6,2026-06-14
TDMS-01342,TDMS,Traction Distribution,Northern Railway,CORR-009,TRAC-698439,OHE Wire Wear,High,23,13.6,2026-07-31
TDMS-01343,TDMS,Traction Distribution,Northern Railway,CORR-003,TRAC-430801,Insulator Damage,High,34,6.5,2026-07-19
TDMS-01344,TDMS,Traction Distribution,Northern Railway,CORR-003,TRAC-354267,Insulator Damage,High,34,8.6,2026-06-25
TDMS-01345,TDMS,Traction Distribution,Northern Railway,CORR-030,TRAC-486800,Insulator Damage,High,4,11.7,2026-05-05
TDMS-01346,TDMS,Traction Distribution,Northern Railway,CORR-003,TRAC-165315,OHE Wire Wear,High,27,10.1,2026-05-25
TDMS-01347,TDMS,Traction Distribution,Northern Railway,CORR-003,TRAC-811548,Traction Substation Fault,High,19,11.5,2026-05-28
TDMS-01348,TDMS,Traction Distribution,Northern Railway,CORR-008,TRAC-648107,Circuit Breaker Fault,High,29,6.8,2026-05-20
TDMS-01349,TDMS,Traction Distribution,Northern Railway,CORR-038,TRAC-462435,Circuit Breaker Fault,High,8,13.6,2026-07-12
TDMS-01350,TDMS,Traction Distribution,Northern Railway,CORR-008,TRAC-872955,Earthing Fault,High,31,6.2,2026-07-02
TDMS-01351,TDMS,Traction Distribution,Northern Railway,CORR-009,TRAC-434473,Feeder Fault,High,25,7.1,2026-05-18
TDMS-01352,TDMS,Traction Distribution,Northern Railway,CORR-012,TRAC-413383,Insulator Damage,High,6,10.2,2026-06-09
TDMS-01353,TDMS,Traction Distribution,Northern Railway,CORR-038,TRAC-161500,Circuit Breaker Fault,High,5,8.6,2026-07-03
TDMS-01354,TDMS,Traction Distribution,Northern Railway,CORR-031,TRAC-775887,Feeder Fault,High,9,15.4,2026-06-15
TDMS-01355,TDMS,Traction Distribution,Northern Railway,CORR-008,TRAC-847894,Feeder Fault,High,2,9.4,2026-05-08
TDMS-01356,TDMS,Traction Distribution,Northern Railway,CORR-003,TRAC-344948,OHE Wire Wear,High,18,7.5,2026-07-24
TDMS-01357,TDMS,Traction Distribution,Northern Railway,CORR-038,TRAC-844235,Circuit Breaker Fault,High,15,6.2,2026-06-20
TDMS-01358,TDMS,Traction Distribution,Northern Railway,CORR-030,TRAC-706942,Earthing Fault,High,4,6.5,2026-06-20
TDMS-01359,TDMS,Traction Distribution,Northern Railway,CORR-003,TRAC-763147,Earthing Fault,High,15,11.8,2026-07-14
TDMS-01360,TDMS,Traction Distribution,Northern Railway,CORR-012,TRAC-348381,Insulator Damage,High,20,11.2,2026-06-23
TDMS-01361,TDMS,Traction Distribution,Northern Railway,CORR-030,TRAC-397444,Feeder Fault,High,4,12.3,2026-06-11
TDMS-01362,TDMS,Traction Distribution,Northern Railway,CORR-038,TRAC-216183,OHE Wire Wear,High,28,6.5,2026-06-27
TDMS-01363,TDMS,Traction Distribution,Northern Railway,CORR-008,TRAC-706852,Traction Substation Fault,High,7,7.4,2026-05-31
TDMS-01364,TDMS,Traction Distribution,Northern Railway,CORR-007,TRAC-569028,Feeder Fault,High,16,13.7,2026-07-09
TDMS-01365,TDMS,Traction Distribution,Northern Railway,CORR-003,TRAC-709960,Traction Substation Fault,High,23,10.3,2026-05-13
TDMS-01366,TDMS,Traction Distribution,Northern Railway,CORR-008,TRAC-725855,Feeder Fault,High,22,14.5,2026-06-05
TDMS-01367,TDMS,Traction Distribution,Northern Railway,CORR-007,TRAC-691119,Circuit Breaker Fault,High,23,8.6,2026-07-07
TDMS-01368,TDMS,Traction Distribution,Northern Railway,CORR-003,TRAC-404135,Circuit Breaker Fault,High,10,8.6,2026-07-23
TDMS-01369,TDMS,Traction Distribution,Northern Railway,CORR-003,TRAC-549353,Insulator Damage,High,1,13.5,2026-06-26
TDMS-01370,TDMS,Traction Distribution,Northern Railway,CORR-012,TRAC-826025,OHE Wire Wear,High,7,10.2,2026-07-12
TDMS-01371,TDMS,Traction Distribution,Northern Railway,CORR-012,TRAC-559466,Earthing Fault,High,11,14.7,2026-06-02
TDMS-01372,TDMS,Traction Distribution,Northern Railway,CORR-012,TRAC-357174,Circuit Breaker Fault,High,18,7.7,2026-05-13
TDMS-01373,TDMS,Traction Distribution,Northern Railway,CORR-031,TRAC-135211,Circuit Breaker Fault,High,19,14.0,2026-06-12
TDMS-01374,TDMS,Traction Distribution,Northern Railway,CORR-003,TRAC-449207,Traction Substation Fault,High,7,13.3,2026-05-09
TDMS-01375,TDMS,Traction Distribution,Northern Railway,CORR-030,TRAC-973934,Earthing Fault,High,13,15.7,2026-06-30
TDMS-01376,TDMS,Traction Distribution,Northern Railway,CORR-012,TRAC-960339,Circuit Breaker Fault,High,22,16.0,2026-06-07
TDMS-01377,TDMS,Traction Distribution,Northern Railway,CORR-008,TRAC-817076,Insulator Damage,High,13,6.3,2026-07-19
TDMS-01378,TDMS,Traction Distribution,Northern Railway,CORR-012,TRAC-124856,Feeder Fault,High,16,14.4,2026-07-07
TDMS-01379,TDMS,Traction Distribution,Northern Railway,CORR-038,TRAC-443183,Feeder Fault,High,29,6.0,2026-06-26
TDMS-01380,TDMS,Traction Distribution,Northern Railway,CORR-012,TRAC-701910,Feeder Fault,High,8,15.0,2026-07-21
TDMS-01381,TDMS,Traction Distribution,Northern Railway,CORR-008,TRAC-631338,Feeder Fault,High,8,15.9,2026-05-22
TDMS-01382,TDMS,Traction Distribution,Northern Railway,CORR-007,TRAC-243884,Earthing Fault,High,27,10.0,2026-07-18
TDMS-01383,TDMS,Traction Distribution,Northern Railway,CORR-003,TRAC-471786,Circuit Breaker Fault,High,2,7.8,2026-05-25
TDMS-01384,TDMS,Traction Distribution,Northern Railway,CORR-008,TRAC-858679,OHE Wire Wear,High,30,14.7,2026-05-16
TDMS-01385,TDMS,Traction Distribution,Northern Railway,CORR-007,TRAC-261014,Feeder Fault,High,33,15.6,2026-07-18
TDMS-01386,TDMS,Traction Distribution,Northern Railway,CORR-007,TRAC-148125,Circuit Breaker Fault,High,26,9.7,2026-05-19
TDMS-01387,TDMS,Traction Distribution,Northern Railway,CORR-009,TRAC-925725,Insulator Damage,High,22,11.2,2026-05-23
TDMS-01388,TDMS,Traction Distribution,Northern Railway,CORR-031,TRAC-600698,Earthing Fault,High,26,6.7,2026-07-30
TDMS-01389,TDMS,Traction Distribution,Northern Railway,CORR-003,TRAC-422202,Circuit Breaker Fault,High,11,13.7,2026-06-05
TDMS-01390,TDMS,Traction Distribution,Northern Railway,CORR-008,TRAC-692551,Earthing Fault,High,24,6.8,2026-05-13
TDMS-01391,TDMS,Traction Distribution,Northern Railway,CORR-038,TRAC-891816,Feeder Fault,High,16,12.2,2026-05-25
TDMS-01392,TDMS,Traction Distribution,Northern Railway,CORR-038,TRAC-433682,OHE Wire Wear,High,24,7.6,2026-05-16
TDMS-01393,TDMS,Traction Distribution,Northern Railway,CORR-008,TRAC-669335,Earthing Fault,High,28,14.2,2026-06-25
TDMS-01394,TDMS,Traction Distribution,Northern Railway,CORR-038,TRAC-285930,OHE Wire Wear,High,23,8.1,2026-06-27
TDMS-01395,TDMS,Traction Distribution,Northern Railway,CORR-012,TRAC-233003,Traction Substation Fault,High,14,15.6,2026-05-19
TDMS-01396,TDMS,Traction Distribution,Northern Railway,CORR-008,TRAC-279848,Earthing Fault,High,32,15.6,2026-07-09
TDMS-01397,TDMS,Traction Distribution,Northern Railway,CORR-008,TRAC-687366,Circuit Breaker Fault,High,30,14.5,2026-06-11
TDMS-01398,TDMS,Traction Distribution,Northern Railway,CORR-003,TRAC-968207,Circuit Breaker Fault,High,3,11.6,2026-07-20
TDMS-01399,TDMS,Traction Distribution,Northern Railway,CORR-031,TRAC-287707,Feeder Fault,High,26,10.5,2026-07-28
TDMS-01400,TDMS,Traction Distribution,Northern Railway,CORR-012,TRAC-330657,OHE Wire Wear,High,11,14.8,2026-05-16
TDMS-01401,TDMS,Traction Distribution,Northern Railway,CORR-030,TRAC-500272,Feeder Fault,High,30,7.3,2026-05-29
TDMS-01402,TDMS,Traction Distribution,Northern Railway,CORR-008,TRAC-115962,Traction Substation Fault,High,25,16.0,2026-05-25
TDMS-01403,TDMS,Traction Distribution,Northern Railway,CORR-012,TRAC-256360,OHE Wire Wear,High,28,11.3,2026-07-16
TDMS-01404,TDMS,Traction Distribution,Northern Railway,CORR-031,TRAC-730864,Insulator Damage,High,24,14.3,2026-07-14
TDMS-01405,TDMS,Traction Distribution,Northern Railway,CORR-007,TRAC-445579,OHE Wire Wear,High,23,13.8,2026-05-27
TDMS-01406,TDMS,Traction Distribution,Northern Railway,CORR-008,TRAC-889877,Traction Substation Fault,High,2,11.2,2026-06-19
TDMS-01407,TDMS,Traction Distribution,Northern Railway,CORR-030,TRAC-389893,Traction Substation Fault,High,10,6.9,2026-05-23
TDMS-01408,TDMS,Traction Distribution,Northern Railway,CORR-030,TRAC-492512,Feeder Fault,High,9,9.9,2026-07-16
TDMS-01409,TDMS,Traction Distribution,Northern Railway,CORR-030,TRAC-430448,Insulator Damage,High,14,10.4,2026-07-14
TDMS-01410,TDMS,Traction Distribution,Northern Railway,CORR-009,TRAC-221451,Insulator Damage,High,32,8.8,2026-05-06
TDMS-01411,TDMS,Traction Distribution,Northern Railway,CORR-012,TRAC-925186,Feeder Fault,High,22,13.9,2026-06-21
TDMS-01412,TDMS,Traction Distribution,Northern Railway,CORR-031,TRAC-475620,Earthing Fault,High,9,14.1,2026-07-18
TDMS-01413,TDMS,Traction Distribution,Northern Railway,CORR-038,TRAC-965722,Earthing Fault,High,23,11.5,2026-06-06
TDMS-01414,TDMS,Traction Distribution,Northern Railway,CORR-012,TRAC-217116,Traction Substation Fault,High,34,15.0,2026-05-10
TDMS-01415,TDMS,Traction Distribution,Northern Railway,CORR-030,TRAC-565689,Insulator Damage,High,10,13.0,2026-07-20
TDMS-01416,TDMS,Traction Distribution,Northern Railway,CORR-031,TRAC-119325,Circuit Breaker Fault,High,25,10.0,2026-05-23
TDMS-01417,TDMS,Traction Distribution,Northern Railway,CORR-012,TRAC-520358,Insulator Damage,High,31,15.4,2026-07-25
TDMS-01418,TDMS,Traction Distribution,Northern Railway,CORR-008,TRAC-899151,Insulator Damage,High,24,14.8,2026-07-21
TDMS-01419,TDMS,Traction Distribution,Northern Railway,CORR-031,TRAC-289786,Circuit Breaker Fault,High,6,11.6,2026-05-23
TDMS-01420,TDMS,Traction Distribution,Northern Railway,CORR-038,TRAC-523279,Feeder Fault,High,12,9.5,2026-06-27
TDMS-01421,TDMS,Traction Distribution,Northern Railway,CORR-008,TRAC-230557,Earthing Fault,High,33,12.9,2026-07-30
TDMS-01422,TDMS,Traction Distribution,Northern Railway,CORR-038,TRAC-460118,Circuit Breaker Fault,High,26,13.7,2026-05-26
TDMS-01423,TDMS,Traction Distribution,Northern Railway,CORR-009,TRAC-832358,Traction Substation Fault,High,26,7.5,2026-06-14
TDMS-01424,TDMS,Traction Distribution,Northern Railway,CORR-031,TRAC-973102,Circuit Breaker Fault,High,30,10.6,2026-06-27
TDMS-01425,TDMS,Traction Distribution,Northern Railway,CORR-003,TRAC-318147,Insulator Damage,High,17,6.3,2026-07-31
TDMS-01426,TDMS,Traction Distribution,Northern Railway,CORR-007,TRAC-130191,Circuit Breaker Fault,High,12,15.8,2026-07-30
TDMS-01427,TDMS,Traction Distribution,Northern Railway,CORR-031,TRAC-584600,Earthing Fault,High,13,13.9,2026-07-20
TDMS-01428,TDMS,Traction Distribution,Northern Railway,CORR-003,TRAC-694821,Earthing Fault,High,3,8.5,2026-06-28
TDMS-01429,TDMS,Traction Distribution,Northern Railway,CORR-030,TRAC-350009,Feeder Fault,High,5,7.0,2026-07-10
TDMS-01430,TDMS,Traction Distribution,Northern Railway,CORR-009,TRAC-449400,Feeder Fault,High,4,11.5,2026-07-19
TDMS-01431,TDMS,Traction Distribution,Northern Railway,CORR-031,TRAC-737066,OHE Wire Wear,High,27,6.4,2026-07-26
TDMS-01432,TDMS,Traction Distribution,Northern Railway,CORR-038,TRAC-473167,Earthing Fault,High,8,14.8,2026-07-02
TDMS-01433,TDMS,Traction Distribution,Northern Railway,CORR-030,TRAC-384699,Traction Substation Fault,High,3,10.2,2026-05-25
TDMS-01434,TDMS,Traction Distribution,Northern Railway,CORR-031,TRAC-309787,OHE Wire Wear,Critical,21,26.3,2026-05-16
TDMS-01435,TDMS,Traction Distribution,Northern Railway,CORR-003,TRAC-983749,Traction Substation Fault,Critical,25,19.0,2026-06-15
TDMS-01436,TDMS,Traction Distribution,Northern Railway,CORR-008,TRAC-167995,Feeder Fault,Critical,10,16.5,2026-05-31
TDMS-01437,TDMS,Traction Distribution,Northern Railway,CORR-003,TRAC-639898,OHE Wire Wear,Critical,51,27.1,2026-05-19
TDMS-01438,TDMS,Traction Distribution,Northern Railway,CORR-031,TRAC-864477,Circuit Breaker Fault,Critical,7,12.5,2026-05-23
TDMS-01439,TDMS,Traction Distribution,Northern Railway,CORR-008,TRAC-949800,OHE Wire Wear,Critical,33,23.3,2026-06-14
TDMS-01440,TDMS,Traction Distribution,Northern Railway,CORR-030,TRAC-628818,Feeder Fault,Critical,30,29.9,2026-06-04
TDMS-01441,TDMS,Traction Distribution,Northern Railway,CORR-038,TRAC-840391,OHE Wire Wear,Critical,49,16.2,2026-06-07
TDMS-01442,TDMS,Traction Distribution,Northern Railway,CORR-031,TRAC-899728,Circuit Breaker Fault,Critical,15,25.2,2026-06-12
TDMS-01443,TDMS,Traction Distribution,Northern Railway,CORR-038,TRAC-527105,OHE Wire Wear,Critical,59,26.4,2026-05-17
TDMS-01444,TDMS,Traction Distribution,Northern Railway,CORR-030,TRAC-709551,Feeder Fault,Critical,17,26.2,2026-07-23
TDMS-01445,TDMS,Traction Distribution,Northern Railway,CORR-038,TRAC-663885,Earthing Fault,Critical,57,18.2,2026-06-20
TDMS-01446,TDMS,Traction Distribution,Northern Railway,CORR-030,TRAC-157630,OHE Wire Wear,Critical,16,24.0,2026-06-20
TDMS-01447,TDMS,Traction Distribution,Northern Railway,CORR-008,TRAC-757750,Traction Substation Fault,Critical,47,12.6,2026-05-16
TDMS-01448,TDMS,Traction Distribution,Northern Railway,CORR-007,TRAC-493959,Circuit Breaker Fault,Critical,45,27.8,2026-06-14
TDMS-01449,TDMS,Traction Distribution,Northern Railway,CORR-030,TRAC-609738,OHE Wire Wear,Critical,10,16.0,2026-05-14
TDMS-01450,TDMS,Traction Distribution,Northern Railway,CORR-008,TRAC-563812,Insulator Damage,Critical,29,27.7,2026-07-10
TDMS-01451,TDMS,Traction Distribution,Northern Railway,CORR-031,TRAC-696565,Feeder Fault,Critical,54,10.5,2026-08-01
TDMS-01452,TDMS,Traction Distribution,Northern Railway,CORR-008,TRAC-409316,Insulator Damage,Critical,10,23.4,2026-07-14
TDMS-01453,TDMS,Traction Distribution,Northern Railway,CORR-003,TRAC-502006,Circuit Breaker Fault,Critical,50,27.1,2026-07-02
TDMS-01454,TDMS,Traction Distribution,Northern Railway,CORR-008,TRAC-630833,Earthing Fault,Critical,27,16.0,2026-07-11
TDMS-01455,TDMS,Traction Distribution,Northern Railway,CORR-012,TRAC-103510,Circuit Breaker Fault,Critical,23,13.3,2026-06-23
TDMS-01456,TDMS,Traction Distribution,Northern Railway,CORR-009,TRAC-417978,Traction Substation Fault,Critical,29,12.3,2026-06-23
TDMS-01457,TDMS,Traction Distribution,Northern Railway,CORR-031,TRAC-691248,Insulator Damage,Critical,20,18.7,2026-07-31
TDMS-01458,TDMS,Traction Distribution,Northern Railway,CORR-030,TRAC-335187,Insulator Damage,Critical,40,14.6,2026-07-18
TDMS-01459,TDMS,Traction Distribution,Northern Railway,CORR-031,TRAC-880468,OHE Wire Wear,Critical,14,26.6,2026-06-10
TDMS-01460,TDMS,Traction Distribution,Northern Railway,CORR-003,TRAC-600999,Insulator Damage,Critical,10,11.4,2026-06-29
TDMS-01461,TDMS,Traction Distribution,Northern Railway,CORR-009,TRAC-729286,Traction Substation Fault,Critical,44,10.4,2026-05-16
TDMS-01462,TDMS,Traction Distribution,Northern Railway,CORR-038,TRAC-947224,Traction Substation Fault,Critical,11,16.3,2026-05-06
TDMS-01463,TDMS,Traction Distribution,Northern Railway,CORR-038,TRAC-686532,Feeder Fault,Critical,6,12.3,2026-06-21
TDMS-01464,TDMS,Traction Distribution,Northern Railway,CORR-008,TRAC-398416,Circuit Breaker Fault,Critical,15,29.5,2026-07-30
TDMS-01465,TDMS,Traction Distribution,Northern Railway,CORR-009,TRAC-667431,Insulator Damage,Critical,11,11.7,2026-05-25
TDMS-01466,TDMS,Traction Distribution,Northern Railway,CORR-009,TRAC-359646,Feeder Fault,Critical,48,18.6,2026-05-31
TDMS-01467,TDMS,Traction Distribution,Northern Railway,CORR-009,TRAC-714173,Insulator Damage,Critical,53,22.0,2026-05-18
TDMS-01468,TDMS,Traction Distribution,Northern Railway,CORR-008,TRAC-163019,Insulator Damage,Critical,35,21.1,2026-06-01
TDMS-01469,TDMS,Traction Distribution,Northern Railway,CORR-038,TRAC-343747,Insulator Damage,Critical,51,23.2,2026-06-23
TDMS-01470,TDMS,Traction Distribution,Northern Railway,CORR-038,TRAC-758132,Insulator Damage,Critical,24,19.2,2026-07-03
TDMS-01471,TDMS,Traction Distribution,Northern Railway,CORR-009,TRAC-592072,Earthing Fault,Critical,58,16.4,2026-06-13
TDMS-01472,TDMS,Traction Distribution,Northern Railway,CORR-038,TRAC-755801,OHE Wire Wear,Critical,54,20.8,2026-07-06
TDMS-01473,TDMS,Traction Distribution,Northern Railway,CORR-038,TRAC-683763,Feeder Fault,Critical,59,16.5,2026-07-19
TDMS-01474,TDMS,Traction Distribution,Northern Railway,CORR-008,TRAC-281909,Traction Substation Fault,Critical,22,21.0,2026-07-06
TDMS-01475,TDMS,Traction Distribution,Northern Railway,CORR-008,TRAC-487639,Feeder Fault,Critical,27,25.7,2026-05-07
TDMS-01476,TDMS,Traction Distribution,Northern Railway,CORR-030,TRAC-108619,Traction Substation Fault,Critical,36,28.0,2026-06-06
TDMS-01477,TDMS,Traction Distribution,Northern Railway,CORR-012,TRAC-267426,Feeder Fault,Critical,5,21.8,2026-07-30
TDMS-01478,TDMS,Traction Distribution,Northern Railway,CORR-008,TRAC-622511,Insulator Damage,Critical,29,20.4,2026-05-16
TDMS-01479,TDMS,Traction Distribution,Northern Railway,CORR-038,TRAC-536107,Traction Substation Fault,Critical,37,15.8,2026-06-06
TDMS-01480,TDMS,Traction Distribution,Northern Railway,CORR-007,TRAC-662216,Traction Substation Fault,Critical,39,10.7,2026-06-15
TDMS-01481,TDMS,Traction Distribution,Northern Railway,CORR-009,TRAC-393673,OHE Wire Wear,Critical,18,19.3,2026-06-28
TDMS-01482,TDMS,Traction Distribution,Northern Railway,CORR-003,TRAC-859229,OHE Wire Wear,Critical,6,22.8,2026-06-25
TDMS-01483,TDMS,Traction Distribution,Northern Railway,CORR-031,TRAC-988718,Insulator Damage,Critical,57,18.1,2026-07-11
TDMS-01484,TDMS,Traction Distribution,Northern Railway,CORR-038,TRAC-720779,OHE Wire Wear,Critical,48,19.6,2026-07-24
TDMS-01485,TDMS,Traction Distribution,Northern Railway,CORR-038,TRAC-126989,OHE Wire Wear,Critical,49,16.2,2026-07-20
TDMS-01486,TDMS,Traction Distribution,Northern Railway,CORR-030,TRAC-590719,Circuit Breaker Fault,Critical,40,14.0,2026-06-19
TDMS-01487,TDMS,Traction Distribution,Northern Railway,CORR-009,TRAC-712411,Insulator Damage,Critical,48,25.9,2026-08-01
TDMS-01488,TDMS,Traction Distribution,Northern Railway,CORR-012,TRAC-875182,Insulator Damage,Critical,5,23.1,2026-06-06
TDMS-01489,TDMS,Traction Distribution,Northern Railway,CORR-038,TRAC-721105,Earthing Fault,Critical,41,27.9,2026-06-11
TDMS-01490,TDMS,Traction Distribution,South Central Railway,CORR-040,TRAC-508658,Insulator Damage,Low,-12,4.2,2026-07-12
TDMS-01491,TDMS,Traction Distribution,South Central Railway,CORR-034,TRAC-365132,Circuit Breaker Fault,Low,-2,3.0,2026-05-31
TDMS-01492,TDMS,Traction Distribution,South Central Railway,CORR-033,TRAC-892405,OHE Wire Wear,Low,-4,4.8,2026-06-05
TDMS-01493,TDMS,Traction Distribution,South Central Railway,CORR-023,TRAC-617555,Insulator Damage,Low,3,4.0,2026-05-19
TDMS-01494,TDMS,Traction Distribution,South Central Railway,CORR-039,TRAC-851375,Earthing Fault,Low,8,5.8,2026-05-26
TDMS-01495,TDMS,Traction Distribution,South Central Railway,CORR-001,TRAC-490716,OHE Wire Wear,Low,-3,4.2,2026-07-26
TDMS-01496,TDMS,Traction Distribution,South Central Railway,CORR-001,TRAC-967581,Earthing Fault,Low,7,5.2,2026-05-23
TDMS-01497,TDMS,Traction Distribution,South Central Railway,CORR-039,TRAC-138055,Insulator Damage,Low,4,2.6,2026-05-09
TDMS-01498,TDMS,Traction Distribution,South Central Railway,CORR-016,TRAC-657763,Feeder Fault,Low,3,2.4,2026-07-31
TDMS-01499,TDMS,Traction Distribution,South Central Railway,CORR-033,TRAC-164802,Circuit Breaker Fault,Low,-5,2.4,2026-05-16
TDMS-01500,TDMS,Traction Distribution,South Central Railway,CORR-034,TRAC-261131,Circuit Breaker Fault,Low,-3,3.9,2026-07-11
TDMS-01501,TDMS,Traction Distribution,South Central Railway,CORR-023,TRAC-265397,Traction Substation Fault,Low,-1,4.6,2026-05-25
TDMS-01502,TDMS,Traction Distribution,South Central Railway,CORR-011,TRAC-448243,Earthing Fault,Low,9,2.1,2026-07-23
TDMS-01503,TDMS,Traction Distribution,South Central Railway,CORR-039,TRAC-670344,OHE Wire Wear,Low,-1,5.1,2026-05-04
TDMS-01504,TDMS,Traction Distribution,South Central Railway,CORR-001,TRAC-846327,Insulator Damage,Low,-11,2.5,2026-06-08
TDMS-01505,TDMS,Traction Distribution,South Central Railway,CORR-001,TRAC-809181,Earthing Fault,Low,9,2.5,2026-05-31
TDMS-01506,TDMS,Traction Distribution,South Central Railway,CORR-016,TRAC-822342,Insulator Damage,Low,-8,2.8,2026-06-14
TDMS-01507,TDMS,Traction Distribution,South Central Railway,CORR-023,TRAC-941707,Feeder Fault,Low,0,3.2,2026-07-04
TDMS-01508,TDMS,Traction Distribution,South Central Railway,CORR-001,TRAC-970203,Feeder Fault,Low,3,3.6,2026-06-12
TDMS-01509,TDMS,Traction Distribution,South Central Railway,CORR-039,TRAC-331816,OHE Wire Wear,Low,0,3.1,2026-05-16
TDMS-01510,TDMS,Traction Distribution,South Central Railway,CORR-001,TRAC-818082,Circuit Breaker Fault,Low,-17,5.3,2026-06-30
TDMS-01511,TDMS,Traction Distribution,South Central Railway,CORR-016,TRAC-861467,Earthing Fault,Low,-17,4.5,2026-06-02
TDMS-01512,TDMS,Traction Distribution,South Central Railway,CORR-020,TRAC-318694,Insulator Damage,Low,-16,4.9,2026-05-30
TDMS-01513,TDMS,Traction Distribution,South Central Railway,CORR-011,TRAC-791057,Traction Substation Fault,Low,-1,2.2,2026-07-16
TDMS-01514,TDMS,Traction Distribution,South Central Railway,CORR-040,TRAC-170547,OHE Wire Wear,Low,-9,2.9,2026-06-21
TDMS-01515,TDMS,Traction Distribution,South Central Railway,CORR-040,TRAC-897024,Circuit Breaker Fault,Low,5,5.0,2026-05-20
TDMS-01516,TDMS,Traction Distribution,South Central Railway,CORR-034,TRAC-543331,Circuit Breaker Fault,Low,-14,4.1,2026-07-28
TDMS-01517,TDMS,Traction Distribution,South Central Railway,CORR-040,TRAC-464203,Earthing Fault,Low,-10,4.4,2026-06-22
TDMS-01518,TDMS,Traction Distribution,South Central Railway,CORR-001,TRAC-307301,Circuit Breaker Fault,Low,-7,3.8,2026-06-10
TDMS-01519,TDMS,Traction Distribution,South Central Railway,CORR-033,TRAC-686047,Circuit Breaker Fault,Low,2,4.8,2026-07-05
TDMS-01520,TDMS,Traction Distribution,South Central Railway,CORR-023,TRAC-300778,Insulator Damage,Low,-2,2.4,2026-07-27
TDMS-01521,TDMS,Traction Distribution,South Central Railway,CORR-016,TRAC-539868,Feeder Fault,Low,-7,4.2,2026-05-29
TDMS-01522,TDMS,Traction Distribution,South Central Railway,CORR-027,TRAC-379620,Traction Substation Fault,Low,-17,3.7,2026-07-02
TDMS-01523,TDMS,Traction Distribution,South Central Railway,CORR-040,TRAC-634994,Feeder Fault,Low,-6,5.3,2026-05-08
TDMS-01524,TDMS,Traction Distribution,South Central Railway,CORR-039,TRAC-469882,Feeder Fault,Low,6,4.9,2026-07-18
TDMS-01525,TDMS,Traction Distribution,South Central Railway,CORR-039,TRAC-903549,Traction Substation Fault,Low,-10,5.2,2026-06-02
TDMS-01526,TDMS,Traction Distribution,South Central Railway,CORR-016,TRAC-545429,Earthing Fault,Low,-12,5.6,2026-06-12
TDMS-01527,TDMS,Traction Distribution,South Central Railway,CORR-034,TRAC-282301,Circuit Breaker Fault,Low,4,4.0,2026-05-11
TDMS-01528,TDMS,Traction Distribution,South Central Railway,CORR-011,TRAC-277218,Circuit Breaker Fault,Low,-14,2.2,2026-06-07
TDMS-01529,TDMS,Traction Distribution,South Central Railway,CORR-001,TRAC-880697,OHE Wire Wear,Low,-11,3.0,2026-06-14
TDMS-01530,TDMS,Traction Distribution,South Central Railway,CORR-023,TRAC-901159,Traction Substation Fault,Low,4,3.5,2026-05-26
TDMS-01531,TDMS,Traction Distribution,South Central Railway,CORR-016,TRAC-399253,Feeder Fault,Low,6,5.0,2026-06-07
TDMS-01532,TDMS,Traction Distribution,South Central Railway,CORR-016,TRAC-707776,Insulator Damage,Low,-15,5.3,2026-07-09
TDMS-01533,TDMS,Traction Distribution,South Central Railway,CORR-033,TRAC-641513,Circuit Breaker Fault,Low,-20,4.4,2026-08-01
TDMS-01534,TDMS,Traction Distribution,South Central Railway,CORR-016,TRAC-911027,Traction Substation Fault,Low,-20,2.9,2026-05-25
TDMS-01535,TDMS,Traction Distribution,South Central Railway,CORR-039,TRAC-694711,Insulator Damage,Low,9,4.9,2026-05-09
TDMS-01536,TDMS,Traction Distribution,South Central Railway,CORR-023,TRAC-989519,OHE Wire Wear,Low,-18,5.2,2026-05-15
TDMS-01537,TDMS,Traction Distribution,South Central Railway,CORR-033,TRAC-361905,Circuit Breaker Fault,Low,9,4.7,2026-05-08
TDMS-01538,TDMS,Traction Distribution,South Central Railway,CORR-034,TRAC-482488,OHE Wire Wear,Low,-4,2.7,2026-05-24
TDMS-01539,TDMS,Traction Distribution,South Central Railway,CORR-033,TRAC-528175,Earthing Fault,Low,6,4.8,2026-07-27
TDMS-01540,TDMS,Traction Distribution,South Central Railway,CORR-020,TRAC-250270,Feeder Fault,Low,4,3.8,2026-07-08
TDMS-01541,TDMS,Traction Distribution,South Central Railway,CORR-016,TRAC-574620,Feeder Fault,Low,-16,4.1,2026-07-24
TDMS-01542,TDMS,Traction Distribution,South Central Railway,CORR-033,TRAC-176595,Circuit Breaker Fault,Low,-5,3.0,2026-07-02
TDMS-01543,TDMS,Traction Distribution,South Central Railway,CORR-040,TRAC-581150,Insulator Damage,Low,6,4.9,2026-08-01
TDMS-01544,TDMS,Traction Distribution,South Central Railway,CORR-027,TRAC-733709,Insulator Damage,Low,-8,2.7,2026-06-18
TDMS-01545,TDMS,Traction Distribution,South Central Railway,CORR-001,TRAC-249094,Circuit Breaker Fault,Low,-6,3.7,2026-06-05
TDMS-01546,TDMS,Traction Distribution,South Central Railway,CORR-011,TRAC-868665,Circuit Breaker Fault,Low,7,5.2,2026-06-17
TDMS-01547,TDMS,Traction Distribution,South Central Railway,CORR-020,TRAC-157107,Circuit Breaker Fault,Low,-8,4.6,2026-06-04
TDMS-01548,TDMS,Traction Distribution,South Central Railway,CORR-023,TRAC-304338,Traction Substation Fault,Low,-15,2.1,2026-07-21
TDMS-01549,TDMS,Traction Distribution,South Central Railway,CORR-040,TRAC-795150,Insulator Damage,Low,-6,2.6,2026-05-25
TDMS-01550,TDMS,Traction Distribution,South Central Railway,CORR-020,TRAC-971613,Traction Substation Fault,Low,-1,5.0,2026-06-26
TDMS-01551,TDMS,Traction Distribution,South Central Railway,CORR-027,TRAC-456907,Feeder Fault,Low,-20,2.2,2026-05-30
TDMS-01552,TDMS,Traction Distribution,South Central Railway,CORR-023,TRAC-595360,Feeder Fault,Low,-6,2.3,2026-06-23
TDMS-01553,TDMS,Traction Distribution,South Central Railway,CORR-011,TRAC-626067,Insulator Damage,Low,1,3.7,2026-06-13
TDMS-01554,TDMS,Traction Distribution,South Central Railway,CORR-016,TRAC-302029,OHE Wire Wear,Low,-3,5.1,2026-06-30
TDMS-01555,TDMS,Traction Distribution,South Central Railway,CORR-001,TRAC-395996,Feeder Fault,Low,-11,3.7,2026-07-24
TDMS-01556,TDMS,Traction Distribution,South Central Railway,CORR-023,TRAC-701027,Insulator Damage,Low,6,4.6,2026-05-18
TDMS-01557,TDMS,Traction Distribution,South Central Railway,CORR-001,TRAC-547066,Earthing Fault,Low,-8,2.5,2026-06-28
TDMS-01558,TDMS,Traction Distribution,South Central Railway,CORR-027,TRAC-126471,Insulator Damage,Low,9,3.8,2026-06-12
TDMS-01559,TDMS,Traction Distribution,South Central Railway,CORR-011,TRAC-379731,Earthing Fault,Low,-18,5.4,2026-07-29
TDMS-01560,TDMS,Traction Distribution,South Central Railway,CORR-040,TRAC-795079,Circuit Breaker Fault,Low,-9,5.2,2026-07-01
TDMS-01561,TDMS,Traction Distribution,South Central Railway,CORR-040,TRAC-786609,Earthing Fault,Low,-20,5.8,2026-07-06
TDMS-01562,TDMS,Traction Distribution,South Central Railway,CORR-027,TRAC-322199,Feeder Fault,Low,-6,3.7,2026-05-09
TDMS-01563,TDMS,Traction Distribution,South Central Railway,CORR-040,TRAC-485371,OHE Wire Wear,Low,-18,2.7,2026-05-31
TDMS-01564,TDMS,Traction Distribution,South Central Railway,CORR-033,TRAC-239469,Insulator Damage,Low,2,3.0,2026-05-11
TDMS-01565,TDMS,Traction Distribution,South Central Railway,CORR-039,TRAC-794529,Traction Substation Fault,Low,-3,5.8,2026-07-23
TDMS-01566,TDMS,Traction Distribution,South Central Railway,CORR-027,TRAC-494380,Traction Substation Fault,Low,-13,2.5,2026-07-26
TDMS-01567,TDMS,Traction Distribution,South Central Railway,CORR-040,TRAC-602461,Earthing Fault,Low,2,4.4,2026-05-29
TDMS-01568,TDMS,Traction Distribution,South Central Railway,CORR-039,TRAC-610714,OHE Wire Wear,Low,8,3.9,2026-07-30
TDMS-01569,TDMS,Traction Distribution,South Central Railway,CORR-023,TRAC-624462,Feeder Fault,Low,-17,4.6,2026-07-23
TDMS-01570,TDMS,Traction Distribution,South Central Railway,CORR-027,TRAC-836375,Traction Substation Fault,Low,-7,4.5,2026-05-20
TDMS-01571,TDMS,Traction Distribution,South Central Railway,CORR-016,TRAC-373923,Circuit Breaker Fault,Low,-3,3.0,2026-06-26
TDMS-01572,TDMS,Traction Distribution,South Central Railway,CORR-040,TRAC-755370,Insulator Damage,Low,6,5.2,2026-05-16
TDMS-01573,TDMS,Traction Distribution,South Central Railway,CORR-020,TRAC-748935,Traction Substation Fault,Low,-1,3.7,2026-05-29
TDMS-01574,TDMS,Traction Distribution,South Central Railway,CORR-023,TRAC-963407,Traction Substation Fault,Low,-7,5.6,2026-05-06
TDMS-01575,TDMS,Traction Distribution,South Central Railway,CORR-023,TRAC-928921,Traction Substation Fault,Low,-8,4.0,2026-06-16
TDMS-01576,TDMS,Traction Distribution,South Central Railway,CORR-016,TRAC-389346,Insulator Damage,Low,-19,3.0,2026-07-12
TDMS-01577,TDMS,Traction Distribution,South Central Railway,CORR-016,TRAC-169357,OHE Wire Wear,Low,-18,4.6,2026-05-24
TDMS-01578,TDMS,Traction Distribution,South Central Railway,CORR-040,TRAC-168096,Circuit Breaker Fault,Low,0,5.6,2026-07-12
TDMS-01579,TDMS,Traction Distribution,South Central Railway,CORR-040,TRAC-328324,Earthing Fault,Low,-16,3.0,2026-07-04
TDMS-01580,TDMS,Traction Distribution,South Central Railway,CORR-033,TRAC-742043,Earthing Fault,Low,9,5.3,2026-06-07
TDMS-01581,TDMS,Traction Distribution,South Central Railway,CORR-039,TRAC-972736,OHE Wire Wear,Low,-19,4.8,2026-07-01
TDMS-01582,TDMS,Traction Distribution,South Central Railway,CORR-040,TRAC-625608,OHE Wire Wear,Low,6,5.2,2026-07-10
TDMS-01583,TDMS,Traction Distribution,South Central Railway,CORR-040,TRAC-260619,OHE Wire Wear,Low,-13,3.6,2026-06-30
TDMS-01584,TDMS,Traction Distribution,South Central Railway,CORR-034,TRAC-819891,Earthing Fault,Low,-8,3.0,2026-05-24
TDMS-01585,TDMS,Traction Distribution,South Central Railway,CORR-011,TRAC-543968,Feeder Fault,Low,-13,2.3,2026-07-15
TDMS-01586,TDMS,Traction Distribution,South Central Railway,CORR-033,TRAC-124255,Feeder Fault,Low,-20,3.7,2026-07-27
TDMS-01587,TDMS,Traction Distribution,South Central Railway,CORR-001,TRAC-899164,Earthing Fault,Low,-9,4.8,2026-06-12
TDMS-01588,TDMS,Traction Distribution,South Central Railway,CORR-040,TRAC-326010,Insulator Damage,Low,3,4.4,2026-06-17
TDMS-01589,TDMS,Traction Distribution,South Central Railway,CORR-011,TRAC-588006,Circuit Breaker Fault,Low,6,3.3,2026-07-27
TDMS-01590,TDMS,Traction Distribution,South Central Railway,CORR-039,TRAC-120402,Feeder Fault,Low,-13,2.7,2026-05-19
TDMS-01591,TDMS,Traction Distribution,South Central Railway,CORR-016,TRAC-307006,Feeder Fault,Low,-18,4.9,2026-07-12
TDMS-01592,TDMS,Traction Distribution,South Central Railway,CORR-027,TRAC-425305,Circuit Breaker Fault,Low,-9,5.9,2026-07-30
TDMS-01593,TDMS,Traction Distribution,South Central Railway,CORR-016,TRAC-519691,OHE Wire Wear,Low,-15,5.3,2026-07-10
TDMS-01594,TDMS,Traction Distribution,South Central Railway,CORR-040,TRAC-218152,Earthing Fault,Low,-6,2.1,2026-07-22
TDMS-01595,TDMS,Traction Distribution,South Central Railway,CORR-039,TRAC-858774,Feeder Fault,Low,1,4.1,2026-06-17
TDMS-01596,TDMS,Traction Distribution,South Central Railway,CORR-027,TRAC-917416,OHE Wire Wear,Low,-14,4.3,2026-05-15
TDMS-01597,TDMS,Traction Distribution,South Central Railway,CORR-016,TRAC-162834,Earthing Fault,Low,-19,4.5,2026-07-09
TDMS-01598,TDMS,Traction Distribution,South Central Railway,CORR-001,TRAC-415441,OHE Wire Wear,Low,-4,4.9,2026-07-23
TDMS-01599,TDMS,Traction Distribution,South Central Railway,CORR-027,TRAC-860633,OHE Wire Wear,Low,-17,5.3,2026-05-07
TDMS-01600,TDMS,Traction Distribution,South Central Railway,CORR-001,TRAC-983539,Circuit Breaker Fault,Low,-14,5.4,2026-07-23
TDMS-01601,TDMS,Traction Distribution,South Central Railway,CORR-001,TRAC-854220,Circuit Breaker Fault,Low,-19,4.2,2026-06-07
TDMS-01602,TDMS,Traction Distribution,South Central Railway,CORR-001,TRAC-156676,Feeder Fault,Low,-19,4.6,2026-07-11
TDMS-01603,TDMS,Traction Distribution,South Central Railway,CORR-016,TRAC-284085,Circuit Breaker Fault,Low,6,4.3,2026-06-29
TDMS-01604,TDMS,Traction Distribution,South Central Railway,CORR-023,TRAC-423670,Traction Substation Fault,Low,9,5.4,2026-07-02
TDMS-01605,TDMS,Traction Distribution,South Central Railway,CORR-023,TRAC-494613,OHE Wire Wear,Low,3,2.3,2026-05-23
TDMS-01606,TDMS,Traction Distribution,South Central Railway,CORR-040,TRAC-473073,Traction Substation Fault,Low,-5,3.2,2026-07-16
TDMS-01607,TDMS,Traction Distribution,South Central Railway,CORR-001,TRAC-243593,Earthing Fault,Low,2,5.7,2026-05-07
TDMS-01608,TDMS,Traction Distribution,South Central Railway,CORR-023,TRAC-227525,Circuit Breaker Fault,Low,-4,5.5,2026-05-24
TDMS-01609,TDMS,Traction Distribution,South Central Railway,CORR-001,TRAC-494005,Traction Substation Fault,Low,-13,4.1,2026-07-05
TDMS-01610,TDMS,Traction Distribution,South Central Railway,CORR-020,TRAC-698386,Insulator Damage,Low,-1,3.9,2026-05-19
TDMS-01611,TDMS,Traction Distribution,South Central Railway,CORR-011,TRAC-692054,Insulator Damage,Low,5,2.7,2026-06-28
TDMS-01612,TDMS,Traction Distribution,South Central Railway,CORR-039,TRAC-294571,Feeder Fault,Low,-16,5.1,2026-07-05
TDMS-01613,TDMS,Traction Distribution,South Central Railway,CORR-023,TRAC-833348,Insulator Damage,Low,-13,2.8,2026-07-02
TDMS-01614,TDMS,Traction Distribution,South Central Railway,CORR-033,TRAC-618061,Insulator Damage,Low,9,3.6,2026-05-30
TDMS-01615,TDMS,Traction Distribution,South Central Railway,CORR-001,TRAC-756683,Insulator Damage,Low,-3,4.7,2026-07-20
TDMS-01616,TDMS,Traction Distribution,South Central Railway,CORR-040,TRAC-690193,Traction Substation Fault,Low,3,3.3,2026-07-14
TDMS-01617,TDMS,Traction Distribution,South Central Railway,CORR-016,TRAC-377225,OHE Wire Wear,Low,4,3.3,2026-05-25
TDMS-01618,TDMS,Traction Distribution,South Central Railway,CORR-040,TRAC-754290,Traction Substation Fault,Low,-14,3.4,2026-07-04
TDMS-01619,TDMS,Traction Distribution,South Central Railway,CORR-033,TRAC-633565,Circuit Breaker Fault,Low,9,5.2,2026-06-17
TDMS-01620,TDMS,Traction Distribution,South Central Railway,CORR-033,TRAC-522468,Circuit Breaker Fault,Low,-6,3.7,2026-07-19
TDMS-01621,TDMS,Traction Distribution,South Central Railway,CORR-039,TRAC-108513,Earthing Fault,Low,-7,2.4,2026-05-28
TDMS-01622,TDMS,Traction Distribution,South Central Railway,CORR-039,TRAC-388536,Circuit Breaker Fault,Low,7,3.8,2026-07-26
TDMS-01623,TDMS,Traction Distribution,South Central Railway,CORR-034,TRAC-823440,Feeder Fault,Low,-11,2.2,2026-05-31
TDMS-01624,TDMS,Traction Distribution,South Central Railway,CORR-033,TRAC-433051,Feeder Fault,Low,9,5.0,2026-06-27
TDMS-01625,TDMS,Traction Distribution,South Central Railway,CORR-023,TRAC-796922,Circuit Breaker Fault,Low,8,4.8,2026-05-27
TDMS-01626,TDMS,Traction Distribution,South Central Railway,CORR-040,TRAC-348664,Circuit Breaker Fault,Low,-6,2.2,2026-05-28
TDMS-01627,TDMS,Traction Distribution,South Central Railway,CORR-011,TRAC-941085,Insulator Damage,Low,8,4.4,2026-06-11
TDMS-01628,TDMS,Traction Distribution,South Central Railway,CORR-040,TRAC-338191,Insulator Damage,Low,-4,2.6,2026-06-03
TDMS-01629,TDMS,Traction Distribution,South Central Railway,CORR-020,TRAC-316187,Traction Substation Fault,Low,-1,4.7,2026-06-27
TDMS-01630,TDMS,Traction Distribution,South Central Railway,CORR-040,TRAC-495287,Earthing Fault,Low,-1,3.2,2026-07-23
TDMS-01631,TDMS,Traction Distribution,South Central Railway,CORR-033,TRAC-861535,Circuit Breaker Fault,Low,-19,2.8,2026-07-27
TDMS-01632,TDMS,Traction Distribution,South Central Railway,CORR-034,TRAC-869198,Insulator Damage,Low,-7,2.3,2026-05-16
TDMS-01633,TDMS,Traction Distribution,South Central Railway,CORR-016,TRAC-621975,Traction Substation Fault,Low,-10,5.1,2026-07-01
TDMS-01634,TDMS,Traction Distribution,South Central Railway,CORR-001,TRAC-813080,Earthing Fault,Low,-16,5.3,2026-07-04
TDMS-01635,TDMS,Traction Distribution,South Central Railway,CORR-033,TRAC-725561,OHE Wire Wear,Low,-18,3.6,2026-07-19
TDMS-01636,TDMS,Traction Distribution,South Central Railway,CORR-020,TRAC-171729,Circuit Breaker Fault,Low,-1,5.5,2026-06-01
TDMS-01637,TDMS,Traction Distribution,South Central Railway,CORR-039,TRAC-458987,Feeder Fault,Low,-15,3.3,2026-06-26
TDMS-01638,TDMS,Traction Distribution,South Central Railway,CORR-011,TRAC-765929,Insulator Damage,Low,-11,4.3,2026-07-04
TDMS-01639,TDMS,Traction Distribution,South Central Railway,CORR-016,TRAC-661090,Feeder Fault,Low,-6,3.0,2026-07-02
TDMS-01640,TDMS,Traction Distribution,South Central Railway,CORR-027,TRAC-599594,Circuit Breaker Fault,Low,-18,4.1,2026-07-12
TDMS-01641,TDMS,Traction Distribution,South Central Railway,CORR-039,TRAC-431946,Insulator Damage,Low,-11,3.5,2026-06-04
TDMS-01642,TDMS,Traction Distribution,South Central Railway,CORR-027,TRAC-893769,Circuit Breaker Fault,Low,-12,3.0,2026-07-05
TDMS-01643,TDMS,Traction Distribution,South Central Railway,CORR-020,TRAC-841795,Circuit Breaker Fault,Low,-5,4.0,2026-06-20
TDMS-01644,TDMS,Traction Distribution,South Central Railway,CORR-040,TRAC-845518,Traction Substation Fault,Low,1,5.7,2026-06-01
TDMS-01645,TDMS,Traction Distribution,South Central Railway,CORR-001,TRAC-759355,Feeder Fault,Low,-5,2.9,2026-05-25
TDMS-01646,TDMS,Traction Distribution,South Central Railway,CORR-027,TRAC-799301,Circuit Breaker Fault,Low,-10,2.6,2026-05-04
TDMS-01647,TDMS,Traction Distribution,South Central Railway,CORR-016,TRAC-293314,Feeder Fault,Low,-3,4.3,2026-05-28
TDMS-01648,TDMS,Traction Distribution,South Central Railway,CORR-033,TRAC-162719,Feeder Fault,Low,-14,5.0,2026-07-11
TDMS-01649,TDMS,Traction Distribution,South Central Railway,CORR-039,TRAC-353117,Circuit Breaker Fault,Low,-3,4.3,2026-05-24
TDMS-01650,TDMS,Traction Distribution,South Central Railway,CORR-040,TRAC-265117,Insulator Damage,Low,3,6.0,2026-06-06
TDMS-01651,TDMS,Traction Distribution,South Central Railway,CORR-027,TRAC-677972,Circuit Breaker Fault,Low,-16,5.0,2026-05-23
TDMS-01652,TDMS,Traction Distribution,South Central Railway,CORR-001,TRAC-801322,Insulator Damage,Low,-4,5.4,2026-07-12
TDMS-01653,TDMS,Traction Distribution,South Central Railway,CORR-023,TRAC-367581,OHE Wire Wear,Low,-2,4.3,2026-07-31
TDMS-01654,TDMS,Traction Distribution,South Central Railway,CORR-039,TRAC-795445,Circuit Breaker Fault,Low,-17,3.9,2026-06-13
TDMS-01655,TDMS,Traction Distribution,South Central Railway,CORR-011,TRAC-458458,Circuit Breaker Fault,Low,-5,5.1,2026-07-28
TDMS-01656,TDMS,Traction Distribution,South Central Railway,CORR-027,TRAC-148661,Feeder Fault,Low,-17,5.1,2026-07-07
TDMS-01657,TDMS,Traction Distribution,South Central Railway,CORR-040,TRAC-628980,Insulator Damage,Low,-9,5.1,2026-05-24
TDMS-01658,TDMS,Traction Distribution,South Central Railway,CORR-016,TRAC-319295,Earthing Fault,Low,-4,4.9,2026-05-23
TDMS-01659,TDMS,Traction Distribution,South Central Railway,CORR-001,TRAC-468973,Insulator Damage,Low,6,5.7,2026-07-14
TDMS-01660,TDMS,Traction Distribution,South Central Railway,CORR-039,TRAC-908386,Feeder Fault,Low,-7,4.9,2026-05-30
TDMS-01661,TDMS,Traction Distribution,South Central Railway,CORR-020,TRAC-412544,Insulator Damage,Low,4,2.2,2026-07-26
TDMS-01662,TDMS,Traction Distribution,South Central Railway,CORR-001,TRAC-784947,Earthing Fault,Low,2,5.5,2026-05-22
TDMS-01663,TDMS,Traction Distribution,South Central Railway,CORR-023,TRAC-423497,Insulator Damage,Low,9,4.1,2026-07-25
TDMS-01664,TDMS,Traction Distribution,South Central Railway,CORR-033,TRAC-822036,Insulator Damage,Low,2,4.9,2026-06-26
TDMS-01665,TDMS,Traction Distribution,South Central Railway,CORR-034,TRAC-951926,Earthing Fault,Low,-12,2.3,2026-06-19
TDMS-01666,TDMS,Traction Distribution,South Central Railway,CORR-020,TRAC-536856,Earthing Fault,Low,0,5.4,2026-07-21
TDMS-01667,TDMS,Traction Distribution,South Central Railway,CORR-027,TRAC-987406,Insulator Damage,Low,2,4.7,2026-05-27
TDMS-01668,TDMS,Traction Distribution,South Central Railway,CORR-016,TRAC-982328,Feeder Fault,Low,7,4.5,2026-06-15
TDMS-01669,TDMS,Traction Distribution,South Central Railway,CORR-039,TRAC-980937,Insulator Damage,Low,-19,3.4,2026-05-21
TDMS-01670,TDMS,Traction Distribution,South Central Railway,CORR-034,TRAC-947795,Circuit Breaker Fault,Low,-9,2.0,2026-07-21
TDMS-01671,TDMS,Traction Distribution,South Central Railway,CORR-020,TRAC-239407,Earthing Fault,Low,-16,2.2,2026-06-19
TDMS-01672,TDMS,Traction Distribution,South Central Railway,CORR-023,TRAC-279960,Earthing Fault,Low,-6,4.8,2026-05-19
TDMS-01673,TDMS,Traction Distribution,South Central Railway,CORR-020,TRAC-717284,Circuit Breaker Fault,Low,-11,2.6,2026-06-20
TDMS-01674,TDMS,Traction Distribution,South Central Railway,CORR-011,TRAC-610483,OHE Wire Wear,Low,7,4.7,2026-05-20
TDMS-01675,TDMS,Traction Distribution,South Central Railway,CORR-033,TRAC-260206,Circuit Breaker Fault,Low,1,2.7,2026-05-16
TDMS-01676,TDMS,Traction Distribution,South Central Railway,CORR-039,TRAC-946215,Traction Substation Fault,Low,-15,2.3,2026-06-09
TDMS-01677,TDMS,Traction Distribution,South Central Railway,CORR-039,TRAC-906727,Earthing Fault,Low,-7,3.4,2026-05-26
TDMS-01678,TDMS,Traction Distribution,South Central Railway,CORR-001,TRAC-751676,Circuit Breaker Fault,Low,-6,3.4,2026-06-23
TDMS-01679,TDMS,Traction Distribution,South Central Railway,CORR-016,TRAC-110894,Insulator Damage,Low,3,3.5,2026-07-27
TDMS-01680,TDMS,Traction Distribution,South Central Railway,CORR-011,TRAC-580088,Insulator Damage,Low,-13,6.0,2026-07-12
TDMS-01681,TDMS,Traction Distribution,South Central Railway,CORR-011,TRAC-960898,OHE Wire Wear,Low,-2,2.7,2026-06-07
TDMS-01682,TDMS,Traction Distribution,South Central Railway,CORR-016,TRAC-265005,Feeder Fault,Low,-10,5.7,2026-07-13
TDMS-01683,TDMS,Traction Distribution,South Central Railway,CORR-034,TRAC-897515,Traction Substation Fault,Low,-11,4.3,2026-06-29
TDMS-01684,TDMS,Traction Distribution,South Central Railway,CORR-016,TRAC-746916,Traction Substation Fault,Medium,1,7.3,2026-06-01
TDMS-01685,TDMS,Traction Distribution,South Central Railway,CORR-023,TRAC-816942,Earthing Fault,Medium,13,9.7,2026-05-22
TDMS-01686,TDMS,Traction Distribution,South Central Railway,CORR-040,TRAC-466301,Circuit Breaker Fault,Medium,15,4.4,2026-05-29
TDMS-01687,TDMS,Traction Distribution,South Central Railway,CORR-027,TRAC-986491,OHE Wire Wear,Medium,8,9.1,2026-06-11
TDMS-01688,TDMS,Traction Distribution,South Central Railway,CORR-033,TRAC-635515,Circuit Breaker Fault,Medium,1,9.3,2026-06-21
TDMS-01689,TDMS,Traction Distribution,South Central Railway,CORR-027,TRAC-538656,OHE Wire Wear,Medium,-5,7.6,2026-06-15
TDMS-01690,TDMS,Traction Distribution,South Central Railway,CORR-011,TRAC-414607,Traction Substation Fault,Medium,-4,9.8,2026-07-13
TDMS-01691,TDMS,Traction Distribution,South Central Railway,CORR-011,TRAC-301260,Traction Substation Fault,Medium,19,4.8,2026-07-12
TDMS-01692,TDMS,Traction Distribution,South Central Railway,CORR-040,TRAC-867994,Feeder Fault,Medium,-7,5.1,2026-06-27
TDMS-01693,TDMS,Traction Distribution,South Central Railway,CORR-040,TRAC-462605,Feeder Fault,Medium,12,7.1,2026-06-12
TDMS-01694,TDMS,Traction Distribution,South Central Railway,CORR-023,TRAC-181332,OHE Wire Wear,Medium,1,7.5,2026-06-22
TDMS-01695,TDMS,Traction Distribution,South Central Railway,CORR-016,TRAC-161365,OHE Wire Wear,Medium,10,5.9,2026-06-14
TDMS-01696,TDMS,Traction Distribution,South Central Railway,CORR-027,TRAC-883988,Insulator Damage,Medium,1,6.0,2026-06-20
TDMS-01697,TDMS,Traction Distribution,South Central Railway,CORR-001,TRAC-879207,Circuit Breaker Fault,Medium,2,9.2,2026-05-26
TDMS-01698,TDMS,Traction Distribution,South Central Railway,CORR-034,TRAC-345037,Circuit Breaker Fault,Medium,19,5.4,2026-05-25
TDMS-01699,TDMS,Traction Distribution,South Central Railway,CORR-020,TRAC-136835,Circuit Breaker Fault,Medium,13,6.4,2026-07-13
TDMS-01700,TDMS,Traction Distribution,South Central Railway,CORR-033,TRAC-915293,Earthing Fault,Medium,6,8.9,2026-06-06
TDMS-01701,TDMS,Traction Distribution,South Central Railway,CORR-023,TRAC-684790,Traction Substation Fault,Medium,-2,8.4,2026-07-02
TDMS-01702,TDMS,Traction Distribution,South Central Railway,CORR-016,TRAC-148022,Earthing Fault,Medium,-8,5.5,2026-06-12
TDMS-01703,TDMS,Traction Distribution,South Central Railway,CORR-001,TRAC-252404,Insulator Damage,Medium,1,6.7,2026-07-10
TDMS-01704,TDMS,Traction Distribution,South Central Railway,CORR-023,TRAC-277460,Traction Substation Fault,Medium,6,7.8,2026-07-03
TDMS-01705,TDMS,Traction Distribution,South Central Railway,CORR-016,TRAC-916144,Traction Substation Fault,Medium,13,6.0,2026-08-01
TDMS-01706,TDMS,Traction Distribution,South Central Railway,CORR-001,TRAC-628137,Insulator Damage,Medium,11,4.9,2026-05-31
TDMS-01707,TDMS,Traction Distribution,South Central Railway,CORR-023,TRAC-820167,Feeder Fault,Medium,-9,7.2,2026-06-10
TDMS-01708,TDMS,Traction Distribution,South Central Railway,CORR-034,TRAC-152993,OHE Wire Wear,Medium,8,6.6,2026-07-13
TDMS-01709,TDMS,Traction Distribution,South Central Railway,CORR-039,TRAC-909814,Insulator Damage,Medium,-1,5.5,2026-06-30
TDMS-01710,TDMS,Traction Distribution,South Central Railway,CORR-020,TRAC-144887,OHE Wire Wear,Medium,4,5.3,2026-06-01
TDMS-01711,TDMS,Traction Distribution,South Central Railway,CORR-033,TRAC-131536,Circuit Breaker Fault,Medium,-4,8.2,2026-06-08
TDMS-01712,TDMS,Traction Distribution,South Central Railway,CORR-034,TRAC-784390,OHE Wire Wear,Medium,9,4.6,2026-05-18
TDMS-01713,TDMS,Traction Distribution,South Central Railway,CORR-016,TRAC-318643,Traction Substation Fault,Medium,14,7.4,2026-05-10
TDMS-01714,TDMS,Traction Distribution,South Central Railway,CORR-011,TRAC-300601,Circuit Breaker Fault,Medium,2,9.1,2026-05-14
TDMS-01715,TDMS,Traction Distribution,South Central Railway,CORR-034,TRAC-416998,Traction Substation Fault,Medium,12,4.4,2026-06-18
TDMS-01716,TDMS,Traction Distribution,South Central Railway,CORR-020,TRAC-149968,OHE Wire Wear,Medium,2,5.5,2026-06-09
TDMS-01717,TDMS,Traction Distribution,South Central Railway,CORR-027,TRAC-487457,Circuit Breaker Fault,Medium,-3,7.4,2026-06-14
TDMS-01718,TDMS,Traction Distribution,South Central Railway,CORR-011,TRAC-191331,Traction Substation Fault,Medium,14,9.4,2026-06-25
TDMS-01719,TDMS,Traction Distribution,South Central Railway,CORR-011,TRAC-273690,Traction Substation Fault,Medium,1,8.1,2026-06-17
TDMS-01720,TDMS,Traction Distribution,South Central Railway,CORR-040,TRAC-142037,Circuit Breaker Fault,Medium,8,7.1,2026-07-28
TDMS-01721,TDMS,Traction Distribution,South Central Railway,CORR-040,TRAC-349486,Feeder Fault,Medium,-4,4.2,2026-05-28
TDMS-01722,TDMS,Traction Distribution,South Central Railway,CORR-020,TRAC-785863,Insulator Damage,Medium,14,5.5,2026-06-10
TDMS-01723,TDMS,Traction Distribution,South Central Railway,CORR-034,TRAC-726017,OHE Wire Wear,Medium,-7,6.0,2026-07-03
TDMS-01724,TDMS,Traction Distribution,South Central Railway,CORR-027,TRAC-118601,Traction Substation Fault,Medium,-2,6.5,2026-06-03
TDMS-01725,TDMS,Traction Distribution,South Central Railway,CORR-023,TRAC-721188,Earthing Fault,Medium,-3,5.9,2026-05-24
TDMS-01726,TDMS,Traction Distribution,South Central Railway,CORR-034,TRAC-662439,Circuit Breaker Fault,Medium,-8,6.4,2026-07-09
TDMS-01727,TDMS,Traction Distribution,South Central Railway,CORR-040,TRAC-263113,Feeder Fault,Medium,5,8.8,2026-06-25
TDMS-01728,TDMS,Traction Distribution,South Central Railway,CORR-020,TRAC-804042,Earthing Fault,Medium,17,9.0,2026-06-13
TDMS-01729,TDMS,Traction Distribution,South Central Railway,CORR-011,TRAC-439665,OHE Wire Wear,Medium,12,8.1,2026-06-15
TDMS-01730,TDMS,Traction Distribution,South Central Railway,CORR-033,TRAC-330459,Feeder Fault,Medium,-4,8.4,2026-05-20
TDMS-01731,TDMS,Traction Distribution,South Central Railway,CORR-016,TRAC-168256,Circuit Breaker Fault,Medium,1,4.8,2026-05-24
TDMS-01732,TDMS,Traction Distribution,South Central Railway,CORR-039,TRAC-349715,Earthing Fault,Medium,6,9.8,2026-07-02
TDMS-01733,TDMS,Traction Distribution,South Central Railway,CORR-011,TRAC-150882,OHE Wire Wear,Medium,-10,7.4,2026-07-11
TDMS-01734,TDMS,Traction Distribution,South Central Railway,CORR-033,TRAC-560030,OHE Wire Wear,Medium,13,8.1,2026-06-03
TDMS-01735,TDMS,Traction Distribution,South Central Railway,CORR-034,TRAC-783074,Feeder Fault,Medium,2,7.3,2026-06-11
TDMS-01736,TDMS,Traction Distribution,South Central Railway,CORR-034,TRAC-359562,Insulator Damage,Medium,-5,6.2,2026-05-27
TDMS-01737,TDMS,Traction Distribution,South Central Railway,CORR-027,TRAC-760650,Feeder Fault,Medium,5,7.0,2026-07-10
TDMS-01738,TDMS,Traction Distribution,South Central Railway,CORR-001,TRAC-253256,Feeder Fault,Medium,-6,8.5,2026-07-07
TDMS-01739,TDMS,Traction Distribution,South Central Railway,CORR-027,TRAC-221066,Insulator Damage,Medium,18,9.6,2026-07-15
TDMS-01740,TDMS,Traction Distribution,South Central Railway,CORR-016,TRAC-199580,Circuit Breaker Fault,Medium,14,7.5,2026-07-13
TDMS-01741,TDMS,Traction Distribution,South Central Railway,CORR-033,TRAC-645514,OHE Wire Wear,Medium,11,7.0,2026-07-11
TDMS-01742,TDMS,Traction Distribution,South Central Railway,CORR-039,TRAC-736249,OHE Wire Wear,Medium,5,8.6,2026-05-04
TDMS-01743,TDMS,Traction Distribution,South Central Railway,CORR-011,TRAC-199782,Insulator Damage,Medium,8,4.5,2026-05-10
TDMS-01744,TDMS,Traction Distribution,South Central Railway,CORR-020,TRAC-287431,Feeder Fault,Medium,7,7.4,2026-07-31
TDMS-01745,TDMS,Traction Distribution,South Central Railway,CORR-011,TRAC-670361,Traction Substation Fault,Medium,-7,5.1,2026-05-30
TDMS-01746,TDMS,Traction Distribution,South Central Railway,CORR-023,TRAC-512869,OHE Wire Wear,Medium,10,9.1,2026-07-05
TDMS-01747,TDMS,Traction Distribution,South Central Railway,CORR-034,TRAC-831341,Earthing Fault,Medium,-5,8.0,2026-06-19
TDMS-01748,TDMS,Traction Distribution,South Central Railway,CORR-001,TRAC-274455,Traction Substation Fault,Medium,3,5.3,2026-07-25
TDMS-01749,TDMS,Traction Distribution,South Central Railway,CORR-001,TRAC-994015,Insulator Damage,Medium,9,6.0,2026-07-19
TDMS-01750,TDMS,Traction Distribution,South Central Railway,CORR-039,TRAC-666905,Traction Substation Fault,Medium,12,5.5,2026-06-15
TDMS-01751,TDMS,Traction Distribution,South Central Railway,CORR-016,TRAC-253924,Feeder Fault,Medium,-10,8.3,2026-05-22
TDMS-01752,TDMS,Traction Distribution,South Central Railway,CORR-020,TRAC-472673,Feeder Fault,Medium,-4,4.2,2026-07-09
TDMS-01753,TDMS,Traction Distribution,South Central Railway,CORR-034,TRAC-706675,Earthing Fault,Medium,-3,9.3,2026-05-18
TDMS-01754,TDMS,Traction Distribution,South Central Railway,CORR-023,TRAC-206396,Earthing Fault,Medium,-3,4.7,2026-07-25
TDMS-01755,TDMS,Traction Distribution,South Central Railway,CORR-040,TRAC-370554,Earthing Fault,Medium,15,7.8,2026-06-25
TDMS-01756,TDMS,Traction Distribution,South Central Railway,CORR-020,TRAC-775891,Insulator Damage,Medium,-10,4.4,2026-05-27
TDMS-01757,TDMS,Traction Distribution,South Central Railway,CORR-020,TRAC-936106,Earthing Fault,Medium,-1,6.3,2026-05-14
TDMS-01758,TDMS,Traction Distribution,South Central Railway,CORR-033,TRAC-243647,Traction Substation Fault,Medium,-7,8.3,2026-05-14
TDMS-01759,TDMS,Traction Distribution,South Central Railway,CORR-016,TRAC-319713,OHE Wire Wear,Medium,13,4.2,2026-05-18
TDMS-01760,TDMS,Traction Distribution,South Central Railway,CORR-020,TRAC-942391,Insulator Damage,Medium,9,5.1,2026-07-05
TDMS-01761,TDMS,Traction Distribution,South Central Railway,CORR-027,TRAC-636971,Earthing Fault,Medium,14,7.5,2026-07-28
TDMS-01762,TDMS,Traction Distribution,South Central Railway,CORR-016,TRAC-865342,Insulator Damage,Medium,12,4.2,2026-07-07
TDMS-01763,TDMS,Traction Distribution,South Central Railway,CORR-034,TRAC-363004,OHE Wire Wear,Medium,-2,8.4,2026-07-12
TDMS-01764,TDMS,Traction Distribution,South Central Railway,CORR-034,TRAC-233283,OHE Wire Wear,Medium,-1,4.4,2026-07-22
TDMS-01765,TDMS,Traction Distribution,South Central Railway,CORR-040,TRAC-959368,Insulator Damage,Medium,14,8.9,2026-07-01
TDMS-01766,TDMS,Traction Distribution,South Central Railway,CORR-027,TRAC-516046,Insulator Damage,Medium,3,5.3,2026-05-14
TDMS-01767,TDMS,Traction Distribution,South Central Railway,CORR-033,TRAC-792432,OHE Wire Wear,Medium,4,4.4,2026-05-09
TDMS-01768,TDMS,Traction Distribution,South Central Railway,CORR-027,TRAC-934230,Circuit Breaker Fault,Medium,11,6.9,2026-06-05
TDMS-01769,TDMS,Traction Distribution,South Central Railway,CORR-011,TRAC-516296,Circuit Breaker Fault,Medium,4,6.7,2026-05-12
TDMS-01770,TDMS,Traction Distribution,South Central Railway,CORR-039,TRAC-202582,OHE Wire Wear,Medium,16,6.2,2026-06-26
TDMS-01771,TDMS,Traction Distribution,South Central Railway,CORR-033,TRAC-157596,Insulator Damage,Medium,-9,7.9,2026-06-11
TDMS-01772,TDMS,Traction Distribution,South Central Railway,CORR-027,TRAC-650804,Feeder Fault,Medium,10,6.0,2026-06-19
TDMS-01773,TDMS,Traction Distribution,South Central Railway,CORR-033,TRAC-583225,OHE Wire Wear,Medium,-9,5.7,2026-07-07
TDMS-01774,TDMS,Traction Distribution,South Central Railway,CORR-023,TRAC-700016,Traction Substation Fault,Medium,18,9.8,2026-07-18
TDMS-01775,TDMS,Traction Distribution,South Central Railway,CORR-011,TRAC-641791,Earthing Fault,Medium,19,6.9,2026-06-03
TDMS-01776,TDMS,Traction Distribution,South Central Railway,CORR-033,TRAC-261132,Circuit Breaker Fault,Medium,19,7.1,2026-06-03
TDMS-01777,TDMS,Traction Distribution,South Central Railway,CORR-001,TRAC-451372,Feeder Fault,Medium,-9,5.7,2026-07-17
TDMS-01778,TDMS,Traction Distribution,South Central Railway,CORR-001,TRAC-679997,Insulator Damage,Medium,16,9.7,2026-05-07
TDMS-01779,TDMS,Traction Distribution,South Central Railway,CORR-033,TRAC-440417,OHE Wire Wear,Medium,13,4.9,2026-07-18
TDMS-01780,TDMS,Traction Distribution,South Central Railway,CORR-020,TRAC-216648,Traction Substation Fault,Medium,-8,7.6,2026-06-07
TDMS-01781,TDMS,Traction Distribution,South Central Railway,CORR-039,TRAC-297786,Earthing Fault,Medium,15,8.6,2026-05-18
TDMS-01782,TDMS,Traction Distribution,South Central Railway,CORR-027,TRAC-523030,OHE Wire Wear,Medium,2,7.3,2026-06-01
TDMS-01783,TDMS,Traction Distribution,South Central Railway,CORR-027,TRAC-274648,Earthing Fault,Medium,8,5.0,2026-05-21
TDMS-01784,TDMS,Traction Distribution,South Central Railway,CORR-039,TRAC-488167,Earthing Fault,Medium,13,8.9,2026-07-17
TDMS-01785,TDMS,Traction Distribution,South Central Railway,CORR-040,TRAC-605999,Insulator Damage,Medium,13,5.3,2026-07-15
TDMS-01786,TDMS,Traction Distribution,South Central Railway,CORR-001,TRAC-289054,OHE Wire Wear,Medium,0,9.0,2026-07-02
TDMS-01787,TDMS,Traction Distribution,South Central Railway,CORR-033,TRAC-127810,Feeder Fault,Medium,7,7.6,2026-06-08
TDMS-01788,TDMS,Traction Distribution,South Central Railway,CORR-039,TRAC-907709,Feeder Fault,Medium,8,5.2,2026-07-16
TDMS-01789,TDMS,Traction Distribution,South Central Railway,CORR-023,TRAC-231485,Circuit Breaker Fault,Medium,-10,4.1,2026-07-20
TDMS-01790,TDMS,Traction Distribution,South Central Railway,CORR-039,TRAC-887117,Feeder Fault,Medium,-4,7.2,2026-06-02
TDMS-01791,TDMS,Traction Distribution,South Central Railway,CORR-033,TRAC-304762,Insulator Damage,Medium,-10,4.6,2026-06-16
TDMS-01792,TDMS,Traction Distribution,South Central Railway,CORR-039,TRAC-750427,Circuit Breaker Fault,Medium,-6,7.7,2026-05-30
TDMS-01793,TDMS,Traction Distribution,South Central Railway,CORR-023,TRAC-459998,Traction Substation Fault,Medium,-7,4.7,2026-05-23
TDMS-01794,TDMS,Traction Distribution,South Central Railway,CORR-011,TRAC-970649,Circuit Breaker Fault,Medium,17,6.3,2026-05-10
TDMS-01795,TDMS,Traction Distribution,South Central Railway,CORR-033,TRAC-491422,Traction Substation Fault,Medium,-6,8.2,2026-06-06
TDMS-01796,TDMS,Traction Distribution,South Central Railway,CORR-011,TRAC-193369,Feeder Fault,Medium,-9,9.7,2026-07-31
TDMS-01797,TDMS,Traction Distribution,South Central Railway,CORR-039,TRAC-983743,Circuit Breaker Fault,Medium,-5,9.1,2026-05-26
TDMS-01798,TDMS,Traction Distribution,South Central Railway,CORR-011,TRAC-723700,Circuit Breaker Fault,Medium,17,9.6,2026-05-24
TDMS-01799,TDMS,Traction Distribution,South Central Railway,CORR-020,TRAC-865636,Circuit Breaker Fault,Medium,9,5.0,2026-05-14
TDMS-01800,TDMS,Traction Distribution,South Central Railway,CORR-033,TRAC-764072,Circuit Breaker Fault,Medium,8,6.9,2026-05-14
TDMS-01801,TDMS,Traction Distribution,South Central Railway,CORR-040,TRAC-905654,Insulator Damage,Medium,14,6.2,2026-07-15
TDMS-01802,TDMS,Traction Distribution,South Central Railway,CORR-039,TRAC-648048,Feeder Fault,Medium,1,5.4,2026-07-05
TDMS-01803,TDMS,Traction Distribution,South Central Railway,CORR-039,TRAC-814686,OHE Wire Wear,Medium,4,6.0,2026-06-25
TDMS-01804,TDMS,Traction Distribution,South Central Railway,CORR-040,TRAC-933579,Traction Substation Fault,Medium,18,9.1,2026-06-01
TDMS-01805,TDMS,Traction Distribution,South Central Railway,CORR-023,TRAC-101724,Feeder Fault,Medium,2,4.8,2026-06-21
TDMS-01806,TDMS,Traction Distribution,South Central Railway,CORR-034,TRAC-816310,Feeder Fault,Medium,4,7.3,2026-07-28
TDMS-01807,TDMS,Traction Distribution,South Central Railway,CORR-023,TRAC-459394,OHE Wire Wear,Medium,0,8.5,2026-06-27
TDMS-01808,TDMS,Traction Distribution,South Central Railway,CORR-033,TRAC-555337,Traction Substation Fault,Medium,0,7.9,2026-05-31
TDMS-01809,TDMS,Traction Distribution,South Central Railway,CORR-033,TRAC-256623,Insulator Damage,Medium,13,5.2,2026-06-21
TDMS-01810,TDMS,Traction Distribution,South Central Railway,CORR-023,TRAC-978855,Circuit Breaker Fault,Medium,0,5.9,2026-06-09
TDMS-01811,TDMS,Traction Distribution,South Central Railway,CORR-001,TRAC-960517,Traction Substation Fault,High,6,9.8,2026-05-04
TDMS-01812,TDMS,Traction Distribution,South Central Railway,CORR-034,TRAC-739434,Feeder Fault,High,6,7.3,2026-07-25
TDMS-01813,TDMS,Traction Distribution,South Central Railway,CORR-023,TRAC-120689,Circuit Breaker Fault,High,25,12.3,2026-05-13
TDMS-01814,TDMS,Traction Distribution,South Central Railway,CORR-023,TRAC-177182,Circuit Breaker Fault,High,15,11.0,2026-07-26
TDMS-01815,TDMS,Traction Distribution,South Central Railway,CORR-033,TRAC-821392,Circuit Breaker Fault,High,22,7.2,2026-06-19
TDMS-01816,TDMS,Traction Distribution,South Central Railway,CORR-040,TRAC-344723,OHE Wire Wear,High,6,8.9,2026-07-19
TDMS-01817,TDMS,Traction Distribution,South Central Railway,CORR-034,TRAC-394563,Insulator Damage,High,20,7.4,2026-05-25
TDMS-01818,TDMS,Traction Distribution,South Central Railway,CORR-023,TRAC-543728,OHE Wire Wear,High,32,13.1,2026-05-24
TDMS-01819,TDMS,Traction Distribution,South Central Railway,CORR-011,TRAC-621955,Insulator Damage,High,5,9.6,2026-07-09
TDMS-01820,TDMS,Traction Distribution,South Central Railway,CORR-011,TRAC-366240,OHE Wire Wear,High,19,7.4,2026-05-28
TDMS-01821,TDMS,Traction Distribution,South Central Railway,CORR-027,TRAC-718288,Circuit Breaker Fault,High,26,13.4,2026-07-01
TDMS-01822,TDMS,Traction Distribution,South Central Railway,CORR-011,TRAC-314291,Traction Substation Fault,High,18,8.9,2026-06-12
TDMS-01823,TDMS,Traction Distribution,South Central Railway,CORR-023,TRAC-449408,Insulator Damage,High,16,7.6,2026-07-24
TDMS-01824,TDMS,Traction Distribution,South Central Railway,CORR-034,TRAC-886282,Insulator Damage,High,16,12.3,2026-07-30
TDMS-01825,TDMS,Traction Distribution,South Central Railway,CORR-011,TRAC-945424,Circuit Breaker Fault,High,3,15.8,2026-05-29
TDMS-01826,TDMS,Traction Distribution,South Central Railway,CORR-027,TRAC-162116,Traction Substation Fault,High,15,6.1,2026-05-22
TDMS-01827,TDMS,Traction Distribution,South Central Railway,CORR-039,TRAC-648033,Traction Substation Fault,High,18,6.7,2026-05-29
TDMS-01828,TDMS,Traction Distribution,South Central Railway,CORR-033,TRAC-310606,Earthing Fault,High,33,8.4,2026-07-10
TDMS-01829,TDMS,Traction Distribution,South Central Railway,CORR-033,TRAC-919477,Circuit Breaker Fault,High,4,15.7,2026-06-24
TDMS-01830,TDMS,Traction Distribution,South Central Railway,CORR-023,TRAC-996470,Feeder Fault,High,32,7.6,2026-06-25
TDMS-01831,TDMS,Traction Distribution,South Central Railway,CORR-011,TRAC-573037,Earthing Fault,High,17,11.0,2026-05-18
TDMS-01832,TDMS,Traction Distribution,South Central Railway,CORR-023,TRAC-675352,Insulator Damage,High,32,9.4,2026-06-13
TDMS-01833,TDMS,Traction Distribution,South Central Railway,CORR-023,TRAC-986881,Traction Substation Fault,High,33,6.9,2026-07-05
TDMS-01834,TDMS,Traction Distribution,South Central Railway,CORR-023,TRAC-120973,Insulator Damage,High,31,9.5,2026-07-11
TDMS-01835,TDMS,Traction Distribution,South Central Railway,CORR-016,TRAC-389660,Circuit Breaker Fault,High,10,9.7,2026-05-26
TDMS-01836,TDMS,Traction Distribution,South Central Railway,CORR-040,TRAC-789718,Feeder Fault,High,23,11.3,2026-06-04
TDMS-01837,TDMS,Traction Distribution,South Central Railway,CORR-033,TRAC-596037,Circuit Breaker Fault,High,27,9.9,2026-05-13
TDMS-01838,TDMS,Traction Distribution,South Central Railway,CORR-023,TRAC-565153,Feeder Fault,High,17,7.4,2026-07-23
TDMS-01839,TDMS,Traction Distribution,South Central Railway,CORR-011,TRAC-370905,Earthing Fault,High,20,10.9,2026-06-18
TDMS-01840,TDMS,Traction Distribution,South Central Railway,CORR-033,TRAC-415128,Traction Substation Fault,High,17,9.7,2026-08-01
TDMS-01841,TDMS,Traction Distribution,South Central Railway,CORR-033,TRAC-204219,OHE Wire Wear,High,18,15.6,2026-06-01
TDMS-01842,TDMS,Traction Distribution,South Central Railway,CORR-027,TRAC-580346,Insulator Damage,High,24,10.4,2026-07-24
TDMS-01843,TDMS,Traction Distribution,South Central Railway,CORR-040,TRAC-464190,OHE Wire Wear,High,18,14.0,2026-05-20
TDMS-01844,TDMS,Traction Distribution,South Central Railway,CORR-039,TRAC-585357,Feeder Fault,High,11,15.2,2026-07-31
TDMS-01845,TDMS,Traction Distribution,South Central Railway,CORR-001,TRAC-653188,Earthing Fault,High,4,13.4,2026-05-16
TDMS-01846,TDMS,Traction Distribution,South Central Railway,CORR-033,TRAC-859754,Insulator Damage,High,16,11.6,2026-07-12
TDMS-01847,TDMS,Traction Distribution,South Central Railway,CORR-016,TRAC-386220,Insulator Damage,High,18,6.9,2026-07-03
TDMS-01848,TDMS,Traction Distribution,South Central Railway,CORR-033,TRAC-752169,Insulator Damage,High,1,11.8,2026-06-14
TDMS-01849,TDMS,Traction Distribution,South Central Railway,CORR-027,TRAC-292295,Traction Substation Fault,High,0,11.3,2026-06-23
TDMS-01850,TDMS,Traction Distribution,South Central Railway,CORR-023,TRAC-457206,Earthing Fault,High,33,12.8,2026-05-24
TDMS-01851,TDMS,Traction Distribution,South Central Railway,CORR-039,TRAC-249714,Earthing Fault,High,18,10.2,2026-06-04
TDMS-01852,TDMS,Traction Distribution,South Central Railway,CORR-034,TRAC-468571,Feeder Fault,High,17,10.1,2026-05-11
TDMS-01853,TDMS,Traction Distribution,South Central Railway,CORR-033,TRAC-717728,Traction Substation Fault,High,17,10.5,2026-06-18
TDMS-01854,TDMS,Traction Distribution,South Central Railway,CORR-020,TRAC-588225,OHE Wire Wear,High,14,8.0,2026-07-17
TDMS-01855,TDMS,Traction Distribution,South Central Railway,CORR-033,TRAC-711740,OHE Wire Wear,High,5,13.2,2026-05-16
TDMS-01856,TDMS,Traction Distribution,South Central Railway,CORR-011,TRAC-186450,OHE Wire Wear,High,22,13.4,2026-05-19
TDMS-01857,TDMS,Traction Distribution,South Central Railway,CORR-027,TRAC-866650,Earthing Fault,High,16,7.9,2026-07-09
TDMS-01858,TDMS,Traction Distribution,South Central Railway,CORR-001,TRAC-708317,Insulator Damage,High,23,12.8,2026-05-27
TDMS-01859,TDMS,Traction Distribution,South Central Railway,CORR-040,TRAC-606975,Traction Substation Fault,High,20,8.8,2026-07-03
TDMS-01860,TDMS,Traction Distribution,South Central Railway,CORR-020,TRAC-537623,Circuit Breaker Fault,High,1,8.2,2026-06-19
TDMS-01861,TDMS,Traction Distribution,South Central Railway,CORR-020,TRAC-762084,Earthing Fault,High,19,7.0,2026-07-10
TDMS-01862,TDMS,Traction Distribution,South Central Railway,CORR-023,TRAC-821069,Circuit Breaker Fault,High,19,9.2,2026-06-20
TDMS-01863,TDMS,Traction Distribution,South Central Railway,CORR-001,TRAC-560794,Insulator Damage,High,33,12.9,2026-06-06
TDMS-01864,TDMS,Traction Distribution,South Central Railway,CORR-034,TRAC-457476,Traction Substation Fault,High,5,9.4,2026-05-06
TDMS-01865,TDMS,Traction Distribution,South Central Railway,CORR-020,TRAC-339055,Circuit Breaker Fault,High,12,15.9,2026-07-20
TDMS-01866,TDMS,Traction Distribution,South Central Railway,CORR-016,TRAC-529195,Traction Substation Fault,High,7,12.7,2026-05-10
TDMS-01867,TDMS,Traction Distribution,South Central Railway,CORR-033,TRAC-546825,Traction Substation Fault,High,9,10.3,2026-05-06
TDMS-01868,TDMS,Traction Distribution,South Central Railway,CORR-033,TRAC-235392,Insulator Damage,High,8,11.3,2026-07-13
TDMS-01869,TDMS,Traction Distribution,South Central Railway,CORR-039,TRAC-223870,Insulator Damage,High,20,16.0,2026-07-09
TDMS-01870,TDMS,Traction Distribution,South Central Railway,CORR-034,TRAC-472542,Insulator Damage,High,28,15.5,2026-06-11
TDMS-01871,TDMS,Traction Distribution,South Central Railway,CORR-023,TRAC-486080,OHE Wire Wear,High,0,6.3,2026-07-24
TDMS-01872,TDMS,Traction Distribution,South Central Railway,CORR-039,TRAC-983251,OHE Wire Wear,High,4,6.5,2026-06-17
TDMS-01873,TDMS,Traction Distribution,South Central Railway,CORR-023,TRAC-416574,Circuit Breaker Fault,High,11,13.7,2026-07-13
TDMS-01874,TDMS,Traction Distribution,South Central Railway,CORR-020,TRAC-654130,Earthing Fault,High,26,8.7,2026-05-23
TDMS-01875,TDMS,Traction Distribution,South Central Railway,CORR-023,TRAC-268791,Earthing Fault,High,25,9.2,2026-07-02
TDMS-01876,TDMS,Traction Distribution,South Central Railway,CORR-001,TRAC-239935,Insulator Damage,High,18,8.7,2026-07-19
TDMS-01877,TDMS,Traction Distribution,South Central Railway,CORR-039,TRAC-449270,Earthing Fault,High,4,8.5,2026-05-21
TDMS-01878,TDMS,Traction Distribution,South Central Railway,CORR-020,TRAC-998228,Traction Substation Fault,High,8,9.4,2026-07-11
TDMS-01879,TDMS,Traction Distribution,South Central Railway,CORR-020,TRAC-963568,Traction Substation Fault,High,10,13.7,2026-07-30
TDMS-01880,TDMS,Traction Distribution,South Central Railway,CORR-033,TRAC-751892,Traction Substation Fault,High,34,10.3,2026-08-01
TDMS-01881,TDMS,Traction Distribution,South Central Railway,CORR-027,TRAC-462230,Feeder Fault,High,0,7.7,2026-07-14
TDMS-01882,TDMS,Traction Distribution,South Central Railway,CORR-039,TRAC-980353,Traction Substation Fault,High,19,14.7,2026-05-27
TDMS-01883,TDMS,Traction Distribution,South Central Railway,CORR-016,TRAC-485703,Circuit Breaker Fault,High,5,7.7,2026-05-18
TDMS-01884,TDMS,Traction Distribution,South Central Railway,CORR-020,TRAC-496382,Earthing Fault,High,8,11.9,2026-07-04
TDMS-01885,TDMS,Traction Distribution,South Central Railway,CORR-016,TRAC-596890,Circuit Breaker Fault,High,1,6.5,2026-07-30
TDMS-01886,TDMS,Traction Distribution,South Central Railway,CORR-033,TRAC-794482,Insulator Damage,High,24,10.4,2026-07-01
TDMS-01887,TDMS,Traction Distribution,South Central Railway,CORR-039,TRAC-396052,Feeder Fault,High,32,9.2,2026-05-12
TDMS-01888,TDMS,Traction Distribution,South Central Railway,CORR-020,TRAC-330193,Insulator Damage,High,14,12.9,2026-07-21
TDMS-01889,TDMS,Traction Distribution,South Central Railway,CORR-034,TRAC-876314,Circuit Breaker Fault,High,32,12.3,2026-07-15
TDMS-01890,TDMS,Traction Distribution,South Central Railway,CORR-034,TRAC-160620,Circuit Breaker Fault,High,10,8.2,2026-05-11
TDMS-01891,TDMS,Traction Distribution,South Central Railway,CORR-040,TRAC-452123,Feeder Fault,High,5,10.5,2026-05-21
TDMS-01892,TDMS,Traction Distribution,South Central Railway,CORR-039,TRAC-108070,Feeder Fault,High,0,9.5,2026-07-28
TDMS-01893,TDMS,Traction Distribution,South Central Railway,CORR-001,TRAC-442660,OHE Wire Wear,High,7,14.9,2026-05-05
TDMS-01894,TDMS,Traction Distribution,South Central Railway,CORR-011,TRAC-105762,Feeder Fault,High,18,12.6,2026-05-19
TDMS-01895,TDMS,Traction Distribution,South Central Railway,CORR-027,TRAC-877128,Circuit Breaker Fault,High,15,7.8,2026-06-03
TDMS-01896,TDMS,Traction Distribution,South Central Railway,CORR-023,TRAC-507780,OHE Wire Wear,High,11,10.0,2026-05-21
TDMS-01897,TDMS,Traction Distribution,South Central Railway,CORR-033,TRAC-609160,Circuit Breaker Fault,High,11,15.1,2026-07-14
TDMS-01898,TDMS,Traction Distribution,South Central Railway,CORR-039,TRAC-420004,Feeder Fault,High,11,11.9,2026-05-15
TDMS-01899,TDMS,Traction Distribution,South Central Railway,CORR-027,TRAC-130556,OHE Wire Wear,High,14,8.4,2026-05-27
TDMS-01900,TDMS,Traction Distribution,South Central Railway,CORR-023,TRAC-403367,Circuit Breaker Fault,High,32,11.1,2026-07-27
TDMS-01901,TDMS,Traction Distribution,South Central Railway,CORR-040,TRAC-733708,Earthing Fault,High,10,8.8,2026-06-24
TDMS-01902,TDMS,Traction Distribution,South Central Railway,CORR-034,TRAC-343087,Circuit Breaker Fault,High,5,8.9,2026-07-07
TDMS-01903,TDMS,Traction Distribution,South Central Railway,CORR-020,TRAC-450403,Circuit Breaker Fault,High,21,6.7,2026-05-28
TDMS-01904,TDMS,Traction Distribution,South Central Railway,CORR-027,TRAC-779007,Traction Substation Fault,High,15,7.2,2026-07-18
TDMS-01905,TDMS,Traction Distribution,South Central Railway,CORR-027,TRAC-607117,Circuit Breaker Fault,High,25,11.4,2026-07-25
TDMS-01906,TDMS,Traction Distribution,South Central Railway,CORR-027,TRAC-245099,Circuit Breaker Fault,High,6,14.7,2026-06-29
TDMS-01907,TDMS,Traction Distribution,South Central Railway,CORR-034,TRAC-782190,Feeder Fault,High,31,6.2,2026-06-30
TDMS-01908,TDMS,Traction Distribution,South Central Railway,CORR-016,TRAC-129051,Circuit Breaker Fault,High,34,14.6,2026-07-01
TDMS-01909,TDMS,Traction Distribution,South Central Railway,CORR-034,TRAC-515369,Earthing Fault,High,28,9.9,2026-07-25
TDMS-01910,TDMS,Traction Distribution,South Central Railway,CORR-020,TRAC-509985,OHE Wire Wear,High,19,13.1,2026-05-10
TDMS-01911,TDMS,Traction Distribution,South Central Railway,CORR-027,TRAC-459755,Circuit Breaker Fault,High,30,11.8,2026-07-08
TDMS-01912,TDMS,Traction Distribution,South Central Railway,CORR-016,TRAC-997742,Earthing Fault,High,3,8.5,2026-07-13
TDMS-01913,TDMS,Traction Distribution,South Central Railway,CORR-023,TRAC-664799,Insulator Damage,High,2,11.4,2026-05-28
TDMS-01914,TDMS,Traction Distribution,South Central Railway,CORR-011,TRAC-384709,OHE Wire Wear,High,30,6.8,2026-06-06
TDMS-01915,TDMS,Traction Distribution,South Central Railway,CORR-034,TRAC-592465,Feeder Fault,High,26,11.8,2026-06-11
TDMS-01916,TDMS,Traction Distribution,South Central Railway,CORR-011,TRAC-581043,Feeder Fault,High,1,8.3,2026-05-22
TDMS-01917,TDMS,Traction Distribution,South Central Railway,CORR-016,TRAC-797103,Insulator Damage,High,13,12.0,2026-05-23
TDMS-01918,TDMS,Traction Distribution,South Central Railway,CORR-033,TRAC-957883,Circuit Breaker Fault,High,28,8.8,2026-06-15
TDMS-01919,TDMS,Traction Distribution,South Central Railway,CORR-040,TRAC-301302,Circuit Breaker Fault,High,8,11.8,2026-06-22
TDMS-01920,TDMS,Traction Distribution,South Central Railway,CORR-023,TRAC-293762,Earthing Fault,High,19,6.6,2026-05-12
TDMS-01921,TDMS,Traction Distribution,South Central Railway,CORR-023,TRAC-889913,Feeder Fault,High,33,9.9,2026-05-14
TDMS-01922,TDMS,Traction Distribution,South Central Railway,CORR-040,TRAC-143817,Earthing Fault,High,7,8.5,2026-06-30
TDMS-01923,TDMS,Traction Distribution,South Central Railway,CORR-023,TRAC-255607,Insulator Damage,High,12,11.5,2026-05-17
TDMS-01924,TDMS,Traction Distribution,South Central Railway,CORR-020,TRAC-812981,Traction Substation Fault,High,5,14.6,2026-05-21
TDMS-01925,TDMS,Traction Distribution,South Central Railway,CORR-027,TRAC-901189,OHE Wire Wear,High,33,11.3,2026-05-14
TDMS-01926,TDMS,Traction Distribution,South Central Railway,CORR-020,TRAC-283054,Feeder Fault,High,8,12.0,2026-07-14
TDMS-01927,TDMS,Traction Distribution,South Central Railway,CORR-040,TRAC-919898,Traction Substation Fault,High,13,8.1,2026-05-09
TDMS-01928,TDMS,Traction Distribution,South Central Railway,CORR-027,TRAC-369747,Circuit Breaker Fault,High,21,14.1,2026-06-22
TDMS-01929,TDMS,Traction Distribution,South Central Railway,CORR-016,TRAC-720449,Earthing Fault,High,5,15.0,2026-07-14
TDMS-01930,TDMS,Traction Distribution,South Central Railway,CORR-016,TRAC-667601,Feeder Fault,High,5,11.9,2026-05-19
TDMS-01931,TDMS,Traction Distribution,South Central Railway,CORR-020,TRAC-945220,Circuit Breaker Fault,High,26,8.2,2026-05-26
TDMS-01932,TDMS,Traction Distribution,South Central Railway,CORR-011,TRAC-530486,Insulator Damage,High,1,10.5,2026-06-20
TDMS-01933,TDMS,Traction Distribution,South Central Railway,CORR-027,TRAC-731363,Insulator Damage,High,2,10.4,2026-07-07
TDMS-01934,TDMS,Traction Distribution,South Central Railway,CORR-027,TRAC-981493,OHE Wire Wear,High,22,12.6,2026-05-25
TDMS-01935,TDMS,Traction Distribution,South Central Railway,CORR-011,TRAC-247717,Feeder Fault,High,7,9.0,2026-06-06
TDMS-01936,TDMS,Traction Distribution,South Central Railway,CORR-027,TRAC-460091,Insulator Damage,High,6,9.2,2026-07-09
TDMS-01937,TDMS,Traction Distribution,South Central Railway,CORR-016,TRAC-619628,Circuit Breaker Fault,High,29,12.7,2026-05-20
TDMS-01938,TDMS,Traction Distribution,South Central Railway,CORR-034,TRAC-215625,Feeder Fault,High,34,7.2,2026-06-10
TDMS-01939,TDMS,Traction Distribution,South Central Railway,CORR-016,TRAC-472457,Circuit Breaker Fault,High,34,6.1,2026-07-01
TDMS-01940,TDMS,Traction Distribution,South Central Railway,CORR-016,TRAC-235120,OHE Wire Wear,High,17,8.6,2026-06-23
TDMS-01941,TDMS,Traction Distribution,South Central Railway,CORR-011,TRAC-517155,OHE Wire Wear,High,11,7.6,2026-06-06
TDMS-01942,TDMS,Traction Distribution,South Central Railway,CORR-033,TRAC-765180,Insulator Damage,High,32,8.1,2026-06-14
TDMS-01943,TDMS,Traction Distribution,South Central Railway,CORR-040,TRAC-631106,Circuit Breaker Fault,High,2,11.4,2026-06-12
TDMS-01944,TDMS,Traction Distribution,South Central Railway,CORR-033,TRAC-989844,Traction Substation Fault,High,10,14.4,2026-05-07
TDMS-01945,TDMS,Traction Distribution,South Central Railway,CORR-016,TRAC-315267,Traction Substation Fault,High,1,11.7,2026-07-26
TDMS-01946,TDMS,Traction Distribution,South Central Railway,CORR-034,TRAC-906020,Insulator Damage,High,22,11.3,2026-06-08
TDMS-01947,TDMS,Traction Distribution,South Central Railway,CORR-011,TRAC-138993,Feeder Fault,High,26,13.1,2026-05-12
TDMS-01948,TDMS,Traction Distribution,South Central Railway,CORR-016,TRAC-269136,Traction Substation Fault,High,7,12.1,2026-05-15
TDMS-01949,TDMS,Traction Distribution,South Central Railway,CORR-016,TRAC-436035,Earthing Fault,High,32,9.2,2026-05-28
TDMS-01950,TDMS,Traction Distribution,South Central Railway,CORR-039,TRAC-128310,Earthing Fault,High,9,6.4,2026-05-28
TDMS-01951,TDMS,Traction Distribution,South Central Railway,CORR-023,TRAC-176719,Earthing Fault,High,11,12.4,2026-06-13
TDMS-01952,TDMS,Traction Distribution,South Central Railway,CORR-027,TRAC-622918,Circuit Breaker Fault,High,23,6.8,2026-05-11
TDMS-01953,TDMS,Traction Distribution,South Central Railway,CORR-027,TRAC-643805,Insulator Damage,High,29,11.0,2026-05-17
TDMS-01954,TDMS,Traction Distribution,South Central Railway,CORR-034,TRAC-765356,Earthing Fault,High,3,10.0,2026-07-19
TDMS-01955,TDMS,Traction Distribution,South Central Railway,CORR-001,TRAC-449678,Earthing Fault,High,18,9.8,2026-05-11
TDMS-01956,TDMS,Traction Distribution,South Central Railway,CORR-034,TRAC-696801,Earthing Fault,High,0,6.4,2026-06-17
TDMS-01957,TDMS,Traction Distribution,South Central Railway,CORR-016,TRAC-121181,Circuit Breaker Fault,High,3,9.1,2026-07-05
TDMS-01958,TDMS,Traction Distribution,South Central Railway,CORR-033,TRAC-576340,OHE Wire Wear,High,28,13.0,2026-07-11
TDMS-01959,TDMS,Traction Distribution,South Central Railway,CORR-033,TRAC-259356,Circuit Breaker Fault,High,28,12.0,2026-07-20
TDMS-01960,TDMS,Traction Distribution,South Central Railway,CORR-023,TRAC-260170,OHE Wire Wear,High,10,6.5,2026-05-06
TDMS-01961,TDMS,Traction Distribution,South Central Railway,CORR-039,TRAC-543469,Circuit Breaker Fault,High,14,8.8,2026-07-23
TDMS-01962,TDMS,Traction Distribution,South Central Railway,CORR-039,TRAC-527651,Circuit Breaker Fault,High,8,8.6,2026-06-30
TDMS-01963,TDMS,Traction Distribution,South Central Railway,CORR-027,TRAC-814503,OHE Wire Wear,High,30,10.3,2026-07-02
TDMS-01964,TDMS,Traction Distribution,South Central Railway,CORR-016,TRAC-778161,Earthing Fault,High,18,15.8,2026-07-21
TDMS-01965,TDMS,Traction Distribution,South Central Railway,CORR-011,TRAC-589173,Earthing Fault,High,5,13.7,2026-07-22
TDMS-01966,TDMS,Traction Distribution,South Central Railway,CORR-040,TRAC-763039,Insulator Damage,High,4,8.1,2026-05-23
TDMS-01967,TDMS,Traction Distribution,South Central Railway,CORR-011,TRAC-892128,Feeder Fault,High,11,7.2,2026-07-26
TDMS-01968,TDMS,Traction Distribution,South Central Railway,CORR-033,TRAC-956477,Traction Substation Fault,High,11,9.6,2026-05-26
TDMS-01969,TDMS,Traction Distribution,South Central Railway,CORR-016,TRAC-936544,Feeder Fault,High,27,12.4,2026-06-04
TDMS-01970,TDMS,Traction Distribution,South Central Railway,CORR-011,TRAC-458570,Feeder Fault,High,25,8.8,2026-05-05
TDMS-01971,TDMS,Traction Distribution,South Central Railway,CORR-034,TRAC-268576,OHE Wire Wear,High,8,15.5,2026-08-01
TDMS-01972,TDMS,Traction Distribution,South Central Railway,CORR-039,TRAC-780957,OHE Wire Wear,High,16,6.7,2026-05-22
TDMS-01973,TDMS,Traction Distribution,South Central Railway,CORR-011,TRAC-920088,Insulator Damage,High,33,14.2,2026-06-29
TDMS-01974,TDMS,Traction Distribution,South Central Railway,CORR-020,TRAC-824797,Insulator Damage,High,34,6.8,2026-05-20
TDMS-01975,TDMS,Traction Distribution,South Central Railway,CORR-020,TRAC-970742,OHE Wire Wear,High,1,13.7,2026-07-21
TDMS-01976,TDMS,Traction Distribution,South Central Railway,CORR-039,TRAC-136880,Traction Substation Fault,High,13,12.9,2026-07-15
TDMS-01977,TDMS,Traction Distribution,South Central Railway,CORR-023,TRAC-693467,Insulator Damage,High,6,14.5,2026-06-15
TDMS-01978,TDMS,Traction Distribution,South Central Railway,CORR-011,TRAC-849713,Circuit Breaker Fault,High,4,8.9,2026-07-29
TDMS-01979,TDMS,Traction Distribution,South Central Railway,CORR-033,TRAC-160287,Feeder Fault,High,34,6.5,2026-06-12
TDMS-01980,TDMS,Traction Distribution,South Central Railway,CORR-039,TRAC-416289,Traction Substation Fault,High,7,9.9,2026-05-20
TDMS-01981,TDMS,Traction Distribution,South Central Railway,CORR-033,TRAC-665494,Circuit Breaker Fault,High,17,8.8,2026-06-20
TDMS-01982,TDMS,Traction Distribution,South Central Railway,CORR-001,TRAC-937988,Traction Substation Fault,High,11,13.0,2026-07-06
TDMS-01983,TDMS,Traction Distribution,South Central Railway,CORR-011,TRAC-683133,Insulator Damage,High,7,6.7,2026-06-12
TDMS-01984,TDMS,Traction Distribution,South Central Railway,CORR-033,TRAC-902394,Earthing Fault,High,33,8.3,2026-05-25
TDMS-01985,TDMS,Traction Distribution,South Central Railway,CORR-016,TRAC-396658,Feeder Fault,High,7,10.6,2026-06-29
TDMS-01986,TDMS,Traction Distribution,South Central Railway,CORR-034,TRAC-691961,OHE Wire Wear,High,29,11.4,2026-05-09
TDMS-01987,TDMS,Traction Distribution,South Central Railway,CORR-011,TRAC-463414,Earthing Fault,High,13,11.4,2026-07-26
TDMS-01988,TDMS,Traction Distribution,South Central Railway,CORR-023,TRAC-295952,Feeder Fault,High,24,8.9,2026-05-14
TDMS-01989,TDMS,Traction Distribution,South Central Railway,CORR-016,TRAC-728238,Circuit Breaker Fault,High,18,12.0,2026-06-21
TDMS-01990,TDMS,Traction Distribution,South Central Railway,CORR-001,TRAC-734831,Earthing Fault,High,2,9.3,2026-06-06
TDMS-01991,TDMS,Traction Distribution,South Central Railway,CORR-001,TRAC-263598,Insulator Damage,Critical,52,13.5,2026-06-12
TDMS-01992,TDMS,Traction Distribution,South Central Railway,CORR-027,TRAC-701059,Feeder Fault,Critical,32,13.7,2026-06-16
TDMS-01993,TDMS,Traction Distribution,South Central Railway,CORR-027,TRAC-232756,Circuit Breaker Fault,Critical,16,19.6,2026-07-18
TDMS-01994,TDMS,Traction Distribution,South Central Railway,CORR-023,TRAC-808248,Feeder Fault,Critical,32,18.0,2026-06-13
TDMS-01995,TDMS,Traction Distribution,South Central Railway,CORR-033,TRAC-702027,Feeder Fault,Critical,43,18.0,2026-07-21
TDMS-01996,TDMS,Traction Distribution,South Central Railway,CORR-033,TRAC-838143,Circuit Breaker Fault,Critical,17,11.9,2026-07-06
TDMS-01997,TDMS,Traction Distribution,South Central Railway,CORR-023,TRAC-277286,Circuit Breaker Fault,Critical,13,12.5,2026-07-20
TDMS-01998,TDMS,Traction Distribution,South Central Railway,CORR-016,TRAC-366746,Feeder Fault,Critical,52,26.1,2026-06-25
TDMS-01999,TDMS,Traction Distribution,South Central Railway,CORR-034,TRAC-586108,Insulator Damage,Critical,33,18.5,2026-07-21
TDMS-02000,TDMS,Traction Distribution,South Central Railway,CORR-023,TRAC-279276,Insulator Damage,Critical,5,18.3,2026-05-14
TDMS-02001,TDMS,Traction Distribution,South Central Railway,CORR-034,TRAC-144306,Circuit Breaker Fault,Critical,46,27.6,2026-05-29
TDMS-02002,TDMS,Traction Distribution,South Central Railway,CORR-001,TRAC-407092,Feeder Fault,Critical,5,13.4,2026-05-13
TDMS-02003,TDMS,Traction Distribution,South Central Railway,CORR-011,TRAC-578399,Feeder Fault,Critical,59,24.0,2026-05-20
TDMS-02004,TDMS,Traction Distribution,South Central Railway,CORR-023,TRAC-591071,Earthing Fault,Critical,10,14.5,2026-07-19
TDMS-02005,TDMS,Traction Distribution,South Central Railway,CORR-001,TRAC-318630,Feeder Fault,Critical,23,26.3,2026-05-05
TDMS-02006,TDMS,Traction Distribution,South Central Railway,CORR-020,TRAC-655287,Earthing Fault,Critical,32,25.6,2026-05-26
TDMS-02007,TDMS,Traction Distribution,South Central Railway,CORR-033,TRAC-211117,Circuit Breaker Fault,Critical,33,21.9,2026-05-09
TDMS-02008,TDMS,Traction Distribution,South Central Railway,CORR-016,TRAC-689672,Feeder Fault,Critical,18,25.1,2026-06-23
TDMS-02009,TDMS,Traction Distribution,South Central Railway,CORR-023,TRAC-174939,Circuit Breaker Fault,Critical,32,19.9,2026-06-26
TDMS-02010,TDMS,Traction Distribution,South Central Railway,CORR-016,TRAC-312985,Insulator Damage,Critical,57,25.3,2026-06-09
TDMS-02011,TDMS,Traction Distribution,South Central Railway,CORR-034,TRAC-900573,Traction Substation Fault,Critical,53,25.8,2026-05-10
TDMS-02012,TDMS,Traction Distribution,South Central Railway,CORR-040,TRAC-576589,Traction Substation Fault,Critical,58,20.6,2026-07-17
TDMS-02013,TDMS,Traction Distribution,South Central Railway,CORR-034,TRAC-583435,Earthing Fault,Critical,51,16.1,2026-07-31
TDMS-02014,TDMS,Traction Distribution,South Central Railway,CORR-027,TRAC-616413,Traction Substation Fault,Critical,32,22.6,2026-07-19
TDMS-02015,TDMS,Traction Distribution,South Central Railway,CORR-034,TRAC-944471,Earthing Fault,Critical,39,24.1,2026-07-22
TDMS-02016,TDMS,Traction Distribution,South Central Railway,CORR-011,TRAC-359728,Traction Substation Fault,Critical,47,20.7,2026-06-07
TDMS-02017,TDMS,Traction Distribution,South Central Railway,CORR-039,TRAC-580064,OHE Wire Wear,Critical,37,19.0,2026-07-27
TDMS-02018,TDMS,Traction Distribution,South Central Railway,CORR-039,TRAC-790599,Traction Substation Fault,Critical,48,18.4,2026-07-22
TDMS-02019,TDMS,Traction Distribution,South Central Railway,CORR-001,TRAC-140997,Traction Substation Fault,Critical,52,17.4,2026-07-19
TDMS-02020,TDMS,Traction Distribution,South Central Railway,CORR-033,TRAC-303554,Feeder Fault,Critical,28,17.0,2026-05-22
TDMS-02021,TDMS,Traction Distribution,South Central Railway,CORR-039,TRAC-777045,Feeder Fault,Critical,55,23.5,2026-07-15
TDMS-02022,TDMS,Traction Distribution,South Central Railway,CORR-027,TRAC-624399,Circuit Breaker Fault,Critical,16,16.6,2026-07-18
TDMS-02023,TDMS,Traction Distribution,South Central Railway,CORR-016,TRAC-443318,Feeder Fault,Critical,29,17.5,2026-06-25
TDMS-02024,TDMS,Traction Distribution,South Central Railway,CORR-020,TRAC-563126,Insulator Damage,Critical,23,26.5,2026-06-04
TDMS-02025,TDMS,Traction Distribution,South Central Railway,CORR-040,TRAC-135932,Earthing Fault,Critical,17,12.6,2026-07-18
TDMS-02026,TDMS,Traction Distribution,South Central Railway,CORR-016,TRAC-415942,Traction Substation Fault,Critical,43,23.5,2026-05-13
TDMS-02027,TDMS,Traction Distribution,South Central Railway,CORR-034,TRAC-144405,Circuit Breaker Fault,Critical,11,22.9,2026-07-25
TDMS-02028,TDMS,Traction Distribution,South Central Railway,CORR-001,TRAC-417938,Insulator Damage,Critical,11,16.5,2026-05-21
TDMS-02029,TDMS,Traction Distribution,South Central Railway,CORR-011,TRAC-299237,Circuit Breaker Fault,Critical,40,11.8,2026-07-18
TDMS-02030,TDMS,Traction Distribution,South Central Railway,CORR-001,TRAC-531436,Earthing Fault,Critical,56,29.4,2026-05-05
TDMS-02031,TDMS,Traction Distribution,South Central Railway,CORR-034,TRAC-786396,Traction Substation Fault,Critical,19,21.5,2026-05-16
TDMS-02032,TDMS,Traction Distribution,South Central Railway,CORR-016,TRAC-459853,Insulator Damage,Critical,55,26.8,2026-06-16
TDMS-02033,TDMS,Traction Distribution,South Central Railway,CORR-016,TRAC-917329,OHE Wire Wear,Critical,52,10.3,2026-06-15
TDMS-02034,TDMS,Traction Distribution,South Central Railway,CORR-027,TRAC-278280,Earthing Fault,Critical,42,20.2,2026-06-06
TDMS-02035,TDMS,Traction Distribution,South Central Railway,CORR-020,TRAC-718902,Circuit Breaker Fault,Critical,33,19.8,2026-07-20
TDMS-02036,TDMS,Traction Distribution,South Central Railway,CORR-034,TRAC-379786,Circuit Breaker Fault,Critical,36,23.1,2026-07-17
TDMS-02037,TDMS,Traction Distribution,South Central Railway,CORR-023,TRAC-976155,Earthing Fault,Critical,22,19.7,2026-06-10
TDMS-02038,TDMS,Traction Distribution,South Central Railway,CORR-016,TRAC-206124,Earthing Fault,Critical,7,29.5,2026-05-20
TDMS-02039,TDMS,Traction Distribution,South Central Railway,CORR-040,TRAC-282470,Traction Substation Fault,Critical,8,28.9,2026-07-24
TDMS-02040,TDMS,Traction Distribution,South Central Railway,CORR-011,TRAC-509564,Insulator Damage,Critical,30,23.4,2026-07-12
TDMS-02041,TDMS,Traction Distribution,South Central Railway,CORR-040,TRAC-328340,Insulator Damage,Critical,45,15.9,2026-07-11
TDMS-02042,TDMS,Traction Distribution,South Central Railway,CORR-001,TRAC-851220,Feeder Fault,Critical,44,19.9,2026-06-28
TDMS-02043,TDMS,Traction Distribution,South Central Railway,CORR-001,TRAC-518805,Circuit Breaker Fault,Critical,51,27.0,2026-06-29
TDMS-02044,TDMS,Traction Distribution,South Central Railway,CORR-023,TRAC-860563,Traction Substation Fault,Critical,16,16.1,2026-07-27
TDMS-02045,TDMS,Traction Distribution,South Central Railway,CORR-040,TRAC-485202,Earthing Fault,Critical,54,28.5,2026-05-15
TDMS-02046,TDMS,Traction Distribution,South Central Railway,CORR-027,TRAC-869135,Insulator Damage,Critical,38,24.9,2026-06-01
TDMS-02047,TDMS,Traction Distribution,South Central Railway,CORR-039,TRAC-875806,Earthing Fault,Critical,10,12.0,2026-07-23
TDMS-02048,TDMS,Traction Distribution,South Central Railway,CORR-020,TRAC-903430,Traction Substation Fault,Critical,54,22.2,2026-05-30
TDMS-02049,TDMS,Traction Distribution,South Central Railway,CORR-011,TRAC-644345,Feeder Fault,Critical,55,28.7,2026-06-20
TDMS-02050,TDMS,Traction Distribution,South Central Railway,CORR-040,TRAC-270627,Earthing Fault,Critical,46,13.1,2026-06-15
TDMS-02051,TDMS,Traction Distribution,Southern Railway,CORR-010,TRAC-168196,Traction Substation Fault,Low,3,4.0,2026-06-25
TDMS-02052,TDMS,Traction Distribution,Southern Railway,CORR-004,TRAC-765712,Insulator Damage,Low,-16,3.0,2026-06-23
TDMS-02053,TDMS,Traction Distribution,Southern Railway,CORR-021,TRAC-188133,Traction Substation Fault,Low,-1,5.8,2026-05-27
TDMS-02054,TDMS,Traction Distribution,Southern Railway,CORR-014,TRAC-602333,Insulator Damage,Low,7,2.9,2026-07-15
TDMS-02055,TDMS,Traction Distribution,Southern Railway,CORR-026,TRAC-492209,OHE Wire Wear,Low,-15,4.4,2026-06-21
TDMS-02056,TDMS,Traction Distribution,Southern Railway,CORR-014,TRAC-763936,Traction Substation Fault,Low,-11,3.6,2026-05-05
TDMS-02057,TDMS,Traction Distribution,Southern Railway,CORR-021,TRAC-767201,OHE Wire Wear,Low,-14,2.2,2026-05-04
TDMS-02058,TDMS,Traction Distribution,Southern Railway,CORR-014,TRAC-455140,Insulator Damage,Low,5,3.5,2026-06-04
TDMS-02059,TDMS,Traction Distribution,Southern Railway,CORR-005,TRAC-467063,OHE Wire Wear,Low,-12,2.2,2026-06-22
TDMS-02060,TDMS,Traction Distribution,Southern Railway,CORR-004,TRAC-111759,Circuit Breaker Fault,Low,-2,3.7,2026-07-11
TDMS-02061,TDMS,Traction Distribution,Southern Railway,CORR-002,TRAC-843967,Traction Substation Fault,Low,8,5.5,2026-06-11
TDMS-02062,TDMS,Traction Distribution,Southern Railway,CORR-002,TRAC-258444,Feeder Fault,Low,5,3.2,2026-05-22
TDMS-02063,TDMS,Traction Distribution,Southern Railway,CORR-004,TRAC-115676,Feeder Fault,Low,-9,5.4,2026-06-08
TDMS-02064,TDMS,Traction Distribution,Southern Railway,CORR-002,TRAC-429172,Circuit Breaker Fault,Low,-8,2.2,2026-05-31
TDMS-02065,TDMS,Traction Distribution,Southern Railway,CORR-021,TRAC-321543,Feeder Fault,Low,5,5.4,2026-06-15
TDMS-02066,TDMS,Traction Distribution,Southern Railway,CORR-004,TRAC-963615,Circuit Breaker Fault,Low,-1,4.3,2026-05-13
TDMS-02067,TDMS,Traction Distribution,Southern Railway,CORR-002,TRAC-453019,Feeder Fault,Low,9,4.9,2026-07-09
TDMS-02068,TDMS,Traction Distribution,Southern Railway,CORR-004,TRAC-692106,Traction Substation Fault,Low,-1,2.5,2026-07-15
TDMS-02069,TDMS,Traction Distribution,Southern Railway,CORR-005,TRAC-179669,OHE Wire Wear,Low,-20,5.3,2026-07-24
TDMS-02070,TDMS,Traction Distribution,Southern Railway,CORR-004,TRAC-813604,Traction Substation Fault,Low,-10,5.3,2026-07-19
TDMS-02071,TDMS,Traction Distribution,Southern Railway,CORR-010,TRAC-471111,Earthing Fault,Low,-12,3.5,2026-07-12
TDMS-02072,TDMS,Traction Distribution,Southern Railway,CORR-010,TRAC-979326,OHE Wire Wear,Low,4,3.7,2026-06-05
TDMS-02073,TDMS,Traction Distribution,Southern Railway,CORR-026,TRAC-663959,Traction Substation Fault,Low,7,5.3,2026-05-26
TDMS-02074,TDMS,Traction Distribution,Southern Railway,CORR-004,TRAC-473944,Traction Substation Fault,Low,-7,4.6,2026-07-05
TDMS-02075,TDMS,Traction Distribution,Southern Railway,CORR-021,TRAC-468753,Circuit Breaker Fault,Low,-14,3.0,2026-05-11
TDMS-02076,TDMS,Traction Distribution,Southern Railway,CORR-002,TRAC-445197,Feeder Fault,Low,2,3.8,2026-07-03
TDMS-02077,TDMS,Traction Distribution,Southern Railway,CORR-002,TRAC-259109,Earthing Fault,Low,-14,3.2,2026-05-27
TDMS-02078,TDMS,Traction Distribution,Southern Railway,CORR-002,TRAC-196905,Insulator Damage,Low,-20,4.1,2026-07-14
TDMS-02079,TDMS,Traction Distribution,Southern Railway,CORR-004,TRAC-661240,Feeder Fault,Low,0,5.5,2026-05-23
TDMS-02080,TDMS,Traction Distribution,Southern Railway,CORR-021,TRAC-302270,Insulator Damage,Low,-1,3.3,2026-06-12
TDMS-02081,TDMS,Traction Distribution,Southern Railway,CORR-005,TRAC-432885,OHE Wire Wear,Low,7,2.9,2026-07-07
TDMS-02082,TDMS,Traction Distribution,Southern Railway,CORR-004,TRAC-837161,Earthing Fault,Low,-8,5.0,2026-05-28
TDMS-02083,TDMS,Traction Distribution,Southern Railway,CORR-010,TRAC-933875,OHE Wire Wear,Low,-20,3.6,2026-05-05
TDMS-02084,TDMS,Traction Distribution,Southern Railway,CORR-014,TRAC-103261,Circuit Breaker Fault,Low,4,2.8,2026-07-12
TDMS-02085,TDMS,Traction Distribution,Southern Railway,CORR-004,TRAC-786418,Feeder Fault,Low,7,5.3,2026-06-16
TDMS-02086,TDMS,Traction Distribution,Southern Railway,CORR-002,TRAC-384730,Traction Substation Fault,Low,-12,2.7,2026-07-11
TDMS-02087,TDMS,Traction Distribution,Southern Railway,CORR-021,TRAC-275810,Feeder Fault,Low,-10,5.3,2026-06-28
TDMS-02088,TDMS,Traction Distribution,Southern Railway,CORR-005,TRAC-115713,Earthing Fault,Low,-16,3.2,2026-07-25
TDMS-02089,TDMS,Traction Distribution,Southern Railway,CORR-014,TRAC-735607,OHE Wire Wear,Low,-16,5.9,2026-06-12
TDMS-02090,TDMS,Traction Distribution,Southern Railway,CORR-021,TRAC-998556,Insulator Damage,Low,-5,4.2,2026-06-03
TDMS-02091,TDMS,Traction Distribution,Southern Railway,CORR-010,TRAC-869373,Earthing Fault,Low,6,4.6,2026-07-11
TDMS-02092,TDMS,Traction Distribution,Southern Railway,CORR-002,TRAC-316243,Insulator Damage,Low,-9,3.3,2026-05-29
TDMS-02093,TDMS,Traction Distribution,Southern Railway,CORR-005,TRAC-778606,OHE Wire Wear,Low,-6,3.0,2026-05-23
TDMS-02094,TDMS,Traction Distribution,Southern Railway,CORR-026,TRAC-257318,Feeder Fault,Low,-1,4.7,2026-06-23
TDMS-02095,TDMS,Traction Distribution,Southern Railway,CORR-004,TRAC-131728,Circuit Breaker Fault,Low,-1,5.0,2026-06-15
TDMS-02096,TDMS,Traction Distribution,Southern Railway,CORR-002,TRAC-483066,Earthing Fault,Low,-2,4.8,2026-05-07
TDMS-02097,TDMS,Traction Distribution,Southern Railway,CORR-014,TRAC-255551,Traction Substation Fault,Low,-6,4.8,2026-05-20
TDMS-02098,TDMS,Traction Distribution,Southern Railway,CORR-014,TRAC-174850,Earthing Fault,Low,-2,5.4,2026-06-24
TDMS-02099,TDMS,Traction Distribution,Southern Railway,CORR-010,TRAC-163161,Traction Substation Fault,Low,-7,4.7,2026-05-26
TDMS-02100,TDMS,Traction Distribution,Southern Railway,CORR-021,TRAC-492466,Earthing Fault,Low,-10,4.3,2026-07-25
TDMS-02101,TDMS,Traction Distribution,Southern Railway,CORR-005,TRAC-735139,Earthing Fault,Low,9,2.5,2026-06-11
TDMS-02102,TDMS,Traction Distribution,Southern Railway,CORR-026,TRAC-873597,OHE Wire Wear,Low,-1,2.3,2026-05-08
TDMS-02103,TDMS,Traction Distribution,Southern Railway,CORR-004,TRAC-860397,Traction Substation Fault,Low,2,2.5,2026-06-19
TDMS-02104,TDMS,Traction Distribution,Southern Railway,CORR-002,TRAC-144233,Circuit Breaker Fault,Low,0,2.0,2026-05-27
TDMS-02105,TDMS,Traction Distribution,Southern Railway,CORR-004,TRAC-619394,Insulator Damage,Low,-7,4.4,2026-07-03
TDMS-02106,TDMS,Traction Distribution,Southern Railway,CORR-004,TRAC-730673,Earthing Fault,Low,-13,4.4,2026-05-17
TDMS-02107,TDMS,Traction Distribution,Southern Railway,CORR-005,TRAC-547471,OHE Wire Wear,Low,-4,4.1,2026-07-22
TDMS-02108,TDMS,Traction Distribution,Southern Railway,CORR-014,TRAC-570587,Traction Substation Fault,Low,-3,4.9,2026-06-07
TDMS-02109,TDMS,Traction Distribution,Southern Railway,CORR-010,TRAC-761375,Circuit Breaker Fault,Low,-3,5.4,2026-05-08
TDMS-02110,TDMS,Traction Distribution,Southern Railway,CORR-005,TRAC-309860,Insulator Damage,Low,2,4.0,2026-06-09
TDMS-02111,TDMS,Traction Distribution,Southern Railway,CORR-026,TRAC-784533,Traction Substation Fault,Low,-2,3.5,2026-07-28
TDMS-02112,TDMS,Traction Distribution,Southern Railway,CORR-026,TRAC-885312,Circuit Breaker Fault,Low,-18,4.4,2026-07-21
TDMS-02113,TDMS,Traction Distribution,Southern Railway,CORR-021,TRAC-465177,OHE Wire Wear,Low,-16,4.2,2026-06-13
TDMS-02114,TDMS,Traction Distribution,Southern Railway,CORR-004,TRAC-527487,Traction Substation Fault,Low,4,4.0,2026-06-15
TDMS-02115,TDMS,Traction Distribution,Southern Railway,CORR-002,TRAC-963270,Insulator Damage,Low,7,3.3,2026-06-02
TDMS-02116,TDMS,Traction Distribution,Southern Railway,CORR-014,TRAC-208992,Feeder Fault,Low,-13,3.3,2026-05-18
TDMS-02117,TDMS,Traction Distribution,Southern Railway,CORR-002,TRAC-184498,Feeder Fault,Low,0,4.3,2026-06-18
TDMS-02118,TDMS,Traction Distribution,Southern Railway,CORR-014,TRAC-860815,Earthing Fault,Low,-16,3.5,2026-08-01
TDMS-02119,TDMS,Traction Distribution,Southern Railway,CORR-010,TRAC-270105,Insulator Damage,Low,2,3.4,2026-07-07
TDMS-02120,TDMS,Traction Distribution,Southern Railway,CORR-014,TRAC-548185,Earthing Fault,Low,4,4.4,2026-07-08
TDMS-02121,TDMS,Traction Distribution,Southern Railway,CORR-026,TRAC-425586,Feeder Fault,Low,-16,4.5,2026-06-08
TDMS-02122,TDMS,Traction Distribution,Southern Railway,CORR-014,TRAC-101644,Insulator Damage,Low,-10,2.1,2026-06-10
TDMS-02123,TDMS,Traction Distribution,Southern Railway,CORR-021,TRAC-212544,Feeder Fault,Low,-12,3.0,2026-06-14
TDMS-02124,TDMS,Traction Distribution,Southern Railway,CORR-005,TRAC-763576,OHE Wire Wear,Low,-11,5.3,2026-05-06
TDMS-02125,TDMS,Traction Distribution,Southern Railway,CORR-021,TRAC-339992,Traction Substation Fault,Low,-8,5.8,2026-05-29
TDMS-02126,TDMS,Traction Distribution,Southern Railway,CORR-014,TRAC-300993,Feeder Fault,Low,0,5.8,2026-07-01
TDMS-02127,TDMS,Traction Distribution,Southern Railway,CORR-005,TRAC-833214,Traction Substation Fault,Low,-13,2.2,2026-05-07
TDMS-02128,TDMS,Traction Distribution,Southern Railway,CORR-005,TRAC-919307,Earthing Fault,Low,8,4.6,2026-06-27
TDMS-02129,TDMS,Traction Distribution,Southern Railway,CORR-021,TRAC-345285,Feeder Fault,Low,-4,3.0,2026-05-31
TDMS-02130,TDMS,Traction Distribution,Southern Railway,CORR-026,TRAC-150803,Earthing Fault,Low,-1,3.1,2026-05-06
TDMS-02131,TDMS,Traction Distribution,Southern Railway,CORR-004,TRAC-149122,OHE Wire Wear,Low,-3,5.6,2026-05-22
TDMS-02132,TDMS,Traction Distribution,Southern Railway,CORR-004,TRAC-556411,Traction Substation Fault,Low,-2,2.2,2026-06-01
TDMS-02133,TDMS,Traction Distribution,Southern Railway,CORR-014,TRAC-557488,Circuit Breaker Fault,Low,5,3.0,2026-06-07
TDMS-02134,TDMS,Traction Distribution,Southern Railway,CORR-014,TRAC-915042,Feeder Fault,Low,-8,2.4,2026-07-01
TDMS-02135,TDMS,Traction Distribution,Southern Railway,CORR-010,TRAC-689264,Circuit Breaker Fault,Low,-6,5.3,2026-05-17
TDMS-02136,TDMS,Traction Distribution,Southern Railway,CORR-002,TRAC-958309,OHE Wire Wear,Low,-12,4.2,2026-07-25
TDMS-02137,TDMS,Traction Distribution,Southern Railway,CORR-010,TRAC-677695,Feeder Fault,Low,1,3.9,2026-05-17
TDMS-02138,TDMS,Traction Distribution,Southern Railway,CORR-010,TRAC-856052,OHE Wire Wear,Low,-19,3.5,2026-07-09
TDMS-02139,TDMS,Traction Distribution,Southern Railway,CORR-014,TRAC-113467,OHE Wire Wear,Low,-19,5.9,2026-05-19
TDMS-02140,TDMS,Traction Distribution,Southern Railway,CORR-005,TRAC-159250,Insulator Damage,Low,8,4.8,2026-05-26
TDMS-02141,TDMS,Traction Distribution,Southern Railway,CORR-002,TRAC-688756,Traction Substation Fault,Low,8,2.7,2026-07-08
TDMS-02142,TDMS,Traction Distribution,Southern Railway,CORR-026,TRAC-302684,Feeder Fault,Low,-20,3.2,2026-05-06
TDMS-02143,TDMS,Traction Distribution,Southern Railway,CORR-004,TRAC-534252,Feeder Fault,Low,-16,2.8,2026-07-12
TDMS-02144,TDMS,Traction Distribution,Southern Railway,CORR-014,TRAC-415694,Circuit Breaker Fault,Low,-2,3.3,2026-05-08
TDMS-02145,TDMS,Traction Distribution,Southern Railway,CORR-002,TRAC-913185,Insulator Damage,Low,6,4.2,2026-06-08
TDMS-02146,TDMS,Traction Distribution,Southern Railway,CORR-002,TRAC-424314,OHE Wire Wear,Low,-19,2.3,2026-07-29
TDMS-02147,TDMS,Traction Distribution,Southern Railway,CORR-004,TRAC-837675,Insulator Damage,Low,-1,4.1,2026-06-29
TDMS-02148,TDMS,Traction Distribution,Southern Railway,CORR-005,TRAC-503961,Earthing Fault,Low,6,2.5,2026-06-30
TDMS-02149,TDMS,Traction Distribution,Southern Railway,CORR-026,TRAC-905940,Earthing Fault,Low,-4,5.9,2026-05-25
TDMS-02150,TDMS,Traction Distribution,Southern Railway,CORR-026,TRAC-275812,Feeder Fault,Low,-1,5.1,2026-07-10
TDMS-02151,TDMS,Traction Distribution,Southern Railway,CORR-021,TRAC-173835,Earthing Fault,Low,8,3.1,2026-07-02
TDMS-02152,TDMS,Traction Distribution,Southern Railway,CORR-014,TRAC-785864,Insulator Damage,Low,5,3.0,2026-07-19
TDMS-02153,TDMS,Traction Distribution,Southern Railway,CORR-004,TRAC-427816,Circuit Breaker Fault,Low,7,3.1,2026-06-05
TDMS-02154,TDMS,Traction Distribution,Southern Railway,CORR-021,TRAC-141201,Insulator Damage,Low,-4,4.1,2026-07-18
TDMS-02155,TDMS,Traction Distribution,Southern Railway,CORR-014,TRAC-934563,OHE Wire Wear,Low,3,2.3,2026-06-17
TDMS-02156,TDMS,Traction Distribution,Southern Railway,CORR-010,TRAC-826050,Traction Substation Fault,Low,3,3.0,2026-06-20
TDMS-02157,TDMS,Traction Distribution,Southern Railway,CORR-014,TRAC-416494,Traction Substation Fault,Low,-14,2.7,2026-07-02
TDMS-02158,TDMS,Traction Distribution,Southern Railway,CORR-005,TRAC-343099,OHE Wire Wear,Low,1,3.9,2026-05-15
TDMS-02159,TDMS,Traction Distribution,Southern Railway,CORR-005,TRAC-990218,Feeder Fault,Low,-13,5.3,2026-06-05
TDMS-02160,TDMS,Traction Distribution,Southern Railway,CORR-002,TRAC-957897,Traction Substation Fault,Low,-7,4.6,2026-05-25
TDMS-02161,TDMS,Traction Distribution,Southern Railway,CORR-002,TRAC-556873,Circuit Breaker Fault,Low,-2,5.3,2026-06-24
TDMS-02162,TDMS,Traction Distribution,Southern Railway,CORR-014,TRAC-234277,OHE Wire Wear,Low,2,5.3,2026-06-18
TDMS-02163,TDMS,Traction Distribution,Southern Railway,CORR-004,TRAC-618933,Earthing Fault,Low,-17,2.4,2026-05-15
TDMS-02164,TDMS,Traction Distribution,Southern Railway,CORR-002,TRAC-217458,Insulator Damage,Low,0,5.1,2026-05-13
TDMS-02165,TDMS,Traction Distribution,Southern Railway,CORR-014,TRAC-408892,Earthing Fault,Low,-5,2.7,2026-06-01
TDMS-02166,TDMS,Traction Distribution,Southern Railway,CORR-021,TRAC-719242,Circuit Breaker Fault,Low,-6,2.7,2026-07-10
TDMS-02167,TDMS,Traction Distribution,Southern Railway,CORR-002,TRAC-567391,OHE Wire Wear,Low,-10,2.1,2026-06-11
TDMS-02168,TDMS,Traction Distribution,Southern Railway,CORR-004,TRAC-235544,Traction Substation Fault,Low,-13,5.8,2026-07-04
TDMS-02169,TDMS,Traction Distribution,Southern Railway,CORR-002,TRAC-705346,OHE Wire Wear,Low,-7,4.1,2026-05-14
TDMS-02170,TDMS,Traction Distribution,Southern Railway,CORR-026,TRAC-168402,Traction Substation Fault,Low,-16,3.7,2026-07-08
TDMS-02171,TDMS,Traction Distribution,Southern Railway,CORR-021,TRAC-366805,Circuit Breaker Fault,Low,9,2.2,2026-06-02
TDMS-02172,TDMS,Traction Distribution,Southern Railway,CORR-005,TRAC-282330,Insulator Damage,Low,-4,2.1,2026-07-30
TDMS-02173,TDMS,Traction Distribution,Southern Railway,CORR-005,TRAC-934421,Earthing Fault,Low,-10,5.3,2026-06-24
TDMS-02174,TDMS,Traction Distribution,Southern Railway,CORR-002,TRAC-448496,Feeder Fault,Low,3,5.5,2026-05-19
TDMS-02175,TDMS,Traction Distribution,Southern Railway,CORR-004,TRAC-250576,OHE Wire Wear,Low,6,3.6,2026-07-08
TDMS-02176,TDMS,Traction Distribution,Southern Railway,CORR-026,TRAC-488984,Circuit Breaker Fault,Low,3,4.5,2026-06-05
TDMS-02177,TDMS,Traction Distribution,Southern Railway,CORR-026,TRAC-554632,Insulator Damage,Low,-12,3.4,2026-07-05
TDMS-02178,TDMS,Traction Distribution,Southern Railway,CORR-010,TRAC-158391,Insulator Damage,Low,-1,4.2,2026-06-12
TDMS-02179,TDMS,Traction Distribution,Southern Railway,CORR-005,TRAC-617732,Insulator Damage,Low,-17,2.0,2026-06-01
TDMS-02180,TDMS,Traction Distribution,Southern Railway,CORR-005,TRAC-688398,Traction Substation Fault,Low,-3,2.2,2026-07-16
TDMS-02181,TDMS,Traction Distribution,Southern Railway,CORR-004,TRAC-560380,Feeder Fault,Low,-8,4.4,2026-05-25
TDMS-02182,TDMS,Traction Distribution,Southern Railway,CORR-005,TRAC-147475,Insulator Damage,Low,-6,3.0,2026-05-31
TDMS-02183,TDMS,Traction Distribution,Southern Railway,CORR-010,TRAC-468942,Insulator Damage,Low,-12,5.1,2026-05-07
TDMS-02184,TDMS,Traction Distribution,Southern Railway,CORR-014,TRAC-253192,Insulator Damage,Low,-1,3.1,2026-06-13
TDMS-02185,TDMS,Traction Distribution,Southern Railway,CORR-005,TRAC-402334,Insulator Damage,Low,-20,3.5,2026-05-21
TDMS-02186,TDMS,Traction Distribution,Southern Railway,CORR-005,TRAC-149537,Feeder Fault,Low,0,3.6,2026-07-04
TDMS-02187,TDMS,Traction Distribution,Southern Railway,CORR-014,TRAC-962561,Traction Substation Fault,Low,1,3.5,2026-06-07
TDMS-02188,TDMS,Traction Distribution,Southern Railway,CORR-026,TRAC-914140,Insulator Damage,Low,-9,2.6,2026-07-25
TDMS-02189,TDMS,Traction Distribution,Southern Railway,CORR-002,TRAC-578127,OHE Wire Wear,Low,-13,5.4,2026-05-16
TDMS-02190,TDMS,Traction Distribution,Southern Railway,CORR-002,TRAC-260337,Circuit Breaker Fault,Low,-11,3.1,2026-07-10
TDMS-02191,TDMS,Traction Distribution,Southern Railway,CORR-026,TRAC-250732,Earthing Fault,Low,-17,3.5,2026-05-15
TDMS-02192,TDMS,Traction Distribution,Southern Railway,CORR-005,TRAC-276473,Earthing Fault,Low,-19,2.4,2026-07-16
TDMS-02193,TDMS,Traction Distribution,Southern Railway,CORR-026,TRAC-456452,Circuit Breaker Fault,Low,-10,4.2,2026-07-25
TDMS-02194,TDMS,Traction Distribution,Southern Railway,CORR-026,TRAC-509822,Traction Substation Fault,Low,-8,4.6,2026-07-12
TDMS-02195,TDMS,Traction Distribution,Southern Railway,CORR-002,TRAC-798178,OHE Wire Wear,Low,-11,2.4,2026-07-13
TDMS-02196,TDMS,Traction Distribution,Southern Railway,CORR-005,TRAC-587898,Insulator Damage,Low,6,5.8,2026-07-26
TDMS-02197,TDMS,Traction Distribution,Southern Railway,CORR-021,TRAC-479517,OHE Wire Wear,Low,1,3.6,2026-07-12
TDMS-02198,TDMS,Traction Distribution,Southern Railway,CORR-021,TRAC-656215,Traction Substation Fault,Low,-14,3.2,2026-05-12
TDMS-02199,TDMS,Traction Distribution,Southern Railway,CORR-014,TRAC-196547,Insulator Damage,Low,-20,4.6,2026-06-08
TDMS-02200,TDMS,Traction Distribution,Southern Railway,CORR-021,TRAC-332307,Feeder Fault,Low,3,5.0,2026-07-03
TDMS-02201,TDMS,Traction Distribution,Southern Railway,CORR-021,TRAC-967826,Traction Substation Fault,Low,-7,3.0,2026-06-22
TDMS-02202,TDMS,Traction Distribution,Southern Railway,CORR-002,TRAC-181705,Traction Substation Fault,Low,-11,4.8,2026-07-11
TDMS-02203,TDMS,Traction Distribution,Southern Railway,CORR-010,TRAC-876958,Traction Substation Fault,Low,6,6.0,2026-05-27
TDMS-02204,TDMS,Traction Distribution,Southern Railway,CORR-021,TRAC-393466,Feeder Fault,Low,-7,5.9,2026-07-13
TDMS-02205,TDMS,Traction Distribution,Southern Railway,CORR-005,TRAC-223154,Traction Substation Fault,Low,3,3.2,2026-05-10
TDMS-02206,TDMS,Traction Distribution,Southern Railway,CORR-026,TRAC-493342,OHE Wire Wear,Low,-14,5.7,2026-07-24
TDMS-02207,TDMS,Traction Distribution,Southern Railway,CORR-026,TRAC-907559,OHE Wire Wear,Low,-20,3.2,2026-07-29
TDMS-02208,TDMS,Traction Distribution,Southern Railway,CORR-014,TRAC-856476,Circuit Breaker Fault,Low,8,3.4,2026-05-31
TDMS-02209,TDMS,Traction Distribution,Southern Railway,CORR-021,TRAC-980237,Traction Substation Fault,Low,-6,4.7,2026-05-19
TDMS-02210,TDMS,Traction Distribution,Southern Railway,CORR-021,TRAC-715580,OHE Wire Wear,Low,7,5.4,2026-07-14
TDMS-02211,TDMS,Traction Distribution,Southern Railway,CORR-021,TRAC-393189,OHE Wire Wear,Low,-14,3.7,2026-07-12
TDMS-02212,TDMS,Traction Distribution,Southern Railway,CORR-014,TRAC-755052,Circuit Breaker Fault,Low,-15,4.7,2026-07-31
TDMS-02213,TDMS,Traction Distribution,Southern Railway,CORR-004,TRAC-709743,Feeder Fault,Low,7,4.3,2026-07-13
TDMS-02214,TDMS,Traction Distribution,Southern Railway,CORR-014,TRAC-671180,Insulator Damage,Low,-2,6.0,2026-07-29
TDMS-02215,TDMS,Traction Distribution,Southern Railway,CORR-004,TRAC-787299,OHE Wire Wear,Low,2,5.3,2026-05-21
TDMS-02216,TDMS,Traction Distribution,Southern Railway,CORR-021,TRAC-432217,Traction Substation Fault,Low,4,4.3,2026-05-08
TDMS-02217,TDMS,Traction Distribution,Southern Railway,CORR-005,TRAC-172020,OHE Wire Wear,Low,-4,2.4,2026-07-09
TDMS-02218,TDMS,Traction Distribution,Southern Railway,CORR-014,TRAC-644950,Insulator Damage,Low,-14,2.2,2026-06-09
TDMS-02219,TDMS,Traction Distribution,Southern Railway,CORR-004,TRAC-820744,Traction Substation Fault,Low,-10,4.8,2026-07-18
TDMS-02220,TDMS,Traction Distribution,Southern Railway,CORR-014,TRAC-860042,Circuit Breaker Fault,Low,-19,2.2,2026-05-18
TDMS-02221,TDMS,Traction Distribution,Southern Railway,CORR-005,TRAC-203092,Traction Substation Fault,Low,-11,3.4,2026-06-04
TDMS-02222,TDMS,Traction Distribution,Southern Railway,CORR-004,TRAC-153300,Traction Substation Fault,Low,-18,4.4,2026-05-16
TDMS-02223,TDMS,Traction Distribution,Southern Railway,CORR-002,TRAC-456928,Traction Substation Fault,Low,-12,3.9,2026-06-04
TDMS-02224,TDMS,Traction Distribution,Southern Railway,CORR-005,TRAC-930377,Traction Substation Fault,Low,5,2.5,2026-06-16
TDMS-02225,TDMS,Traction Distribution,Southern Railway,CORR-005,TRAC-109893,Insulator Damage,Low,-17,5.0,2026-07-16
TDMS-02226,TDMS,Traction Distribution,Southern Railway,CORR-010,TRAC-995512,Traction Substation Fault,Low,-14,3.0,2026-05-07
TDMS-02227,TDMS,Traction Distribution,Southern Railway,CORR-004,TRAC-273883,Circuit Breaker Fault,Low,5,5.1,2026-07-12
TDMS-02228,TDMS,Traction Distribution,Southern Railway,CORR-005,TRAC-293787,Circuit Breaker Fault,Low,-14,3.6,2026-06-23
TDMS-02229,TDMS,Traction Distribution,Southern Railway,CORR-010,TRAC-677132,Traction Substation Fault,Low,1,4.6,2026-05-05
TDMS-02230,TDMS,Traction Distribution,Southern Railway,CORR-014,TRAC-718644,Feeder Fault,Low,-14,4.2,2026-07-23
TDMS-02231,TDMS,Traction Distribution,Southern Railway,CORR-004,TRAC-699866,Earthing Fault,Low,0,3.4,2026-05-12
TDMS-02232,TDMS,Traction Distribution,Southern Railway,CORR-005,TRAC-348773,Feeder Fault,Medium,5,4.1,2026-06-26
TDMS-02233,TDMS,Traction Distribution,Southern Railway,CORR-026,TRAC-526739,OHE Wire Wear,Medium,-4,6.6,2026-06-14
TDMS-02234,TDMS,Traction Distribution,Southern Railway,CORR-026,TRAC-593823,Earthing Fault,Medium,-9,5.7,2026-06-01
TDMS-02235,TDMS,Traction Distribution,Southern Railway,CORR-026,TRAC-319038,OHE Wire Wear,Medium,15,4.3,2026-06-29
TDMS-02236,TDMS,Traction Distribution,Southern Railway,CORR-004,TRAC-480547,Circuit Breaker Fault,Medium,18,4.6,2026-06-17
TDMS-02237,TDMS,Traction Distribution,Southern Railway,CORR-021,TRAC-823673,Traction Substation Fault,Medium,-10,4.7,2026-05-24
TDMS-02238,TDMS,Traction Distribution,Southern Railway,CORR-005,TRAC-955989,Feeder Fault,Medium,8,7.3,2026-05-11
TDMS-02239,TDMS,Traction Distribution,Southern Railway,CORR-021,TRAC-220652,Circuit Breaker Fault,Medium,6,10.0,2026-06-20
TDMS-02240,TDMS,Traction Distribution,Southern Railway,CORR-010,TRAC-157247,Traction Substation Fault,Medium,-3,6.7,2026-05-25
TDMS-02241,TDMS,Traction Distribution,Southern Railway,CORR-026,TRAC-949489,Circuit Breaker Fault,Medium,16,4.7,2026-05-12
TDMS-02242,TDMS,Traction Distribution,Southern Railway,CORR-005,TRAC-497138,Traction Substation Fault,Medium,8,4.7,2026-05-13
TDMS-02243,TDMS,Traction Distribution,Southern Railway,CORR-021,TRAC-610358,Feeder Fault,Medium,7,7.6,2026-06-04
TDMS-02244,TDMS,Traction Distribution,Southern Railway,CORR-014,TRAC-753623,OHE Wire Wear,Medium,5,4.9,2026-06-23
TDMS-02245,TDMS,Traction Distribution,Southern Railway,CORR-014,TRAC-539511,Earthing Fault,Medium,9,7.5,2026-07-12
TDMS-02246,TDMS,Traction Distribution,Southern Railway,CORR-005,TRAC-725972,OHE Wire Wear,Medium,13,6.0,2026-06-13
TDMS-02247,TDMS,Traction Distribution,Southern Railway,CORR-014,TRAC-565710,Feeder Fault,Medium,-3,8.3,2026-05-10
TDMS-02248,TDMS,Traction Distribution,Southern Railway,CORR-014,TRAC-170294,Traction Substation Fault,Medium,-8,9.2,2026-06-26
TDMS-02249,TDMS,Traction Distribution,Southern Railway,CORR-005,TRAC-909402,OHE Wire Wear,Medium,13,6.9,2026-07-08
TDMS-02250,TDMS,Traction Distribution,Southern Railway,CORR-026,TRAC-874578,Insulator Damage,Medium,0,4.3,2026-06-27
TDMS-02251,TDMS,Traction Distribution,Southern Railway,CORR-002,TRAC-113504,Insulator Damage,Medium,6,4.8,2026-06-18
TDMS-02252,TDMS,Traction Distribution,Southern Railway,CORR-004,TRAC-771560,Traction Substation Fault,Medium,0,5.3,2026-07-16
TDMS-02253,TDMS,Traction Distribution,Southern Railway,CORR-014,TRAC-812193,Feeder Fault,Medium,-4,7.7,2026-07-09
TDMS-02254,TDMS,Traction Distribution,Southern Railway,CORR-005,TRAC-180226,OHE Wire Wear,Medium,6,7.6,2026-06-02
TDMS-02255,TDMS,Traction Distribution,Southern Railway,CORR-002,TRAC-976911,Traction Substation Fault,Medium,-5,4.3,2026-07-29
TDMS-02256,TDMS,Traction Distribution,Southern Railway,CORR-021,TRAC-222799,Traction Substation Fault,Medium,-3,8.3,2026-06-29
TDMS-02257,TDMS,Traction Distribution,Southern Railway,CORR-014,TRAC-878758,Earthing Fault,Medium,11,6.7,2026-06-05
TDMS-02258,TDMS,Traction Distribution,Southern Railway,CORR-010,TRAC-995767,Feeder Fault,Medium,1,5.5,2026-05-09
TDMS-02259,TDMS,Traction Distribution,Southern Railway,CORR-026,TRAC-834574,Feeder Fault,Medium,-9,5.1,2026-07-18
TDMS-02260,TDMS,Traction Distribution,Southern Railway,CORR-004,TRAC-116725,OHE Wire Wear,Medium,-5,5.6,2026-07-04
TDMS-02261,TDMS,Traction Distribution,Southern Railway,CORR-026,TRAC-695787,Traction Substation Fault,Medium,16,5.7,2026-07-09
TDMS-02262,TDMS,Traction Distribution,Southern Railway,CORR-005,TRAC-779947,Circuit Breaker Fault,Medium,16,9.4,2026-07-04
TDMS-02263,TDMS,Traction Distribution,Southern Railway,CORR-021,TRAC-885284,Insulator Damage,Medium,-10,8.4,2026-06-10
TDMS-02264,TDMS,Traction Distribution,Southern Railway,CORR-004,TRAC-610285,Earthing Fault,Medium,5,6.2,2026-06-13
TDMS-02265,TDMS,Traction Distribution,Southern Railway,CORR-014,TRAC-567137,Circuit Breaker Fault,Medium,18,7.5,2026-05-14
TDMS-02266,TDMS,Traction Distribution,Southern Railway,CORR-004,TRAC-137073,Earthing Fault,Medium,15,7.4,2026-07-23
TDMS-02267,TDMS,Traction Distribution,Southern Railway,CORR-021,TRAC-457485,Feeder Fault,Medium,19,4.4,2026-06-25
TDMS-02268,TDMS,Traction Distribution,Southern Railway,CORR-026,TRAC-575713,OHE Wire Wear,Medium,17,8.4,2026-06-28
TDMS-02269,TDMS,Traction Distribution,Southern Railway,CORR-026,TRAC-142784,Earthing Fault,Medium,16,6.1,2026-06-03
TDMS-02270,TDMS,Traction Distribution,Southern Railway,CORR-010,TRAC-584785,Circuit Breaker Fault,Medium,18,5.1,2026-07-13
TDMS-02271,TDMS,Traction Distribution,Southern Railway,CORR-026,TRAC-640667,Circuit Breaker Fault,Medium,1,4.5,2026-07-25
TDMS-02272,TDMS,Traction Distribution,Southern Railway,CORR-021,TRAC-152048,Traction Substation Fault,Medium,8,7.4,2026-06-17
TDMS-02273,TDMS,Traction Distribution,Southern Railway,CORR-005,TRAC-193048,Earthing Fault,Medium,10,9.9,2026-06-07
TDMS-02274,TDMS,Traction Distribution,Southern Railway,CORR-002,TRAC-559279,Earthing Fault,Medium,7,6.9,2026-06-08
TDMS-02275,TDMS,Traction Distribution,Southern Railway,CORR-021,TRAC-535040,OHE Wire Wear,Medium,-2,6.2,2026-05-19
TDMS-02276,TDMS,Traction Distribution,Southern Railway,CORR-010,TRAC-466299,Earthing Fault,Medium,17,4.1,2026-05-27
TDMS-02277,TDMS,Traction Distribution,Southern Railway,CORR-010,TRAC-396257,Feeder Fault,Medium,-5,7.5,2026-07-11
TDMS-02278,TDMS,Traction Distribution,Southern Railway,CORR-004,TRAC-868442,Earthing Fault,Medium,-6,7.5,2026-06-13
TDMS-02279,TDMS,Traction Distribution,Southern Railway,CORR-014,TRAC-718333,OHE Wire Wear,Medium,-5,5.0,2026-06-10
TDMS-02280,TDMS,Traction Distribution,Southern Railway,CORR-010,TRAC-428079,OHE Wire Wear,Medium,-7,6.6,2026-06-20
TDMS-02281,TDMS,Traction Distribution,Southern Railway,CORR-026,TRAC-885328,Earthing Fault,Medium,-9,6.8,2026-07-19
TDMS-02282,TDMS,Traction Distribution,Southern Railway,CORR-021,TRAC-169219,Earthing Fault,Medium,15,9.4,2026-05-09
TDMS-02283,TDMS,Traction Distribution,Southern Railway,CORR-026,TRAC-874841,Feeder Fault,Medium,18,8.3,2026-07-11
TDMS-02284,TDMS,Traction Distribution,Southern Railway,CORR-004,TRAC-150721,Feeder Fault,Medium,-6,5.5,2026-07-14
TDMS-02285,TDMS,Traction Distribution,Southern Railway,CORR-010,TRAC-748646,Insulator Damage,Medium,7,5.7,2026-06-30
TDMS-02286,TDMS,Traction Distribution,Southern Railway,CORR-010,TRAC-310243,Earthing Fault,Medium,-10,6.7,2026-07-05
TDMS-02287,TDMS,Traction Distribution,Southern Railway,CORR-004,TRAC-786261,Insulator Damage,Medium,-1,6.0,2026-07-02
TDMS-02288,TDMS,Traction Distribution,Southern Railway,CORR-021,TRAC-182291,Circuit Breaker Fault,Medium,-1,6.3,2026-07-09
TDMS-02289,TDMS,Traction Distribution,Southern Railway,CORR-004,TRAC-376616,OHE Wire Wear,Medium,11,9.2,2026-05-16
TDMS-02290,TDMS,Traction Distribution,Southern Railway,CORR-010,TRAC-128507,Circuit Breaker Fault,Medium,19,6.8,2026-07-06
TDMS-02291,TDMS,Traction Distribution,Southern Railway,CORR-004,TRAC-241667,Circuit Breaker Fault,Medium,8,6.2,2026-05-17
TDMS-02292,TDMS,Traction Distribution,Southern Railway,CORR-026,TRAC-551329,Feeder Fault,Medium,8,6.5,2026-07-23
TDMS-02293,TDMS,Traction Distribution,Southern Railway,CORR-014,TRAC-542252,Earthing Fault,Medium,8,7.7,2026-07-22
TDMS-02294,TDMS,Traction Distribution,Southern Railway,CORR-002,TRAC-663551,Circuit Breaker Fault,Medium,-3,5.5,2026-06-06
TDMS-02295,TDMS,Traction Distribution,Southern Railway,CORR-005,TRAC-485495,Traction Substation Fault,Medium,-5,5.9,2026-05-31
TDMS-02296,TDMS,Traction Distribution,Southern Railway,CORR-005,TRAC-359744,Feeder Fault,Medium,-3,8.6,2026-05-16
TDMS-02297,TDMS,Traction Distribution,Southern Railway,CORR-021,TRAC-312276,Traction Substation Fault,Medium,-4,9.0,2026-06-09
TDMS-02298,TDMS,Traction Distribution,Southern Railway,CORR-021,TRAC-447447,Traction Substation Fault,Medium,-6,7.5,2026-05-10
TDMS-02299,TDMS,Traction Distribution,Southern Railway,CORR-002,TRAC-920695,Traction Substation Fault,Medium,-1,9.4,2026-06-23
TDMS-02300,TDMS,Traction Distribution,Southern Railway,CORR-002,TRAC-529915,Insulator Damage,Medium,11,9.4,2026-07-28
TDMS-02301,TDMS,Traction Distribution,Southern Railway,CORR-002,TRAC-800830,OHE Wire Wear,Medium,9,4.5,2026-05-24
TDMS-02302,TDMS,Traction Distribution,Southern Railway,CORR-005,TRAC-305483,Insulator Damage,Medium,19,5.9,2026-07-15
TDMS-02303,TDMS,Traction Distribution,Southern Railway,CORR-026,TRAC-197984,Traction Substation Fault,Medium,7,5.6,2026-06-08
TDMS-02304,TDMS,Traction Distribution,Southern Railway,CORR-002,TRAC-386132,Earthing Fault,Medium,-5,6.9,2026-06-11
TDMS-02305,TDMS,Traction Distribution,Southern Railway,CORR-005,TRAC-195353,Feeder Fault,Medium,9,5.3,2026-07-15
TDMS-02306,TDMS,Traction Distribution,Southern Railway,CORR-021,TRAC-436891,Insulator Damage,Medium,-1,9.5,2026-06-26
TDMS-02307,TDMS,Traction Distribution,Southern Railway,CORR-014,TRAC-621972,Circuit Breaker Fault,Medium,9,8.1,2026-05-07
TDMS-02308,TDMS,Traction Distribution,Southern Railway,CORR-014,TRAC-561506,Feeder Fault,Medium,8,9.0,2026-06-26
TDMS-02309,TDMS,Traction Distribution,Southern Railway,CORR-014,TRAC-194731,Feeder Fault,Medium,6,9.6,2026-06-02
TDMS-02310,TDMS,Traction Distribution,Southern Railway,CORR-002,TRAC-987467,Traction Substation Fault,Medium,7,9.2,2026-06-26
TDMS-02311,TDMS,Traction Distribution,Southern Railway,CORR-021,TRAC-835341,Circuit Breaker Fault,Medium,1,4.7,2026-06-26
TDMS-02312,TDMS,Traction Distribution,Southern Railway,CORR-004,TRAC-590906,Traction Substation Fault,Medium,18,6.5,2026-06-22
TDMS-02313,TDMS,Traction Distribution,Southern Railway,CORR-002,TRAC-780477,Traction Substation Fault,Medium,13,5.1,2026-07-21
TDMS-02314,TDMS,Traction Distribution,Southern Railway,CORR-010,TRAC-237796,Circuit Breaker Fault,Medium,4,7.5,2026-06-16
TDMS-02315,TDMS,Traction Distribution,Southern Railway,CORR-014,TRAC-480773,Traction Substation Fault,Medium,12,6.3,2026-05-12
TDMS-02316,TDMS,Traction Distribution,Southern Railway,CORR-010,TRAC-297732,Traction Substation Fault,Medium,-9,5.5,2026-06-19
TDMS-02317,TDMS,Traction Distribution,Southern Railway,CORR-021,TRAC-960582,Earthing Fault,Medium,-3,5.3,2026-07-02
TDMS-02318,TDMS,Traction Distribution,Southern Railway,CORR-004,TRAC-266899,Earthing Fault,Medium,-8,7.9,2026-06-20
TDMS-02319,TDMS,Traction Distribution,Southern Railway,CORR-004,TRAC-827693,Traction Substation Fault,Medium,-5,7.2,2026-05-22
TDMS-02320,TDMS,Traction Distribution,Southern Railway,CORR-026,TRAC-605338,Feeder Fault,Medium,0,6.0,2026-06-05
TDMS-02321,TDMS,Traction Distribution,Southern Railway,CORR-014,TRAC-435815,Feeder Fault,Medium,-2,7.0,2026-07-27
TDMS-02322,TDMS,Traction Distribution,Southern Railway,CORR-010,TRAC-157561,Earthing Fault,Medium,-8,4.3,2026-05-13
TDMS-02323,TDMS,Traction Distribution,Southern Railway,CORR-010,TRAC-597665,Feeder Fault,Medium,-3,4.7,2026-06-23
TDMS-02324,TDMS,Traction Distribution,Southern Railway,CORR-021,TRAC-245215,OHE Wire Wear,Medium,-9,9.4,2026-05-08
TDMS-02325,TDMS,Traction Distribution,Southern Railway,CORR-004,TRAC-766598,Feeder Fault,Medium,-8,9.1,2026-06-11
TDMS-02326,TDMS,Traction Distribution,Southern Railway,CORR-004,TRAC-532844,Earthing Fault,Medium,11,7.3,2026-07-14
TDMS-02327,TDMS,Traction Distribution,Southern Railway,CORR-010,TRAC-303303,OHE Wire Wear,Medium,14,7.5,2026-06-11
TDMS-02328,TDMS,Traction Distribution,Southern Railway,CORR-004,TRAC-307710,Insulator Damage,Medium,-7,6.7,2026-06-07
TDMS-02329,TDMS,Traction Distribution,Southern Railway,CORR-002,TRAC-243130,Insulator Damage,Medium,10,7.3,2026-06-23
TDMS-02330,TDMS,Traction Distribution,Southern Railway,CORR-002,TRAC-572823,Earthing Fault,Medium,9,9.9,2026-06-23
TDMS-02331,TDMS,Traction Distribution,Southern Railway,CORR-004,TRAC-794331,OHE Wire Wear,Medium,18,4.2,2026-05-13
TDMS-02332,TDMS,Traction Distribution,Southern Railway,CORR-010,TRAC-885010,Insulator Damage,Medium,2,4.6,2026-05-21
TDMS-02333,TDMS,Traction Distribution,Southern Railway,CORR-004,TRAC-233472,Feeder Fault,Medium,2,5.1,2026-05-12
TDMS-02334,TDMS,Traction Distribution,Southern Railway,CORR-002,TRAC-440901,OHE Wire Wear,Medium,18,9.6,2026-05-10
TDMS-02335,TDMS,Traction Distribution,Southern Railway,CORR-004,TRAC-444158,Earthing Fault,Medium,-4,9.5,2026-06-18
TDMS-02336,TDMS,Traction Distribution,Southern Railway,CORR-005,TRAC-454969,Insulator Damage,Medium,1,5.7,2026-05-27
TDMS-02337,TDMS,Traction Distribution,Southern Railway,CORR-026,TRAC-655360,Earthing Fault,Medium,14,6.6,2026-05-27
TDMS-02338,TDMS,Traction Distribution,Southern Railway,CORR-005,TRAC-984893,Earthing Fault,Medium,1,7.6,2026-07-14
TDMS-02339,TDMS,Traction Distribution,Southern Railway,CORR-026,TRAC-412242,Traction Substation Fault,Medium,-4,4.3,2026-07-24
TDMS-02340,TDMS,Traction Distribution,Southern Railway,CORR-004,TRAC-867228,Circuit Breaker Fault,Medium,-4,5.9,2026-06-21
TDMS-02341,TDMS,Traction Distribution,Southern Railway,CORR-002,TRAC-983061,Circuit Breaker Fault,Medium,-6,5.7,2026-05-06
TDMS-02342,TDMS,Traction Distribution,Southern Railway,CORR-004,TRAC-465208,Feeder Fault,Medium,10,7.8,2026-06-21
TDMS-02343,TDMS,Traction Distribution,Southern Railway,CORR-002,TRAC-203262,OHE Wire Wear,Medium,-10,9.6,2026-05-09
TDMS-02344,TDMS,Traction Distribution,Southern Railway,CORR-010,TRAC-127201,Insulator Damage,Medium,15,5.5,2026-06-05
TDMS-02345,TDMS,Traction Distribution,Southern Railway,CORR-010,TRAC-513941,Feeder Fault,Medium,-1,4.8,2026-06-14
TDMS-02346,TDMS,Traction Distribution,Southern Railway,CORR-014,TRAC-653512,Insulator Damage,Medium,13,9.4,2026-08-01
TDMS-02347,TDMS,Traction Distribution,Southern Railway,CORR-021,TRAC-221582,Traction Substation Fault,Medium,-4,8.0,2026-07-27
TDMS-02348,TDMS,Traction Distribution,Southern Railway,CORR-026,TRAC-164610,OHE Wire Wear,Medium,-1,4.5,2026-06-19
TDMS-02349,TDMS,Traction Distribution,Southern Railway,CORR-010,TRAC-457684,Circuit Breaker Fault,Medium,-1,5.0,2026-07-24
TDMS-02350,TDMS,Traction Distribution,Southern Railway,CORR-014,TRAC-211000,Insulator Damage,Medium,-3,5.8,2026-05-25
TDMS-02351,TDMS,Traction Distribution,Southern Railway,CORR-004,TRAC-321395,Feeder Fault,Medium,-3,4.2,2026-05-07
TDMS-02352,TDMS,Traction Distribution,Southern Railway,CORR-021,TRAC-215961,Circuit Breaker Fault,High,4,12.3,2026-05-27
TDMS-02353,TDMS,Traction Distribution,Southern Railway,CORR-010,TRAC-729743,Circuit Breaker Fault,High,21,10.7,2026-05-06
TDMS-02354,TDMS,Traction Distribution,Southern Railway,CORR-021,TRAC-250610,Circuit Breaker Fault,High,29,11.6,2026-05-16
TDMS-02355,TDMS,Traction Distribution,Southern Railway,CORR-021,TRAC-509605,Insulator Damage,High,5,13.2,2026-07-23
TDMS-02356,TDMS,Traction Distribution,Southern Railway,CORR-002,TRAC-195226,Traction Substation Fault,High,9,10.5,2026-06-29
TDMS-02357,TDMS,Traction Distribution,Southern Railway,CORR-014,TRAC-936809,Insulator Damage,High,29,12.5,2026-05-11
TDMS-02358,TDMS,Traction Distribution,Southern Railway,CORR-004,TRAC-541180,Insulator Damage,High,7,8.1,2026-07-10
TDMS-02359,TDMS,Traction Distribution,Southern Railway,CORR-010,TRAC-800823,OHE Wire Wear,High,30,9.8,2026-05-20
TDMS-02360,TDMS,Traction Distribution,Southern Railway,CORR-014,TRAC-911604,Insulator Damage,High,7,11.0,2026-07-20
TDMS-02361,TDMS,Traction Distribution,Southern Railway,CORR-005,TRAC-896408,Circuit Breaker Fault,High,26,11.9,2026-05-09
TDMS-02362,TDMS,Traction Distribution,Southern Railway,CORR-021,TRAC-647337,Traction Substation Fault,High,29,14.8,2026-07-10
TDMS-02363,TDMS,Traction Distribution,Southern Railway,CORR-005,TRAC-467747,OHE Wire Wear,High,21,10.1,2026-06-18
TDMS-02364,TDMS,Traction Distribution,Southern Railway,CORR-021,TRAC-764486,Feeder Fault,High,20,15.7,2026-06-03
TDMS-02365,TDMS,Traction Distribution,Southern Railway,CORR-026,TRAC-827265,Circuit Breaker Fault,High,12,14.4,2026-06-01
TDMS-02366,TDMS,Traction Distribution,Southern Railway,CORR-002,TRAC-159102,Traction Substation Fault,High,5,7.5,2026-06-05
TDMS-02367,TDMS,Traction Distribution,Southern Railway,CORR-026,TRAC-248951,Traction Substation Fault,High,22,7.7,2026-05-18
TDMS-02368,TDMS,Traction Distribution,Southern Railway,CORR-005,TRAC-817775,OHE Wire Wear,High,0,6.2,2026-05-19
TDMS-02369,TDMS,Traction Distribution,Southern Railway,CORR-014,TRAC-703082,Circuit Breaker Fault,High,34,13.3,2026-06-05
TDMS-02370,TDMS,Traction Distribution,Southern Railway,CORR-014,TRAC-108738,Feeder Fault,High,17,10.3,2026-05-06
TDMS-02371,TDMS,Traction Distribution,Southern Railway,CORR-021,TRAC-901753,Circuit Breaker Fault,High,25,12.7,2026-05-27
TDMS-02372,TDMS,Traction Distribution,Southern Railway,CORR-004,TRAC-294463,Circuit Breaker Fault,High,15,11.0,2026-05-19
TDMS-02373,TDMS,Traction Distribution,Southern Railway,CORR-026,TRAC-136406,Earthing Fault,High,27,13.8,2026-05-07
TDMS-02374,TDMS,Traction Distribution,Southern Railway,CORR-014,TRAC-401741,Circuit Breaker Fault,High,4,6.6,2026-06-02
TDMS-02375,TDMS,Traction Distribution,Southern Railway,CORR-005,TRAC-130699,Earthing Fault,High,12,7.1,2026-05-29
TDMS-02376,TDMS,Traction Distribution,Southern Railway,CORR-010,TRAC-295010,Circuit Breaker Fault,High,2,13.0,2026-05-17
TDMS-02377,TDMS,Traction Distribution,Southern Railway,CORR-021,TRAC-758016,Earthing Fault,High,0,11.9,2026-06-19
TDMS-02378,TDMS,Traction Distribution,Southern Railway,CORR-010,TRAC-633635,Earthing Fault,High,25,14.3,2026-05-31
TDMS-02379,TDMS,Traction Distribution,Southern Railway,CORR-010,TRAC-771447,Circuit Breaker Fault,High,33,12.8,2026-06-18
TDMS-02380,TDMS,Traction Distribution,Southern Railway,CORR-010,TRAC-617988,Feeder Fault,High,23,9.3,2026-06-30
TDMS-02381,TDMS,Traction Distribution,Southern Railway,CORR-010,TRAC-210306,OHE Wire Wear,High,14,11.2,2026-05-14
TDMS-02382,TDMS,Traction Distribution,Southern Railway,CORR-010,TRAC-805317,Circuit Breaker Fault,High,5,12.2,2026-05-04
TDMS-02383,TDMS,Traction Distribution,Southern Railway,CORR-010,TRAC-316258,Earthing Fault,High,27,10.5,2026-05-25
TDMS-02384,TDMS,Traction Distribution,Southern Railway,CORR-014,TRAC-506063,Insulator Damage,High,20,13.6,2026-05-08
TDMS-02385,TDMS,Traction Distribution,Southern Railway,CORR-002,TRAC-961148,Feeder Fault,High,16,7.4,2026-05-06
TDMS-02386,TDMS,Traction Distribution,Southern Railway,CORR-010,TRAC-700426,Circuit Breaker Fault,High,26,10.3,2026-05-08
TDMS-02387,TDMS,Traction Distribution,Southern Railway,CORR-005,TRAC-795537,Feeder Fault,High,8,11.9,2026-06-13
TDMS-02388,TDMS,Traction Distribution,Southern Railway,CORR-014,TRAC-646426,OHE Wire Wear,High,23,15.7,2026-07-26
TDMS-02389,TDMS,Traction Distribution,Southern Railway,CORR-021,TRAC-835336,Feeder Fault,High,5,6.3,2026-07-12
TDMS-02390,TDMS,Traction Distribution,Southern Railway,CORR-004,TRAC-492465,OHE Wire Wear,High,22,14.2,2026-06-20
TDMS-02391,TDMS,Traction Distribution,Southern Railway,CORR-014,TRAC-925306,OHE Wire Wear,High,17,9.2,2026-07-07
TDMS-02392,TDMS,Traction Distribution,Southern Railway,CORR-004,TRAC-741140,OHE Wire Wear,High,31,15.0,2026-06-07
TDMS-02393,TDMS,Traction Distribution,Southern Railway,CORR-010,TRAC-272127,Feeder Fault,High,7,13.8,2026-05-15
TDMS-02394,TDMS,Traction Distribution,Southern Railway,CORR-021,TRAC-193405,Earthing Fault,High,22,8.1,2026-05-05
TDMS-02395,TDMS,Traction Distribution,Southern Railway,CORR-010,TRAC-894463,Insulator Damage,High,15,10.5,2026-05-17
TDMS-02396,TDMS,Traction Distribution,Southern Railway,CORR-026,TRAC-967584,Insulator Damage,High,11,14.0,2026-05-10
TDMS-02397,TDMS,Traction Distribution,Southern Railway,CORR-002,TRAC-530441,Traction Substation Fault,High,32,11.0,2026-07-17
TDMS-02398,TDMS,Traction Distribution,Southern Railway,CORR-014,TRAC-437092,Earthing Fault,High,22,14.0,2026-06-29
TDMS-02399,TDMS,Traction Distribution,Southern Railway,CORR-026,TRAC-464858,OHE Wire Wear,High,7,12.1,2026-05-22
TDMS-02400,TDMS,Traction Distribution,Southern Railway,CORR-005,TRAC-423709,Traction Substation Fault,High,12,13.9,2026-07-06
TDMS-02401,TDMS,Traction Distribution,Southern Railway,CORR-014,TRAC-126061,Earthing Fault,High,24,7.2,2026-07-29
TDMS-02402,TDMS,Traction Distribution,Southern Railway,CORR-026,TRAC-384701,Feeder Fault,High,10,11.9,2026-06-18
TDMS-02403,TDMS,Traction Distribution,Southern Railway,CORR-005,TRAC-218278,Traction Substation Fault,High,16,12.5,2026-06-14
TDMS-02404,TDMS,Traction Distribution,Southern Railway,CORR-014,TRAC-698621,Traction Substation Fault,High,14,12.1,2026-05-31
TDMS-02405,TDMS,Traction Distribution,Southern Railway,CORR-014,TRAC-710283,Circuit Breaker Fault,High,9,12.3,2026-05-22
TDMS-02406,TDMS,Traction Distribution,Southern Railway,CORR-021,TRAC-189035,Feeder Fault,High,24,10.1,2026-06-02
TDMS-02407,TDMS,Traction Distribution,Southern Railway,CORR-004,TRAC-935944,Circuit Breaker Fault,High,23,9.9,2026-06-15
TDMS-02408,TDMS,Traction Distribution,Southern Railway,CORR-005,TRAC-290089,Traction Substation Fault,High,30,15.9,2026-07-28
TDMS-02409,TDMS,Traction Distribution,Southern Railway,CORR-021,TRAC-489458,Circuit Breaker Fault,High,12,6.4,2026-07-17
TDMS-02410,TDMS,Traction Distribution,Southern Railway,CORR-002,TRAC-461249,Earthing Fault,High,4,7.1,2026-05-22
TDMS-02411,TDMS,Traction Distribution,Southern Railway,CORR-021,TRAC-588252,Earthing Fault,High,7,8.3,2026-07-16
TDMS-02412,TDMS,Traction Distribution,Southern Railway,CORR-026,TRAC-588366,Earthing Fault,High,7,10.0,2026-07-30
TDMS-02413,TDMS,Traction Distribution,Southern Railway,CORR-005,TRAC-547350,OHE Wire Wear,High,22,9.0,2026-06-07
TDMS-02414,TDMS,Traction Distribution,Southern Railway,CORR-005,TRAC-621984,Insulator Damage,High,19,12.2,2026-07-26
TDMS-02415,TDMS,Traction Distribution,Southern Railway,CORR-026,TRAC-668955,Traction Substation Fault,High,6,11.5,2026-07-12
TDMS-02416,TDMS,Traction Distribution,Southern Railway,CORR-004,TRAC-916008,Traction Substation Fault,High,26,11.2,2026-07-21
TDMS-02417,TDMS,Traction Distribution,Southern Railway,CORR-005,TRAC-588570,Earthing Fault,High,11,15.4,2026-05-05
TDMS-02418,TDMS,Traction Distribution,Southern Railway,CORR-005,TRAC-462596,Circuit Breaker Fault,High,28,10.9,2026-06-19
TDMS-02419,TDMS,Traction Distribution,Southern Railway,CORR-005,TRAC-681247,Feeder Fault,High,29,9.0,2026-07-23
TDMS-02420,TDMS,Traction Distribution,Southern Railway,CORR-005,TRAC-187995,OHE Wire Wear,High,34,7.6,2026-05-21
TDMS-02421,TDMS,Traction Distribution,Southern Railway,CORR-010,TRAC-406975,Earthing Fault,High,10,10.6,2026-05-26
TDMS-02422,TDMS,Traction Distribution,Southern Railway,CORR-021,TRAC-874125,Earthing Fault,High,31,15.9,2026-05-06
TDMS-02423,TDMS,Traction Distribution,Southern Railway,CORR-026,TRAC-135880,OHE Wire Wear,High,6,13.9,2026-06-27
TDMS-02424,TDMS,Traction Distribution,Southern Railway,CORR-004,TRAC-262774,Insulator Damage,High,31,6.2,2026-07-05
TDMS-02425,TDMS,Traction Distribution,Southern Railway,CORR-026,TRAC-973954,Earthing Fault,High,14,15.0,2026-06-18
TDMS-02426,TDMS,Traction Distribution,Southern Railway,CORR-026,TRAC-357008,Insulator Damage,High,18,15.3,2026-06-11
TDMS-02427,TDMS,Traction Distribution,Southern Railway,CORR-005,TRAC-421376,OHE Wire Wear,High,21,13.3,2026-05-15
TDMS-02428,TDMS,Traction Distribution,Southern Railway,CORR-026,TRAC-418894,Feeder Fault,High,2,14.9,2026-06-28
TDMS-02429,TDMS,Traction Distribution,Southern Railway,CORR-005,TRAC-993843,Feeder Fault,High,19,13.4,2026-05-24
TDMS-02430,TDMS,Traction Distribution,Southern Railway,CORR-014,TRAC-343419,Earthing Fault,High,0,15.4,2026-07-30
TDMS-02431,TDMS,Traction Distribution,Southern Railway,CORR-004,TRAC-545643,OHE Wire Wear,High,4,6.4,2026-07-07
TDMS-02432,TDMS,Traction Distribution,Southern Railway,CORR-021,TRAC-202506,Earthing Fault,High,6,11.7,2026-07-15
TDMS-02433,TDMS,Traction Distribution,Southern Railway,CORR-026,TRAC-539661,Feeder Fault,High,32,8.8,2026-06-08
TDMS-02434,TDMS,Traction Distribution,Southern Railway,CORR-021,TRAC-515491,Insulator Damage,High,21,13.0,2026-06-25
TDMS-02435,TDMS,Traction Distribution,Southern Railway,CORR-021,TRAC-728452,Traction Substation Fault,High,7,13.5,2026-05-31
TDMS-02436,TDMS,Traction Distribution,Southern Railway,CORR-002,TRAC-327235,OHE Wire Wear,High,15,9.9,2026-06-15
TDMS-02437,TDMS,Traction Distribution,Southern Railway,CORR-005,TRAC-744323,OHE Wire Wear,High,18,7.5,2026-06-08
TDMS-02438,TDMS,Traction Distribution,Southern Railway,CORR-014,TRAC-462222,Insulator Damage,High,6,9.6,2026-06-27
TDMS-02439,TDMS,Traction Distribution,Southern Railway,CORR-014,TRAC-263489,OHE Wire Wear,High,7,13.9,2026-06-07
TDMS-02440,TDMS,Traction Distribution,Southern Railway,CORR-004,TRAC-706372,Insulator Damage,High,32,13.0,2026-07-18
TDMS-02441,TDMS,Traction Distribution,Southern Railway,CORR-026,TRAC-332945,OHE Wire Wear,High,28,12.2,2026-05-29
TDMS-02442,TDMS,Traction Distribution,Southern Railway,CORR-004,TRAC-789489,OHE Wire Wear,High,9,14.9,2026-05-06
TDMS-02443,TDMS,Traction Distribution,Southern Railway,CORR-026,TRAC-784529,OHE Wire Wear,High,21,11.8,2026-06-04
TDMS-02444,TDMS,Traction Distribution,Southern Railway,CORR-010,TRAC-644552,Traction Substation Fault,High,3,10.3,2026-06-24
TDMS-02445,TDMS,Traction Distribution,Southern Railway,CORR-005,TRAC-273035,Feeder Fault,High,9,15.1,2026-05-29
TDMS-02446,TDMS,Traction Distribution,Southern Railway,CORR-005,TRAC-265537,Feeder Fault,High,3,14.8,2026-07-12
TDMS-02447,TDMS,Traction Distribution,Southern Railway,CORR-014,TRAC-312083,Traction Substation Fault,High,10,12.6,2026-05-07
TDMS-02448,TDMS,Traction Distribution,Southern Railway,CORR-004,TRAC-841739,Earthing Fault,High,29,10.0,2026-06-27
TDMS-02449,TDMS,Traction Distribution,Southern Railway,CORR-002,TRAC-893726,Traction Substation Fault,High,31,7.0,2026-07-05
TDMS-02450,TDMS,Traction Distribution,Southern Railway,CORR-005,TRAC-266486,Earthing Fault,High,11,13.6,2026-06-13
TDMS-02451,TDMS,Traction Distribution,Southern Railway,CORR-004,TRAC-704525,Earthing Fault,High,32,6.0,2026-06-27
TDMS-02452,TDMS,Traction Distribution,Southern Railway,CORR-010,TRAC-356216,Traction Substation Fault,High,4,14.5,2026-07-28
TDMS-02453,TDMS,Traction Distribution,Southern Railway,CORR-005,TRAC-355789,Feeder Fault,High,14,15.6,2026-05-27
TDMS-02454,TDMS,Traction Distribution,Southern Railway,CORR-002,TRAC-852025,Insulator Damage,High,0,10.3,2026-07-28
TDMS-02455,TDMS,Traction Distribution,Southern Railway,CORR-021,TRAC-493270,Earthing Fault,High,15,8.5,2026-05-09
TDMS-02456,TDMS,Traction Distribution,Southern Railway,CORR-014,TRAC-547849,Earthing Fault,High,1,9.9,2026-05-04
TDMS-02457,TDMS,Traction Distribution,Southern Railway,CORR-005,TRAC-834215,OHE Wire Wear,High,0,9.8,2026-06-28
TDMS-02458,TDMS,Traction Distribution,Southern Railway,CORR-004,TRAC-278970,OHE Wire Wear,Critical,34,17.9,2026-06-26
TDMS-02459,TDMS,Traction Distribution,Southern Railway,CORR-005,TRAC-237273,Feeder Fault,Critical,38,25.2,2026-05-16
TDMS-02460,TDMS,Traction Distribution,Southern Railway,CORR-002,TRAC-305542,Traction Substation Fault,Critical,27,24.2,2026-07-09
TDMS-02461,TDMS,Traction Distribution,Southern Railway,CORR-021,TRAC-852578,Feeder Fault,Critical,30,16.4,2026-05-15
TDMS-02462,TDMS,Traction Distribution,Southern Railway,CORR-014,TRAC-906022,Traction Substation Fault,Critical,32,28.3,2026-05-17
TDMS-02463,TDMS,Traction Distribution,Southern Railway,CORR-014,TRAC-136814,OHE Wire Wear,Critical,20,25.6,2026-06-26
TDMS-02464,TDMS,Traction Distribution,Southern Railway,CORR-026,TRAC-758739,OHE Wire Wear,Critical,5,26.1,2026-05-14
TDMS-02465,TDMS,Traction Distribution,Southern Railway,CORR-026,TRAC-776359,Insulator Damage,Critical,57,25.0,2026-07-23
TDMS-02466,TDMS,Traction Distribution,Southern Railway,CORR-002,TRAC-382618,Insulator Damage,Critical,42,15.4,2026-05-21
TDMS-02467,TDMS,Traction Distribution,Southern Railway,CORR-010,TRAC-452793,Feeder Fault,Critical,16,28.7,2026-07-17
TDMS-02468,TDMS,Traction Distribution,Southern Railway,CORR-005,TRAC-539740,Circuit Breaker Fault,Critical,10,29.9,2026-05-30
TDMS-02469,TDMS,Traction Distribution,Southern Railway,CORR-010,TRAC-242963,Circuit Breaker Fault,Critical,44,22.2,2026-05-27
TDMS-02470,TDMS,Traction Distribution,Southern Railway,CORR-005,TRAC-610613,Circuit Breaker Fault,Critical,19,25.8,2026-07-26
TDMS-02471,TDMS,Traction Distribution,Southern Railway,CORR-002,TRAC-343837,Earthing Fault,Critical,36,24.0,2026-06-18
TDMS-02472,TDMS,Traction Distribution,Southern Railway,CORR-026,TRAC-390456,Insulator Damage,Critical,46,24.8,2026-06-03
TDMS-02473,TDMS,Traction Distribution,Southern Railway,CORR-021,TRAC-132647,Feeder Fault,Critical,27,10.2,2026-06-08
TDMS-02474,TDMS,Traction Distribution,Southern Railway,CORR-010,TRAC-226225,Circuit Breaker Fault,Critical,46,20.1,2026-05-25
TDMS-02475,TDMS,Traction Distribution,Southern Railway,CORR-004,TRAC-626573,Feeder Fault,Critical,47,14.7,2026-07-14
TDMS-02476,TDMS,Traction Distribution,Southern Railway,CORR-014,TRAC-569635,Earthing Fault,Critical,57,26.0,2026-06-11
TDMS-02477,TDMS,Traction Distribution,Southern Railway,CORR-021,TRAC-301157,Earthing Fault,Critical,40,21.2,2026-07-09
TDMS-02478,TDMS,Traction Distribution,Southern Railway,CORR-010,TRAC-886850,Feeder Fault,Critical,44,27.6,2026-06-17
TDMS-02479,TDMS,Traction Distribution,Southern Railway,CORR-002,TRAC-935730,Earthing Fault,Critical,34,15.5,2026-05-08
TDMS-02480,TDMS,Traction Distribution,Southern Railway,CORR-004,TRAC-348747,OHE Wire Wear,Critical,6,26.2,2026-06-04
TDMS-02481,TDMS,Traction Distribution,Southern Railway,CORR-026,TRAC-895389,Earthing Fault,Critical,37,11.1,2026-06-20
TDMS-02482,TDMS,Traction Distribution,Southern Railway,CORR-021,TRAC-791884,Circuit Breaker Fault,Critical,19,14.4,2026-06-16
TDMS-02483,TDMS,Traction Distribution,Southern Railway,CORR-010,TRAC-795521,Feeder Fault,Critical,17,10.6,2026-06-23
TDMS-02484,TDMS,Traction Distribution,Southern Railway,CORR-005,TRAC-664788,Insulator Damage,Critical,9,29.4,2026-05-09
TDMS-02485,TDMS,Traction Distribution,Southern Railway,CORR-004,TRAC-418725,OHE Wire Wear,Critical,47,19.8,2026-07-13
TDMS-02486,TDMS,Traction Distribution,Southern Railway,CORR-021,TRAC-557428,Insulator Damage,Critical,52,18.2,2026-05-31
TDMS-02487,TDMS,Traction Distribution,Southern Railway,CORR-005,TRAC-940809,OHE Wire Wear,Critical,8,22.3,2026-05-06
TDMS-02488,TDMS,Traction Distribution,Southern Railway,CORR-002,TRAC-665126,Feeder Fault,Critical,53,29.0,2026-07-13
TDMS-02489,TDMS,Traction Distribution,Southern Railway,CORR-026,TRAC-872696,Earthing Fault,Critical,5,13.6,2026-07-21
TDMS-02490,TDMS,Traction Distribution,Southern Railway,CORR-026,TRAC-840065,Earthing Fault,Critical,41,29.8,2026-05-29
TDMS-02491,TDMS,Traction Distribution,Southern Railway,CORR-021,TRAC-831081,Traction Substation Fault,Critical,13,13.5,2026-07-21
TDMS-02492,TDMS,Traction Distribution,Southern Railway,CORR-002,TRAC-226824,Insulator Damage,Critical,26,10.6,2026-06-10
TDMS-02493,TDMS,Traction Distribution,Southern Railway,CORR-021,TRAC-901409,Circuit Breaker Fault,Critical,31,17.9,2026-05-09
TDMS-02494,TDMS,Traction Distribution,Southern Railway,CORR-014,TRAC-625491,Traction Substation Fault,Critical,24,20.4,2026-05-07
TDMS-02495,TDMS,Traction Distribution,Southern Railway,CORR-005,TRAC-355169,OHE Wire Wear,Critical,27,21.0,2026-07-18
TDMS-02496,TDMS,Traction Distribution,Southern Railway,CORR-004,TRAC-942026,OHE Wire Wear,Critical,28,14.6,2026-06-12
TDMS-02497,TDMS,Traction Distribution,Southern Railway,CORR-021,TRAC-980941,Traction Substation Fault,Critical,54,16.7,2026-06-21
TDMS-02498,TDMS,Traction Distribution,Southern Railway,CORR-021,TRAC-699824,Feeder Fault,Critical,6,28.6,2026-05-16
TDMS-02499,TDMS,Traction Distribution,Southern Railway,CORR-026,TRAC-793075,Circuit Breaker Fault,Critical,26,10.5,2026-05-08
TDMS-02500,TDMS,Traction Distribution,Southern Railway,CORR-026,TRAC-250667,Earthing Fault,Critical,56,14.1,2026-05-30
TDMS-02501,TDMS,Traction Distribution,Southern Railway,CORR-004,TRAC-907915,Earthing Fault,Critical,56,18.2,2026-05-29
TDMS-02502,TDMS,Traction Distribution,Southern Railway,CORR-021,TRAC-702851,Traction Substation Fault,Critical,5,23.0,2026-05-28
TDMS-02503,TDMS,Traction Distribution,Southern Railway,CORR-004,TRAC-127267,Feeder Fault,Critical,15,11.1,2026-07-05
TDMS-02504,TDMS,Traction Distribution,Southern Railway,CORR-026,TRAC-743500,Earthing Fault,Critical,58,26.7,2026-06-22
TDMS-02505,TDMS,Traction Distribution,Western Railway,CORR-013,TRAC-740706,Earthing Fault,Low,-15,6.0,2026-07-03
TDMS-02506,TDMS,Traction Distribution,Western Railway,CORR-025,TRAC-417491,OHE Wire Wear,Low,-10,2.9,2026-07-12
TDMS-02507,TDMS,Traction Distribution,Western Railway,CORR-018,TRAC-448882,Insulator Damage,Low,-12,2.3,2026-05-30
TDMS-02508,TDMS,Traction Distribution,Western Railway,CORR-037,TRAC-753817,OHE Wire Wear,Low,-20,4.7,2026-06-16
TDMS-02509,TDMS,Traction Distribution,Western Railway,CORR-037,TRAC-758530,Feeder Fault,Low,4,2.8,2026-07-12
TDMS-02510,TDMS,Traction Distribution,Western Railway,CORR-018,TRAC-521732,Feeder Fault,Low,-18,5.6,2026-07-11
TDMS-02511,TDMS,Traction Distribution,Western Railway,CORR-035,TRAC-810235,OHE Wire Wear,Low,-13,5.2,2026-06-02
TDMS-02512,TDMS,Traction Distribution,Western Railway,CORR-017,TRAC-102006,Traction Substation Fault,Low,-9,2.5,2026-05-16
TDMS-02513,TDMS,Traction Distribution,Western Railway,CORR-025,TRAC-268941,Earthing Fault,Low,-17,5.1,2026-05-30
TDMS-02514,TDMS,Traction Distribution,Western Railway,CORR-018,TRAC-172832,OHE Wire Wear,Low,6,4.5,2026-07-15
TDMS-02515,TDMS,Traction Distribution,Western Railway,CORR-035,TRAC-877634,Feeder Fault,Low,-7,5.1,2026-06-02
TDMS-02516,TDMS,Traction Distribution,Western Railway,CORR-037,TRAC-370527,Feeder Fault,Low,1,2.3,2026-05-11
TDMS-02517,TDMS,Traction Distribution,Western Railway,CORR-035,TRAC-113156,Insulator Damage,Low,-2,4.0,2026-06-18
TDMS-02518,TDMS,Traction Distribution,Western Railway,CORR-018,TRAC-918864,OHE Wire Wear,Low,9,5.3,2026-06-18
TDMS-02519,TDMS,Traction Distribution,Western Railway,CORR-037,TRAC-624023,Earthing Fault,Low,-11,4.0,2026-06-01
TDMS-02520,TDMS,Traction Distribution,Western Railway,CORR-018,TRAC-671519,Earthing Fault,Low,-20,2.8,2026-07-04
TDMS-02521,TDMS,Traction Distribution,Western Railway,CORR-036,TRAC-719681,Circuit Breaker Fault,Low,-12,4.7,2026-07-12
TDMS-02522,TDMS,Traction Distribution,Western Railway,CORR-018,TRAC-556354,Traction Substation Fault,Low,2,5.7,2026-07-09
TDMS-02523,TDMS,Traction Distribution,Western Railway,CORR-018,TRAC-819737,OHE Wire Wear,Low,5,4.9,2026-06-26
TDMS-02524,TDMS,Traction Distribution,Western Railway,CORR-013,TRAC-966343,Feeder Fault,Low,-12,3.5,2026-07-07
TDMS-02525,TDMS,Traction Distribution,Western Railway,CORR-036,TRAC-389541,Feeder Fault,Low,-5,5.6,2026-06-13
TDMS-02526,TDMS,Traction Distribution,Western Railway,CORR-013,TRAC-171485,Insulator Damage,Low,-20,4.2,2026-07-12
TDMS-02527,TDMS,Traction Distribution,Western Railway,CORR-035,TRAC-527872,Feeder Fault,Low,4,2.6,2026-06-22
TDMS-02528,TDMS,Traction Distribution,Western Railway,CORR-037,TRAC-384463,Insulator Damage,Low,-13,3.9,2026-06-04
TDMS-02529,TDMS,Traction Distribution,Western Railway,CORR-035,TRAC-644488,Feeder Fault,Low,-9,2.8,2026-05-27
TDMS-02530,TDMS,Traction Distribution,Western Railway,CORR-035,TRAC-199158,Feeder Fault,Low,9,2.8,2026-05-10
TDMS-02531,TDMS,Traction Distribution,Western Railway,CORR-013,TRAC-683703,Earthing Fault,Low,-14,4.0,2026-05-23
TDMS-02532,TDMS,Traction Distribution,Western Railway,CORR-036,TRAC-259466,Insulator Damage,Low,-12,3.3,2026-07-12
TDMS-02533,TDMS,Traction Distribution,Western Railway,CORR-018,TRAC-246944,Earthing Fault,Low,-9,2.5,2026-06-11
TDMS-02534,TDMS,Traction Distribution,Western Railway,CORR-018,TRAC-523027,Feeder Fault,Low,-2,2.8,2026-07-24
TDMS-02535,TDMS,Traction Distribution,Western Railway,CORR-017,TRAC-183881,Earthing Fault,Low,-12,4.9,2026-05-17
TDMS-02536,TDMS,Traction Distribution,Western Railway,CORR-036,TRAC-151285,Earthing Fault,Low,-7,4.2,2026-07-19
TDMS-02537,TDMS,Traction Distribution,Western Railway,CORR-017,TRAC-649009,Circuit Breaker Fault,Low,2,2.1,2026-05-22
TDMS-02538,TDMS,Traction Distribution,Western Railway,CORR-037,TRAC-263756,OHE Wire Wear,Low,-5,4.1,2026-06-01
TDMS-02539,TDMS,Traction Distribution,Western Railway,CORR-036,TRAC-114898,Circuit Breaker Fault,Low,1,2.8,2026-05-04
TDMS-02540,TDMS,Traction Distribution,Western Railway,CORR-018,TRAC-143654,Earthing Fault,Low,-19,3.0,2026-07-09
TDMS-02541,TDMS,Traction Distribution,Western Railway,CORR-013,TRAC-565273,Circuit Breaker Fault,Low,-3,3.1,2026-07-25
TDMS-02542,TDMS,Traction Distribution,Western Railway,CORR-017,TRAC-343701,Circuit Breaker Fault,Low,-15,4.9,2026-05-04
TDMS-02543,TDMS,Traction Distribution,Western Railway,CORR-035,TRAC-700190,Traction Substation Fault,Low,7,4.6,2026-05-31
TDMS-02544,TDMS,Traction Distribution,Western Railway,CORR-037,TRAC-147426,Traction Substation Fault,Low,2,4.2,2026-07-26
TDMS-02545,TDMS,Traction Distribution,Western Railway,CORR-037,TRAC-901796,Earthing Fault,Low,-4,4.3,2026-07-16
TDMS-02546,TDMS,Traction Distribution,Western Railway,CORR-037,TRAC-676487,Insulator Damage,Low,6,5.5,2026-05-09
TDMS-02547,TDMS,Traction Distribution,Western Railway,CORR-035,TRAC-817971,OHE Wire Wear,Low,1,5.3,2026-05-29
TDMS-02548,TDMS,Traction Distribution,Western Railway,CORR-013,TRAC-277594,Traction Substation Fault,Low,-12,5.7,2026-07-24
TDMS-02549,TDMS,Traction Distribution,Western Railway,CORR-025,TRAC-572240,Traction Substation Fault,Low,-17,4.7,2026-06-18
TDMS-02550,TDMS,Traction Distribution,Western Railway,CORR-035,TRAC-424550,Insulator Damage,Low,5,3.3,2026-07-10
TDMS-02551,TDMS,Traction Distribution,Western Railway,CORR-036,TRAC-721106,Traction Substation Fault,Low,-1,2.4,2026-05-07
TDMS-02552,TDMS,Traction Distribution,Western Railway,CORR-036,TRAC-761734,Insulator Damage,Low,-3,2.6,2026-06-21
TDMS-02553,TDMS,Traction Distribution,Western Railway,CORR-013,TRAC-792466,Insulator Damage,Low,-10,3.9,2026-07-01
TDMS-02554,TDMS,Traction Distribution,Western Railway,CORR-017,TRAC-936659,OHE Wire Wear,Low,0,4.2,2026-06-20
TDMS-02555,TDMS,Traction Distribution,Western Railway,CORR-013,TRAC-977525,OHE Wire Wear,Low,-8,2.1,2026-06-14
TDMS-02556,TDMS,Traction Distribution,Western Railway,CORR-018,TRAC-776859,Insulator Damage,Low,-19,3.6,2026-05-16
TDMS-02557,TDMS,Traction Distribution,Western Railway,CORR-013,TRAC-153070,Circuit Breaker Fault,Low,-5,2.0,2026-08-01
TDMS-02558,TDMS,Traction Distribution,Western Railway,CORR-025,TRAC-998929,OHE Wire Wear,Low,-14,3.3,2026-05-18
TDMS-02559,TDMS,Traction Distribution,Western Railway,CORR-035,TRAC-877783,Feeder Fault,Low,6,2.3,2026-05-19
TDMS-02560,TDMS,Traction Distribution,Western Railway,CORR-017,TRAC-499386,Insulator Damage,Low,5,4.0,2026-05-19
TDMS-02561,TDMS,Traction Distribution,Western Railway,CORR-018,TRAC-354855,Traction Substation Fault,Low,-5,2.9,2026-05-13
TDMS-02562,TDMS,Traction Distribution,Western Railway,CORR-025,TRAC-778231,Circuit Breaker Fault,Low,3,4.5,2026-06-28
TDMS-02563,TDMS,Traction Distribution,Western Railway,CORR-035,TRAC-783190,Feeder Fault,Low,-12,3.8,2026-07-02
TDMS-02564,TDMS,Traction Distribution,Western Railway,CORR-018,TRAC-433056,Earthing Fault,Low,-17,3.7,2026-05-31
TDMS-02565,TDMS,Traction Distribution,Western Railway,CORR-035,TRAC-109476,Circuit Breaker Fault,Low,-14,4.0,2026-06-10
TDMS-02566,TDMS,Traction Distribution,Western Railway,CORR-037,TRAC-266913,Insulator Damage,Low,-6,3.7,2026-05-08
TDMS-02567,TDMS,Traction Distribution,Western Railway,CORR-037,TRAC-835103,Circuit Breaker Fault,Low,7,3.4,2026-06-06
TDMS-02568,TDMS,Traction Distribution,Western Railway,CORR-036,TRAC-387553,Earthing Fault,Low,-2,4.2,2026-05-15
TDMS-02569,TDMS,Traction Distribution,Western Railway,CORR-018,TRAC-291653,Earthing Fault,Low,-14,2.7,2026-07-28
TDMS-02570,TDMS,Traction Distribution,Western Railway,CORR-017,TRAC-687584,OHE Wire Wear,Low,-1,2.8,2026-07-26
TDMS-02571,TDMS,Traction Distribution,Western Railway,CORR-037,TRAC-659119,OHE Wire Wear,Low,-12,4.6,2026-07-26
TDMS-02572,TDMS,Traction Distribution,Western Railway,CORR-036,TRAC-365039,Circuit Breaker Fault,Low,2,2.5,2026-07-18
TDMS-02573,TDMS,Traction Distribution,Western Railway,CORR-013,TRAC-472170,OHE Wire Wear,Low,-1,5.3,2026-07-07
TDMS-02574,TDMS,Traction Distribution,Western Railway,CORR-025,TRAC-459360,Traction Substation Fault,Low,8,2.5,2026-05-10
TDMS-02575,TDMS,Traction Distribution,Western Railway,CORR-035,TRAC-390971,OHE Wire Wear,Low,-20,4.7,2026-07-29
TDMS-02576,TDMS,Traction Distribution,Western Railway,CORR-013,TRAC-253310,Traction Substation Fault,Low,9,4.7,2026-06-19
TDMS-02577,TDMS,Traction Distribution,Western Railway,CORR-036,TRAC-771740,Insulator Damage,Low,3,2.6,2026-05-23
TDMS-02578,TDMS,Traction Distribution,Western Railway,CORR-036,TRAC-152708,Traction Substation Fault,Low,-16,4.3,2026-06-14
TDMS-02579,TDMS,Traction Distribution,Western Railway,CORR-018,TRAC-761730,Feeder Fault,Low,3,3.0,2026-06-01
TDMS-02580,TDMS,Traction Distribution,Western Railway,CORR-017,TRAC-588893,OHE Wire Wear,Low,5,2.6,2026-05-26
TDMS-02581,TDMS,Traction Distribution,Western Railway,CORR-035,TRAC-382711,Insulator Damage,Low,2,5.7,2026-06-04
TDMS-02582,TDMS,Traction Distribution,Western Railway,CORR-025,TRAC-431619,Traction Substation Fault,Low,-18,5.1,2026-06-13
TDMS-02583,TDMS,Traction Distribution,Western Railway,CORR-025,TRAC-344684,Feeder Fault,Low,-8,2.9,2026-07-04
TDMS-02584,TDMS,Traction Distribution,Western Railway,CORR-025,TRAC-264740,Circuit Breaker Fault,Low,8,2.5,2026-06-05
TDMS-02585,TDMS,Traction Distribution,Western Railway,CORR-035,TRAC-781049,Insulator Damage,Low,-2,3.4,2026-07-12
TDMS-02586,TDMS,Traction Distribution,Western Railway,CORR-037,TRAC-485569,Insulator Damage,Low,-8,3.6,2026-07-24
TDMS-02587,TDMS,Traction Distribution,Western Railway,CORR-036,TRAC-432870,Insulator Damage,Low,6,2.1,2026-07-26
TDMS-02588,TDMS,Traction Distribution,Western Railway,CORR-036,TRAC-928514,Earthing Fault,Low,9,3.4,2026-05-15
TDMS-02589,TDMS,Traction Distribution,Western Railway,CORR-035,TRAC-596501,Traction Substation Fault,Low,7,4.3,2026-05-18
TDMS-02590,TDMS,Traction Distribution,Western Railway,CORR-017,TRAC-486458,Earthing Fault,Low,-5,2.2,2026-05-11
TDMS-02591,TDMS,Traction Distribution,Western Railway,CORR-018,TRAC-616194,Circuit Breaker Fault,Low,9,3.6,2026-07-23
TDMS-02592,TDMS,Traction Distribution,Western Railway,CORR-017,TRAC-287984,Earthing Fault,Low,-13,4.1,2026-07-01
TDMS-02593,TDMS,Traction Distribution,Western Railway,CORR-035,TRAC-228552,Insulator Damage,Low,-2,2.0,2026-07-21
TDMS-02594,TDMS,Traction Distribution,Western Railway,CORR-013,TRAC-306468,Insulator Damage,Low,-13,5.7,2026-06-14
TDMS-02595,TDMS,Traction Distribution,Western Railway,CORR-017,TRAC-959730,Insulator Damage,Low,-19,4.0,2026-05-24
TDMS-02596,TDMS,Traction Distribution,Western Railway,CORR-018,TRAC-605562,Circuit Breaker Fault,Low,9,3.7,2026-06-04
TDMS-02597,TDMS,Traction Distribution,Western Railway,CORR-013,TRAC-104799,Circuit Breaker Fault,Low,-8,4.3,2026-05-19
TDMS-02598,TDMS,Traction Distribution,Western Railway,CORR-036,TRAC-506839,OHE Wire Wear,Low,9,2.8,2026-06-15
TDMS-02599,TDMS,Traction Distribution,Western Railway,CORR-025,TRAC-729406,Earthing Fault,Low,-14,5.6,2026-05-14
TDMS-02600,TDMS,Traction Distribution,Western Railway,CORR-018,TRAC-761672,Traction Substation Fault,Low,-19,4.2,2026-06-20
TDMS-02601,TDMS,Traction Distribution,Western Railway,CORR-025,TRAC-291344,Circuit Breaker Fault,Low,8,5.2,2026-06-29
TDMS-02602,TDMS,Traction Distribution,Western Railway,CORR-036,TRAC-459427,OHE Wire Wear,Low,-14,2.0,2026-07-24
TDMS-02603,TDMS,Traction Distribution,Western Railway,CORR-037,TRAC-691083,Earthing Fault,Low,-14,4.1,2026-07-15
TDMS-02604,TDMS,Traction Distribution,Western Railway,CORR-025,TRAC-357742,Earthing Fault,Low,-18,4.2,2026-07-02
TDMS-02605,TDMS,Traction Distribution,Western Railway,CORR-018,TRAC-508455,Circuit Breaker Fault,Low,9,4.8,2026-05-15
TDMS-02606,TDMS,Traction Distribution,Western Railway,CORR-013,TRAC-838623,OHE Wire Wear,Low,-12,2.7,2026-07-11
TDMS-02607,TDMS,Traction Distribution,Western Railway,CORR-025,TRAC-272179,Feeder Fault,Low,-1,5.2,2026-07-25
TDMS-02608,TDMS,Traction Distribution,Western Railway,CORR-025,TRAC-205141,OHE Wire Wear,Low,-20,4.1,2026-07-18
TDMS-02609,TDMS,Traction Distribution,Western Railway,CORR-036,TRAC-246688,Traction Substation Fault,Low,-14,4.9,2026-06-28
TDMS-02610,TDMS,Traction Distribution,Western Railway,CORR-013,TRAC-335653,Traction Substation Fault,Low,-15,3.5,2026-05-10
TDMS-02611,TDMS,Traction Distribution,Western Railway,CORR-017,TRAC-172622,Traction Substation Fault,Low,-10,4.4,2026-06-16
TDMS-02612,TDMS,Traction Distribution,Western Railway,CORR-018,TRAC-390794,Earthing Fault,Low,3,3.3,2026-06-13
TDMS-02613,TDMS,Traction Distribution,Western Railway,CORR-013,TRAC-908732,Circuit Breaker Fault,Low,3,5.5,2026-07-29
TDMS-02614,TDMS,Traction Distribution,Western Railway,CORR-025,TRAC-194851,Insulator Damage,Low,1,3.2,2026-07-15
TDMS-02615,TDMS,Traction Distribution,Western Railway,CORR-025,TRAC-731853,Circuit Breaker Fault,Low,7,5.7,2026-05-23
TDMS-02616,TDMS,Traction Distribution,Western Railway,CORR-018,TRAC-243223,Feeder Fault,Low,9,2.5,2026-06-19
TDMS-02617,TDMS,Traction Distribution,Western Railway,CORR-017,TRAC-438118,Insulator Damage,Low,-20,3.2,2026-06-28
TDMS-02618,TDMS,Traction Distribution,Western Railway,CORR-036,TRAC-880838,Circuit Breaker Fault,Low,1,4.3,2026-06-01
TDMS-02619,TDMS,Traction Distribution,Western Railway,CORR-025,TRAC-452959,OHE Wire Wear,Low,-9,3.9,2026-06-12
TDMS-02620,TDMS,Traction Distribution,Western Railway,CORR-036,TRAC-712604,Insulator Damage,Low,-8,4.7,2026-07-17
TDMS-02621,TDMS,Traction Distribution,Western Railway,CORR-013,TRAC-647352,Traction Substation Fault,Low,2,4.9,2026-05-27
TDMS-02622,TDMS,Traction Distribution,Western Railway,CORR-037,TRAC-248888,OHE Wire Wear,Low,-14,2.1,2026-06-18
TDMS-02623,TDMS,Traction Distribution,Western Railway,CORR-037,TRAC-235228,Traction Substation Fault,Low,-18,3.1,2026-07-19
TDMS-02624,TDMS,Traction Distribution,Western Railway,CORR-018,TRAC-126463,Traction Substation Fault,Low,-13,4.5,2026-05-17
TDMS-02625,TDMS,Traction Distribution,Western Railway,CORR-025,TRAC-291513,Circuit Breaker Fault,Low,8,3.0,2026-08-01
TDMS-02626,TDMS,Traction Distribution,Western Railway,CORR-013,TRAC-263026,Insulator Damage,Low,-14,5.0,2026-07-26
TDMS-02627,TDMS,Traction Distribution,Western Railway,CORR-018,TRAC-376242,Insulator Damage,Low,-3,3.2,2026-05-17
TDMS-02628,TDMS,Traction Distribution,Western Railway,CORR-013,TRAC-209786,Earthing Fault,Low,-14,4.3,2026-06-20
TDMS-02629,TDMS,Traction Distribution,Western Railway,CORR-036,TRAC-912251,OHE Wire Wear,Low,-14,5.0,2026-05-29
TDMS-02630,TDMS,Traction Distribution,Western Railway,CORR-036,TRAC-363950,Insulator Damage,Low,3,3.6,2026-05-05
TDMS-02631,TDMS,Traction Distribution,Western Railway,CORR-013,TRAC-295902,Earthing Fault,Low,-4,5.4,2026-06-03
TDMS-02632,TDMS,Traction Distribution,Western Railway,CORR-035,TRAC-357384,Circuit Breaker Fault,Low,0,2.5,2026-06-16
TDMS-02633,TDMS,Traction Distribution,Western Railway,CORR-037,TRAC-390186,Feeder Fault,Low,-12,5.0,2026-07-12
TDMS-02634,TDMS,Traction Distribution,Western Railway,CORR-037,TRAC-772681,Earthing Fault,Low,-3,4.6,2026-05-12
TDMS-02635,TDMS,Traction Distribution,Western Railway,CORR-013,TRAC-558656,Circuit Breaker Fault,Low,-11,4.5,2026-07-20
TDMS-02636,TDMS,Traction Distribution,Western Railway,CORR-018,TRAC-745797,Traction Substation Fault,Low,5,5.0,2026-08-01
TDMS-02637,TDMS,Traction Distribution,Western Railway,CORR-018,TRAC-350317,OHE Wire Wear,Low,-8,5.2,2026-07-02
TDMS-02638,TDMS,Traction Distribution,Western Railway,CORR-036,TRAC-376231,Traction Substation Fault,Low,6,4.7,2026-06-16
TDMS-02639,TDMS,Traction Distribution,Western Railway,CORR-035,TRAC-711100,Circuit Breaker Fault,Low,-1,5.9,2026-07-21
TDMS-02640,TDMS,Traction Distribution,Western Railway,CORR-036,TRAC-949527,Insulator Damage,Low,0,3.4,2026-05-13
TDMS-02641,TDMS,Traction Distribution,Western Railway,CORR-018,TRAC-499871,Circuit Breaker Fault,Low,8,5.6,2026-07-27
TDMS-02642,TDMS,Traction Distribution,Western Railway,CORR-035,TRAC-911707,Insulator Damage,Low,-17,4.3,2026-05-19
TDMS-02643,TDMS,Traction Distribution,Western Railway,CORR-037,TRAC-642048,Earthing Fault,Low,-6,2.2,2026-07-03
TDMS-02644,TDMS,Traction Distribution,Western Railway,CORR-036,TRAC-598724,OHE Wire Wear,Low,-10,5.4,2026-07-02
TDMS-02645,TDMS,Traction Distribution,Western Railway,CORR-017,TRAC-386113,Insulator Damage,Low,-8,4.0,2026-07-28
TDMS-02646,TDMS,Traction Distribution,Western Railway,CORR-036,TRAC-270976,Insulator Damage,Low,-1,3.6,2026-05-17
TDMS-02647,TDMS,Traction Distribution,Western Railway,CORR-036,TRAC-421187,Insulator Damage,Low,6,4.4,2026-05-23
TDMS-02648,TDMS,Traction Distribution,Western Railway,CORR-025,TRAC-631384,Circuit Breaker Fault,Low,0,3.8,2026-06-02
TDMS-02649,TDMS,Traction Distribution,Western Railway,CORR-025,TRAC-162254,Circuit Breaker Fault,Low,-12,5.3,2026-07-07
TDMS-02650,TDMS,Traction Distribution,Western Railway,CORR-013,TRAC-906376,Traction Substation Fault,Low,-1,3.2,2026-05-28
TDMS-02651,TDMS,Traction Distribution,Western Railway,CORR-018,TRAC-771216,Traction Substation Fault,Low,-2,5.0,2026-05-24
TDMS-02652,TDMS,Traction Distribution,Western Railway,CORR-036,TRAC-564028,Earthing Fault,Low,-7,3.6,2026-05-21
TDMS-02653,TDMS,Traction Distribution,Western Railway,CORR-035,TRAC-964542,Circuit Breaker Fault,Low,-8,4.3,2026-07-07
TDMS-02654,TDMS,Traction Distribution,Western Railway,CORR-017,TRAC-342882,Circuit Breaker Fault,Low,-16,5.9,2026-06-26
TDMS-02655,TDMS,Traction Distribution,Western Railway,CORR-013,TRAC-748518,Earthing Fault,Low,-1,3.9,2026-05-18
TDMS-02656,TDMS,Traction Distribution,Western Railway,CORR-018,TRAC-481087,OHE Wire Wear,Low,-9,5.8,2026-05-13
TDMS-02657,TDMS,Traction Distribution,Western Railway,CORR-025,TRAC-157808,Traction Substation Fault,Low,0,5.2,2026-05-25
TDMS-02658,TDMS,Traction Distribution,Western Railway,CORR-013,TRAC-530549,Earthing Fault,Low,-13,3.9,2026-07-11
TDMS-02659,TDMS,Traction Distribution,Western Railway,CORR-018,TRAC-801901,Insulator Damage,Low,-2,4.0,2026-05-07
TDMS-02660,TDMS,Traction Distribution,Western Railway,CORR-013,TRAC-648859,Traction Substation Fault,Low,-14,2.6,2026-05-21
TDMS-02661,TDMS,Traction Distribution,Western Railway,CORR-025,TRAC-603037,Feeder Fault,Low,-15,3.8,2026-07-23
TDMS-02662,TDMS,Traction Distribution,Western Railway,CORR-035,TRAC-575700,Traction Substation Fault,Low,0,5.8,2026-07-13
TDMS-02663,TDMS,Traction Distribution,Western Railway,CORR-036,TRAC-331691,OHE Wire Wear,Low,-6,5.0,2026-05-27
TDMS-02664,TDMS,Traction Distribution,Western Railway,CORR-036,TRAC-445333,Traction Substation Fault,Low,-6,5.9,2026-06-17
TDMS-02665,TDMS,Traction Distribution,Western Railway,CORR-018,TRAC-293337,Feeder Fault,Low,-12,3.8,2026-05-24
TDMS-02666,TDMS,Traction Distribution,Western Railway,CORR-035,TRAC-826858,Insulator Damage,Low,7,3.9,2026-06-28
TDMS-02667,TDMS,Traction Distribution,Western Railway,CORR-017,TRAC-526135,Circuit Breaker Fault,Low,-18,3.6,2026-07-07
TDMS-02668,TDMS,Traction Distribution,Western Railway,CORR-036,TRAC-873723,Insulator Damage,Low,-4,4.3,2026-06-01
TDMS-02669,TDMS,Traction Distribution,Western Railway,CORR-017,TRAC-174069,Traction Substation Fault,Low,-5,3.7,2026-05-20
TDMS-02670,TDMS,Traction Distribution,Western Railway,CORR-025,TRAC-216804,Traction Substation Fault,Low,-11,5.2,2026-06-24
TDMS-02671,TDMS,Traction Distribution,Western Railway,CORR-013,TRAC-465426,Circuit Breaker Fault,Low,-19,5.5,2026-07-12
TDMS-02672,TDMS,Traction Distribution,Western Railway,CORR-025,TRAC-403102,Insulator Damage,Low,-17,5.0,2026-07-18
TDMS-02673,TDMS,Traction Distribution,Western Railway,CORR-035,TRAC-751890,Feeder Fault,Low,3,2.2,2026-06-10
TDMS-02674,TDMS,Traction Distribution,Western Railway,CORR-025,TRAC-629827,Earthing Fault,Low,-13,2.1,2026-07-10
TDMS-02675,TDMS,Traction Distribution,Western Railway,CORR-017,TRAC-566139,OHE Wire Wear,Low,-6,5.9,2026-06-09
TDMS-02676,TDMS,Traction Distribution,Western Railway,CORR-035,TRAC-393573,Feeder Fault,Low,-12,3.6,2026-06-04
TDMS-02677,TDMS,Traction Distribution,Western Railway,CORR-013,TRAC-181801,OHE Wire Wear,Low,7,4.5,2026-06-24
TDMS-02678,TDMS,Traction Distribution,Western Railway,CORR-037,TRAC-306771,Insulator Damage,Low,-16,5.1,2026-06-04
TDMS-02679,TDMS,Traction Distribution,Western Railway,CORR-025,TRAC-567782,Earthing Fault,Low,7,4.9,2026-06-30
TDMS-02680,TDMS,Traction Distribution,Western Railway,CORR-037,TRAC-335558,Insulator Damage,Low,-4,3.8,2026-07-02
TDMS-02681,TDMS,Traction Distribution,Western Railway,CORR-017,TRAC-503727,Traction Substation Fault,Low,-11,2.8,2026-06-28
TDMS-02682,TDMS,Traction Distribution,Western Railway,CORR-035,TRAC-644831,Traction Substation Fault,Low,6,3.6,2026-05-10
TDMS-02683,TDMS,Traction Distribution,Western Railway,CORR-018,TRAC-357267,Traction Substation Fault,Low,-15,3.1,2026-05-30
TDMS-02684,TDMS,Traction Distribution,Western Railway,CORR-035,TRAC-529242,Earthing Fault,Low,-10,5.1,2026-05-11
TDMS-02685,TDMS,Traction Distribution,Western Railway,CORR-018,TRAC-312975,OHE Wire Wear,Low,-4,5.5,2026-07-21
TDMS-02686,TDMS,Traction Distribution,Western Railway,CORR-035,TRAC-438638,Traction Substation Fault,Low,7,4.5,2026-05-22
TDMS-02687,TDMS,Traction Distribution,Western Railway,CORR-017,TRAC-223661,OHE Wire Wear,Low,-7,5.1,2026-06-01
TDMS-02688,TDMS,Traction Distribution,Western Railway,CORR-035,TRAC-477075,Circuit Breaker Fault,Low,-19,3.4,2026-06-14
TDMS-02689,TDMS,Traction Distribution,Western Railway,CORR-036,TRAC-335617,OHE Wire Wear,Low,3,5.1,2026-06-08
TDMS-02690,TDMS,Traction Distribution,Western Railway,CORR-037,TRAC-980522,Feeder Fault,Low,-16,3.5,2026-07-16
TDMS-02691,TDMS,Traction Distribution,Western Railway,CORR-013,TRAC-567213,Traction Substation Fault,Low,2,3.7,2026-06-15
TDMS-02692,TDMS,Traction Distribution,Western Railway,CORR-017,TRAC-875685,Traction Substation Fault,Low,7,4.6,2026-05-19
TDMS-02693,TDMS,Traction Distribution,Western Railway,CORR-025,TRAC-340965,Earthing Fault,Low,-12,5.3,2026-06-12
TDMS-02694,TDMS,Traction Distribution,Western Railway,CORR-018,TRAC-619904,Earthing Fault,Low,-9,5.4,2026-05-20
TDMS-02695,TDMS,Traction Distribution,Western Railway,CORR-025,TRAC-208819,Circuit Breaker Fault,Low,-15,3.4,2026-07-30
TDMS-02696,TDMS,Traction Distribution,Western Railway,CORR-035,TRAC-368445,Feeder Fault,Low,-8,2.9,2026-06-03
TDMS-02697,TDMS,Traction Distribution,Western Railway,CORR-035,TRAC-349061,Circuit Breaker Fault,Low,-8,4.8,2026-06-06
TDMS-02698,TDMS,Traction Distribution,Western Railway,CORR-037,TRAC-839136,Earthing Fault,Low,3,2.2,2026-06-20
TDMS-02699,TDMS,Traction Distribution,Western Railway,CORR-037,TRAC-782647,Earthing Fault,Low,-6,2.4,2026-06-29
TDMS-02700,TDMS,Traction Distribution,Western Railway,CORR-036,TRAC-259226,Earthing Fault,Low,-16,5.6,2026-07-24
TDMS-02701,TDMS,Traction Distribution,Western Railway,CORR-025,TRAC-956417,Insulator Damage,Low,8,2.4,2026-06-14
TDMS-02702,TDMS,Traction Distribution,Western Railway,CORR-017,TRAC-711503,OHE Wire Wear,Medium,9,7.4,2026-05-29
TDMS-02703,TDMS,Traction Distribution,Western Railway,CORR-013,TRAC-498285,OHE Wire Wear,Medium,8,6.9,2026-05-26
TDMS-02704,TDMS,Traction Distribution,Western Railway,CORR-037,TRAC-331117,OHE Wire Wear,Medium,9,4.2,2026-05-10
TDMS-02705,TDMS,Traction Distribution,Western Railway,CORR-035,TRAC-397170,Circuit Breaker Fault,Medium,15,5.5,2026-07-02
TDMS-02706,TDMS,Traction Distribution,Western Railway,CORR-017,TRAC-386619,Insulator Damage,Medium,6,6.8,2026-06-06
TDMS-02707,TDMS,Traction Distribution,Western Railway,CORR-013,TRAC-487202,Traction Substation Fault,Medium,-5,6.4,2026-07-03
TDMS-02708,TDMS,Traction Distribution,Western Railway,CORR-017,TRAC-872454,OHE Wire Wear,Medium,11,7.1,2026-05-07
TDMS-02709,TDMS,Traction Distribution,Western Railway,CORR-018,TRAC-861544,Traction Substation Fault,Medium,-10,4.4,2026-07-05
TDMS-02710,TDMS,Traction Distribution,Western Railway,CORR-013,TRAC-640638,Insulator Damage,Medium,13,4.7,2026-07-19
TDMS-02711,TDMS,Traction Distribution,Western Railway,CORR-035,TRAC-995717,Circuit Breaker Fault,Medium,18,9.4,2026-05-13
TDMS-02712,TDMS,Traction Distribution,Western Railway,CORR-025,TRAC-527671,Insulator Damage,Medium,16,4.5,2026-07-04
TDMS-02713,TDMS,Traction Distribution,Western Railway,CORR-025,TRAC-450368,Feeder Fault,Medium,5,8.0,2026-07-03
TDMS-02714,TDMS,Traction Distribution,Western Railway,CORR-018,TRAC-801730,Insulator Damage,Medium,14,7.4,2026-06-02
TDMS-02715,TDMS,Traction Distribution,Western Railway,CORR-037,TRAC-751647,Insulator Damage,Medium,-9,9.3,2026-05-23
TDMS-02716,TDMS,Traction Distribution,Western Railway,CORR-035,TRAC-939827,Traction Substation Fault,Medium,-7,4.9,2026-07-13
TDMS-02717,TDMS,Traction Distribution,Western Railway,CORR-013,TRAC-943220,Earthing Fault,Medium,-3,9.2,2026-05-06
TDMS-02718,TDMS,Traction Distribution,Western Railway,CORR-036,TRAC-206117,Earthing Fault,Medium,15,6.1,2026-07-27
TDMS-02719,TDMS,Traction Distribution,Western Railway,CORR-025,TRAC-695133,Feeder Fault,Medium,16,8.3,2026-07-30
TDMS-02720,TDMS,Traction Distribution,Western Railway,CORR-025,TRAC-839560,Earthing Fault,Medium,5,4.8,2026-06-11
TDMS-02721,TDMS,Traction Distribution,Western Railway,CORR-013,TRAC-520749,Earthing Fault,Medium,-6,6.9,2026-05-13
TDMS-02722,TDMS,Traction Distribution,Western Railway,CORR-013,TRAC-705097,Feeder Fault,Medium,16,4.2,2026-05-24
TDMS-02723,TDMS,Traction Distribution,Western Railway,CORR-025,TRAC-314963,Earthing Fault,Medium,8,8.5,2026-07-27
TDMS-02724,TDMS,Traction Distribution,Western Railway,CORR-025,TRAC-653421,Earthing Fault,Medium,15,5.0,2026-05-14
TDMS-02725,TDMS,Traction Distribution,Western Railway,CORR-017,TRAC-435767,Insulator Damage,Medium,10,8.9,2026-05-09
TDMS-02726,TDMS,Traction Distribution,Western Railway,CORR-025,TRAC-743573,Feeder Fault,Medium,6,4.5,2026-07-27
TDMS-02727,TDMS,Traction Distribution,Western Railway,CORR-013,TRAC-759779,Traction Substation Fault,Medium,14,6.6,2026-07-09
TDMS-02728,TDMS,Traction Distribution,Western Railway,CORR-017,TRAC-280353,Earthing Fault,Medium,16,5.7,2026-06-15
TDMS-02729,TDMS,Traction Distribution,Western Railway,CORR-037,TRAC-892779,Traction Substation Fault,Medium,-5,5.2,2026-05-25
TDMS-02730,TDMS,Traction Distribution,Western Railway,CORR-037,TRAC-830274,OHE Wire Wear,Medium,14,5.2,2026-05-05
TDMS-02731,TDMS,Traction Distribution,Western Railway,CORR-013,TRAC-962599,Earthing Fault,Medium,15,7.0,2026-07-24
TDMS-02732,TDMS,Traction Distribution,Western Railway,CORR-013,TRAC-524222,Earthing Fault,Medium,-6,5.6,2026-06-03
TDMS-02733,TDMS,Traction Distribution,Western Railway,CORR-025,TRAC-492459,OHE Wire Wear,Medium,2,9.1,2026-07-14
TDMS-02734,TDMS,Traction Distribution,Western Railway,CORR-035,TRAC-884604,Circuit Breaker Fault,Medium,8,6.0,2026-07-18
TDMS-02735,TDMS,Traction Distribution,Western Railway,CORR-035,TRAC-738490,OHE Wire Wear,Medium,12,9.4,2026-06-21
TDMS-02736,TDMS,Traction Distribution,Western Railway,CORR-017,TRAC-213545,Circuit Breaker Fault,Medium,3,8.2,2026-05-04
TDMS-02737,TDMS,Traction Distribution,Western Railway,CORR-018,TRAC-845535,Insulator Damage,Medium,-7,9.9,2026-06-16
TDMS-02738,TDMS,Traction Distribution,Western Railway,CORR-037,TRAC-551501,Traction Substation Fault,Medium,16,4.6,2026-06-06
TDMS-02739,TDMS,Traction Distribution,Western Railway,CORR-036,TRAC-883594,Traction Substation Fault,Medium,13,9.2,2026-08-01
TDMS-02740,TDMS,Traction Distribution,Western Railway,CORR-035,TRAC-833700,Traction Substation Fault,Medium,7,8.8,2026-07-06
TDMS-02741,TDMS,Traction Distribution,Western Railway,CORR-017,TRAC-388408,Earthing Fault,Medium,15,8.9,2026-05-23
TDMS-02742,TDMS,Traction Distribution,Western Railway,CORR-025,TRAC-722932,OHE Wire Wear,Medium,1,7.4,2026-07-17
TDMS-02743,TDMS,Traction Distribution,Western Railway,CORR-037,TRAC-478195,Circuit Breaker Fault,Medium,18,7.7,2026-05-19
TDMS-02744,TDMS,Traction Distribution,Western Railway,CORR-037,TRAC-196366,Insulator Damage,Medium,-6,4.1,2026-06-12
TDMS-02745,TDMS,Traction Distribution,Western Railway,CORR-037,TRAC-967337,Circuit Breaker Fault,Medium,14,8.7,2026-07-28
TDMS-02746,TDMS,Traction Distribution,Western Railway,CORR-037,TRAC-641495,Circuit Breaker Fault,Medium,16,8.2,2026-06-03
TDMS-02747,TDMS,Traction Distribution,Western Railway,CORR-037,TRAC-354875,Insulator Damage,Medium,-4,6.7,2026-07-27
TDMS-02748,TDMS,Traction Distribution,Western Railway,CORR-017,TRAC-450478,Feeder Fault,Medium,10,5.3,2026-06-14
TDMS-02749,TDMS,Traction Distribution,Western Railway,CORR-035,TRAC-149689,Earthing Fault,Medium,15,7.1,2026-07-07
TDMS-02750,TDMS,Traction Distribution,Western Railway,CORR-037,TRAC-391856,Traction Substation Fault,Medium,11,4.5,2026-06-26
TDMS-02751,TDMS,Traction Distribution,Western Railway,CORR-017,TRAC-905881,Insulator Damage,Medium,10,8.2,2026-07-11
TDMS-02752,TDMS,Traction Distribution,Western Railway,CORR-037,TRAC-746613,Feeder Fault,Medium,-6,4.2,2026-06-15
TDMS-02753,TDMS,Traction Distribution,Western Railway,CORR-013,TRAC-444673,OHE Wire Wear,Medium,-9,7.4,2026-06-11
TDMS-02754,TDMS,Traction Distribution,Western Railway,CORR-025,TRAC-264400,OHE Wire Wear,Medium,14,4.0,2026-06-16
TDMS-02755,TDMS,Traction Distribution,Western Railway,CORR-017,TRAC-897189,Insulator Damage,Medium,16,9.9,2026-07-06
TDMS-02756,TDMS,Traction Distribution,Western Railway,CORR-025,TRAC-875534,OHE Wire Wear,Medium,7,4.3,2026-06-03
TDMS-02757,TDMS,Traction Distribution,Western Railway,CORR-035,TRAC-169510,OHE Wire Wear,Medium,-3,5.3,2026-05-06
TDMS-02758,TDMS,Traction Distribution,Western Railway,CORR-035,TRAC-613037,Circuit Breaker Fault,Medium,5,5.3,2026-05-27
TDMS-02759,TDMS,Traction Distribution,Western Railway,CORR-035,TRAC-638528,Traction Substation Fault,Medium,13,5.8,2026-06-15
TDMS-02760,TDMS,Traction Distribution,Western Railway,CORR-025,TRAC-677735,Insulator Damage,Medium,1,9.0,2026-05-30
TDMS-02761,TDMS,Traction Distribution,Western Railway,CORR-025,TRAC-566083,OHE Wire Wear,Medium,15,6.3,2026-07-28
TDMS-02762,TDMS,Traction Distribution,Western Railway,CORR-035,TRAC-725285,Earthing Fault,Medium,8,8.9,2026-06-17
TDMS-02763,TDMS,Traction Distribution,Western Railway,CORR-013,TRAC-852677,Earthing Fault,Medium,3,9.8,2026-06-14
TDMS-02764,TDMS,Traction Distribution,Western Railway,CORR-017,TRAC-935016,Earthing Fault,Medium,-5,7.6,2026-05-12
TDMS-02765,TDMS,Traction Distribution,Western Railway,CORR-037,TRAC-224818,Feeder Fault,Medium,3,8.7,2026-06-03
TDMS-02766,TDMS,Traction Distribution,Western Railway,CORR-025,TRAC-232974,OHE Wire Wear,Medium,8,8.3,2026-05-05
TDMS-02767,TDMS,Traction Distribution,Western Railway,CORR-037,TRAC-348541,Earthing Fault,Medium,17,8.9,2026-06-27
TDMS-02768,TDMS,Traction Distribution,Western Railway,CORR-025,TRAC-794761,OHE Wire Wear,Medium,-9,8.8,2026-07-06
TDMS-02769,TDMS,Traction Distribution,Western Railway,CORR-036,TRAC-315903,Feeder Fault,Medium,-2,7.2,2026-05-30
TDMS-02770,TDMS,Traction Distribution,Western Railway,CORR-017,TRAC-762660,Traction Substation Fault,Medium,19,8.7,2026-06-10
TDMS-02771,TDMS,Traction Distribution,Western Railway,CORR-017,TRAC-564559,OHE Wire Wear,Medium,0,9.2,2026-06-10
TDMS-02772,TDMS,Traction Distribution,Western Railway,CORR-025,TRAC-376675,OHE Wire Wear,Medium,3,8.0,2026-07-29
TDMS-02773,TDMS,Traction Distribution,Western Railway,CORR-037,TRAC-240093,Insulator Damage,Medium,2,8.6,2026-07-14
TDMS-02774,TDMS,Traction Distribution,Western Railway,CORR-036,TRAC-816171,Earthing Fault,Medium,3,6.0,2026-07-16
TDMS-02775,TDMS,Traction Distribution,Western Railway,CORR-017,TRAC-535541,Insulator Damage,Medium,17,8.9,2026-07-26
TDMS-02776,TDMS,Traction Distribution,Western Railway,CORR-037,TRAC-776865,Traction Substation Fault,Medium,0,8.8,2026-07-03
TDMS-02777,TDMS,Traction Distribution,Western Railway,CORR-017,TRAC-653617,OHE Wire Wear,Medium,17,9.5,2026-05-15
TDMS-02778,TDMS,Traction Distribution,Western Railway,CORR-025,TRAC-199175,Traction Substation Fault,Medium,-7,7.5,2026-05-08
TDMS-02779,TDMS,Traction Distribution,Western Railway,CORR-035,TRAC-206540,OHE Wire Wear,Medium,9,4.0,2026-05-14
TDMS-02780,TDMS,Traction Distribution,Western Railway,CORR-035,TRAC-614891,Insulator Damage,Medium,15,8.5,2026-06-04
TDMS-02781,TDMS,Traction Distribution,Western Railway,CORR-036,TRAC-815376,Traction Substation Fault,Medium,6,4.5,2026-07-20
TDMS-02782,TDMS,Traction Distribution,Western Railway,CORR-013,TRAC-934852,Insulator Damage,Medium,3,5.5,2026-06-16
TDMS-02783,TDMS,Traction Distribution,Western Railway,CORR-036,TRAC-718430,Feeder Fault,Medium,5,7.1,2026-07-01
TDMS-02784,TDMS,Traction Distribution,Western Railway,CORR-025,TRAC-298087,OHE Wire Wear,Medium,5,4.1,2026-05-14
TDMS-02785,TDMS,Traction Distribution,Western Railway,CORR-035,TRAC-152512,Feeder Fault,Medium,-4,4.8,2026-05-13
TDMS-02786,TDMS,Traction Distribution,Western Railway,CORR-018,TRAC-268987,OHE Wire Wear,Medium,19,9.7,2026-05-04
TDMS-02787,TDMS,Traction Distribution,Western Railway,CORR-017,TRAC-893016,Insulator Damage,Medium,2,7.0,2026-06-07
TDMS-02788,TDMS,Traction Distribution,Western Railway,CORR-025,TRAC-280427,Earthing Fault,Medium,17,6.1,2026-06-25
TDMS-02789,TDMS,Traction Distribution,Western Railway,CORR-035,TRAC-248426,OHE Wire Wear,Medium,19,6.8,2026-06-23
TDMS-02790,TDMS,Traction Distribution,Western Railway,CORR-013,TRAC-357118,Traction Substation Fault,Medium,10,6.6,2026-07-22
TDMS-02791,TDMS,Traction Distribution,Western Railway,CORR-035,TRAC-400117,Feeder Fault,Medium,2,7.5,2026-06-26
TDMS-02792,TDMS,Traction Distribution,Western Railway,CORR-035,TRAC-562749,Feeder Fault,Medium,14,8.5,2026-06-08
TDMS-02793,TDMS,Traction Distribution,Western Railway,CORR-037,TRAC-310366,Traction Substation Fault,Medium,12,8.2,2026-05-08
TDMS-02794,TDMS,Traction Distribution,Western Railway,CORR-035,TRAC-389916,Circuit Breaker Fault,Medium,-7,8.4,2026-06-12
TDMS-02795,TDMS,Traction Distribution,Western Railway,CORR-035,TRAC-282690,Feeder Fault,Medium,4,7.4,2026-05-29
TDMS-02796,TDMS,Traction Distribution,Western Railway,CORR-025,TRAC-957295,Traction Substation Fault,Medium,-4,8.2,2026-07-23
TDMS-02797,TDMS,Traction Distribution,Western Railway,CORR-037,TRAC-903592,Insulator Damage,Medium,-8,4.7,2026-05-19
TDMS-02798,TDMS,Traction Distribution,Western Railway,CORR-025,TRAC-906919,OHE Wire Wear,Medium,2,7.5,2026-07-06
TDMS-02799,TDMS,Traction Distribution,Western Railway,CORR-017,TRAC-658646,Circuit Breaker Fault,Medium,16,9.8,2026-06-21
TDMS-02800,TDMS,Traction Distribution,Western Railway,CORR-017,TRAC-966180,Circuit Breaker Fault,Medium,-8,4.5,2026-05-21
TDMS-02801,TDMS,Traction Distribution,Western Railway,CORR-025,TRAC-485724,Traction Substation Fault,Medium,18,4.1,2026-06-17
TDMS-02802,TDMS,Traction Distribution,Western Railway,CORR-025,TRAC-869727,Insulator Damage,Medium,17,9.3,2026-06-18
TDMS-02803,TDMS,Traction Distribution,Western Railway,CORR-017,TRAC-127317,Insulator Damage,Medium,19,6.1,2026-05-23
TDMS-02804,TDMS,Traction Distribution,Western Railway,CORR-013,TRAC-177743,OHE Wire Wear,Medium,16,8.6,2026-05-21
TDMS-02805,TDMS,Traction Distribution,Western Railway,CORR-035,TRAC-492917,Earthing Fault,Medium,1,5.5,2026-05-19
TDMS-02806,TDMS,Traction Distribution,Western Railway,CORR-037,TRAC-184248,Feeder Fault,Medium,8,9.7,2026-06-07
TDMS-02807,TDMS,Traction Distribution,Western Railway,CORR-037,TRAC-768960,Traction Substation Fault,Medium,-8,6.0,2026-05-04
TDMS-02808,TDMS,Traction Distribution,Western Railway,CORR-018,TRAC-926871,Feeder Fault,Medium,12,6.2,2026-06-10
TDMS-02809,TDMS,Traction Distribution,Western Railway,CORR-013,TRAC-313331,Traction Substation Fault,Medium,18,4.3,2026-06-19
TDMS-02810,TDMS,Traction Distribution,Western Railway,CORR-025,TRAC-156731,OHE Wire Wear,Medium,12,5.5,2026-05-15
TDMS-02811,TDMS,Traction Distribution,Western Railway,CORR-025,TRAC-830298,Insulator Damage,Medium,-10,7.1,2026-06-20
TDMS-02812,TDMS,Traction Distribution,Western Railway,CORR-035,TRAC-918186,OHE Wire Wear,Medium,6,8.6,2026-06-05
TDMS-02813,TDMS,Traction Distribution,Western Railway,CORR-035,TRAC-161161,Traction Substation Fault,Medium,-6,5.1,2026-06-28
TDMS-02814,TDMS,Traction Distribution,Western Railway,CORR-036,TRAC-727600,OHE Wire Wear,Medium,5,7.7,2026-07-13
TDMS-02815,TDMS,Traction Distribution,Western Railway,CORR-017,TRAC-696571,Traction Substation Fault,Medium,-3,7.8,2026-07-22
TDMS-02816,TDMS,Traction Distribution,Western Railway,CORR-018,TRAC-820577,Circuit Breaker Fault,Medium,-3,5.5,2026-07-25
TDMS-02817,TDMS,Traction Distribution,Western Railway,CORR-036,TRAC-347135,Insulator Damage,Medium,-5,5.9,2026-07-29
TDMS-02818,TDMS,Traction Distribution,Western Railway,CORR-036,TRAC-462763,Feeder Fault,Medium,5,4.7,2026-06-06
TDMS-02819,TDMS,Traction Distribution,Western Railway,CORR-035,TRAC-596224,OHE Wire Wear,Medium,14,9.7,2026-06-21
TDMS-02820,TDMS,Traction Distribution,Western Railway,CORR-018,TRAC-522783,Feeder Fault,Medium,7,5.9,2026-07-07
TDMS-02821,TDMS,Traction Distribution,Western Railway,CORR-017,TRAC-841112,Circuit Breaker Fault,Medium,-3,7.5,2026-08-01
TDMS-02822,TDMS,Traction Distribution,Western Railway,CORR-035,TRAC-804260,Earthing Fault,Medium,14,8.8,2026-06-20
TDMS-02823,TDMS,Traction Distribution,Western Railway,CORR-017,TRAC-808937,Insulator Damage,Medium,3,4.3,2026-06-24
TDMS-02824,TDMS,Traction Distribution,Western Railway,CORR-035,TRAC-637900,Insulator Damage,Medium,6,7.7,2026-05-31
TDMS-02825,TDMS,Traction Distribution,Western Railway,CORR-017,TRAC-891600,Traction Substation Fault,Medium,-4,4.7,2026-05-06
TDMS-02826,TDMS,Traction Distribution,Western Railway,CORR-036,TRAC-807644,OHE Wire Wear,Medium,-5,9.8,2026-05-11
TDMS-02827,TDMS,Traction Distribution,Western Railway,CORR-035,TRAC-589660,Circuit Breaker Fault,Medium,-2,4.2,2026-05-18
TDMS-02828,TDMS,Traction Distribution,Western Railway,CORR-017,TRAC-738125,OHE Wire Wear,Medium,-1,9.9,2026-05-16
TDMS-02829,TDMS,Traction Distribution,Western Railway,CORR-036,TRAC-491809,OHE Wire Wear,Medium,11,8.3,2026-07-20
TDMS-02830,TDMS,Traction Distribution,Western Railway,CORR-037,TRAC-416334,Circuit Breaker Fault,Medium,-6,8.8,2026-07-15
TDMS-02831,TDMS,Traction Distribution,Western Railway,CORR-013,TRAC-822353,OHE Wire Wear,High,26,7.9,2026-06-14
TDMS-02832,TDMS,Traction Distribution,Western Railway,CORR-035,TRAC-993886,Circuit Breaker Fault,High,10,9.4,2026-05-25
TDMS-02833,TDMS,Traction Distribution,Western Railway,CORR-017,TRAC-827239,Earthing Fault,High,22,13.7,2026-07-22
TDMS-02834,TDMS,Traction Distribution,Western Railway,CORR-025,TRAC-402423,Feeder Fault,High,2,9.0,2026-07-21
TDMS-02835,TDMS,Traction Distribution,Western Railway,CORR-017,TRAC-756915,Circuit Breaker Fault,High,33,9.1,2026-07-25
TDMS-02836,TDMS,Traction Distribution,Western Railway,CORR-013,TRAC-956771,Earthing Fault,High,34,9.1,2026-05-14
TDMS-02837,TDMS,Traction Distribution,Western Railway,CORR-013,TRAC-581044,Earthing Fault,High,31,13.0,2026-05-18
TDMS-02838,TDMS,Traction Distribution,Western Railway,CORR-013,TRAC-946140,Feeder Fault,High,22,9.2,2026-06-06
TDMS-02839,TDMS,Traction Distribution,Western Railway,CORR-025,TRAC-465037,Earthing Fault,High,4,6.2,2026-05-19
TDMS-02840,TDMS,Traction Distribution,Western Railway,CORR-025,TRAC-463865,Insulator Damage,High,13,10.7,2026-06-18
TDMS-02841,TDMS,Traction Distribution,Western Railway,CORR-037,TRAC-567711,Earthing Fault,High,12,9.7,2026-06-05
TDMS-02842,TDMS,Traction Distribution,Western Railway,CORR-025,TRAC-539176,Insulator Damage,High,34,10.3,2026-06-12
TDMS-02843,TDMS,Traction Distribution,Western Railway,CORR-018,TRAC-970859,Feeder Fault,High,23,9.3,2026-07-03
TDMS-02844,TDMS,Traction Distribution,Western Railway,CORR-025,TRAC-510535,Feeder Fault,High,16,15.6,2026-05-22
TDMS-02845,TDMS,Traction Distribution,Western Railway,CORR-025,TRAC-858747,Insulator Damage,High,7,11.3,2026-06-28
TDMS-02846,TDMS,Traction Distribution,Western Railway,CORR-025,TRAC-278330,Insulator Damage,High,29,15.4,2026-07-30
TDMS-02847,TDMS,Traction Distribution,Western Railway,CORR-013,TRAC-408760,Feeder Fault,High,15,6.8,2026-06-18
TDMS-02848,TDMS,Traction Distribution,Western Railway,CORR-017,TRAC-938731,OHE Wire Wear,High,31,6.5,2026-05-20
TDMS-02849,TDMS,Traction Distribution,Western Railway,CORR-018,TRAC-323323,Earthing Fault,High,20,14.3,2026-05-28
TDMS-02850,TDMS,Traction Distribution,Western Railway,CORR-036,TRAC-297887,Feeder Fault,High,31,8.1,2026-06-21
TDMS-02851,TDMS,Traction Distribution,Western Railway,CORR-018,TRAC-294184,Circuit Breaker Fault,High,0,12.8,2026-05-15
TDMS-02852,TDMS,Traction Distribution,Western Railway,CORR-018,TRAC-874389,Insulator Damage,High,15,9.3,2026-06-14
TDMS-02853,TDMS,Traction Distribution,Western Railway,CORR-025,TRAC-851688,Earthing Fault,High,21,7.1,2026-07-20
TDMS-02854,TDMS,Traction Distribution,Western Railway,CORR-013,TRAC-413775,OHE Wire Wear,High,20,8.7,2026-05-04
TDMS-02855,TDMS,Traction Distribution,Western Railway,CORR-035,TRAC-856383,Circuit Breaker Fault,High,1,6.1,2026-06-06
TDMS-02856,TDMS,Traction Distribution,Western Railway,CORR-035,TRAC-676229,Traction Substation Fault,High,19,10.3,2026-06-22
TDMS-02857,TDMS,Traction Distribution,Western Railway,CORR-013,TRAC-532374,Traction Substation Fault,High,11,11.3,2026-06-01
TDMS-02858,TDMS,Traction Distribution,Western Railway,CORR-036,TRAC-792201,OHE Wire Wear,High,15,11.7,2026-07-01
TDMS-02859,TDMS,Traction Distribution,Western Railway,CORR-037,TRAC-224105,Insulator Damage,High,20,9.4,2026-07-27
TDMS-02860,TDMS,Traction Distribution,Western Railway,CORR-018,TRAC-340162,Circuit Breaker Fault,High,4,6.3,2026-05-24
TDMS-02861,TDMS,Traction Distribution,Western Railway,CORR-036,TRAC-484526,Circuit Breaker Fault,High,12,14.1,2026-05-13
TDMS-02862,TDMS,Traction Distribution,Western Railway,CORR-018,TRAC-934118,Insulator Damage,High,25,7.6,2026-06-07
TDMS-02863,TDMS,Traction Distribution,Western Railway,CORR-018,TRAC-767672,Insulator Damage,High,4,6.4,2026-05-27
TDMS-02864,TDMS,Traction Distribution,Western Railway,CORR-035,TRAC-656252,Earthing Fault,High,2,7.3,2026-07-30
TDMS-02865,TDMS,Traction Distribution,Western Railway,CORR-037,TRAC-164397,Traction Substation Fault,High,20,12.3,2026-06-24
TDMS-02866,TDMS,Traction Distribution,Western Railway,CORR-018,TRAC-552891,Earthing Fault,High,32,10.9,2026-07-20
TDMS-02867,TDMS,Traction Distribution,Western Railway,CORR-013,TRAC-118877,Earthing Fault,High,9,8.2,2026-07-11
TDMS-02868,TDMS,Traction Distribution,Western Railway,CORR-035,TRAC-204094,Traction Substation Fault,High,5,14.7,2026-05-04
TDMS-02869,TDMS,Traction Distribution,Western Railway,CORR-036,TRAC-940854,Circuit Breaker Fault,High,21,9.0,2026-06-09
TDMS-02870,TDMS,Traction Distribution,Western Railway,CORR-025,TRAC-407957,Circuit Breaker Fault,High,17,11.2,2026-07-01
TDMS-02871,TDMS,Traction Distribution,Western Railway,CORR-025,TRAC-647939,Circuit Breaker Fault,High,27,11.8,2026-06-22
TDMS-02872,TDMS,Traction Distribution,Western Railway,CORR-025,TRAC-633621,Insulator Damage,High,13,13.2,2026-06-16
TDMS-02873,TDMS,Traction Distribution,Western Railway,CORR-036,TRAC-505206,Circuit Breaker Fault,High,8,13.4,2026-06-24
TDMS-02874,TDMS,Traction Distribution,Western Railway,CORR-037,TRAC-355484,Circuit Breaker Fault,High,0,7.6,2026-05-15
TDMS-02875,TDMS,Traction Distribution,Western Railway,CORR-036,TRAC-901106,OHE Wire Wear,High,11,11.8,2026-07-10
TDMS-02876,TDMS,Traction Distribution,Western Railway,CORR-035,TRAC-696828,Circuit Breaker Fault,High,15,14.0,2026-07-20
TDMS-02877,TDMS,Traction Distribution,Western Railway,CORR-025,TRAC-167147,Traction Substation Fault,High,4,15.4,2026-07-27
TDMS-02878,TDMS,Traction Distribution,Western Railway,CORR-013,TRAC-495124,Feeder Fault,High,13,10.2,2026-05-15
TDMS-02879,TDMS,Traction Distribution,Western Railway,CORR-035,TRAC-642847,Insulator Damage,High,29,11.5,2026-06-23
TDMS-02880,TDMS,Traction Distribution,Western Railway,CORR-036,TRAC-676659,Insulator Damage,High,10,14.5,2026-07-24
TDMS-02881,TDMS,Traction Distribution,Western Railway,CORR-037,TRAC-274911,Traction Substation Fault,High,25,15.4,2026-07-16
TDMS-02882,TDMS,Traction Distribution,Western Railway,CORR-037,TRAC-985839,Earthing Fault,High,22,14.0,2026-06-14
TDMS-02883,TDMS,Traction Distribution,Western Railway,CORR-025,TRAC-665043,Traction Substation Fault,High,26,6.4,2026-07-11
TDMS-02884,TDMS,Traction Distribution,Western Railway,CORR-017,TRAC-944730,Circuit Breaker Fault,High,1,11.5,2026-06-23
TDMS-02885,TDMS,Traction Distribution,Western Railway,CORR-018,TRAC-562582,OHE Wire Wear,High,26,6.0,2026-05-22
TDMS-02886,TDMS,Traction Distribution,Western Railway,CORR-035,TRAC-953607,Insulator Damage,High,21,7.8,2026-06-07
TDMS-02887,TDMS,Traction Distribution,Western Railway,CORR-036,TRAC-229569,Feeder Fault,High,33,12.8,2026-06-13
TDMS-02888,TDMS,Traction Distribution,Western Railway,CORR-018,TRAC-990641,Traction Substation Fault,High,6,6.2,2026-07-12
TDMS-02889,TDMS,Traction Distribution,Western Railway,CORR-035,TRAC-563535,Insulator Damage,High,25,7.0,2026-07-19
TDMS-02890,TDMS,Traction Distribution,Western Railway,CORR-013,TRAC-323196,Feeder Fault,High,8,10.8,2026-05-21
TDMS-02891,TDMS,Traction Distribution,Western Railway,CORR-036,TRAC-615419,Traction Substation Fault,High,3,12.0,2026-07-24
TDMS-02892,TDMS,Traction Distribution,Western Railway,CORR-025,TRAC-686603,Traction Substation Fault,High,0,14.6,2026-05-30
TDMS-02893,TDMS,Traction Distribution,Western Railway,CORR-035,TRAC-879608,Earthing Fault,High,24,14.5,2026-07-10
TDMS-02894,TDMS,Traction Distribution,Western Railway,CORR-013,TRAC-755784,Traction Substation Fault,High,20,14.4,2026-06-12
TDMS-02895,TDMS,Traction Distribution,Western Railway,CORR-025,TRAC-194640,Feeder Fault,High,24,12.6,2026-06-18
TDMS-02896,TDMS,Traction Distribution,Western Railway,CORR-018,TRAC-528804,Feeder Fault,High,18,8.3,2026-06-11
TDMS-02897,TDMS,Traction Distribution,Western Railway,CORR-037,TRAC-640571,Earthing Fault,High,27,11.7,2026-07-20
TDMS-02898,TDMS,Traction Distribution,Western Railway,CORR-035,TRAC-905183,Traction Substation Fault,High,7,7.0,2026-07-31
TDMS-02899,TDMS,Traction Distribution,Western Railway,CORR-037,TRAC-585922,Insulator Damage,High,26,13.0,2026-07-23
TDMS-02900,TDMS,Traction Distribution,Western Railway,CORR-013,TRAC-254568,Circuit Breaker Fault,High,34,8.8,2026-06-21
TDMS-02901,TDMS,Traction Distribution,Western Railway,CORR-037,TRAC-343427,Traction Substation Fault,High,4,14.9,2026-06-21
TDMS-02902,TDMS,Traction Distribution,Western Railway,CORR-037,TRAC-211610,OHE Wire Wear,High,31,11.1,2026-06-01
TDMS-02903,TDMS,Traction Distribution,Western Railway,CORR-036,TRAC-498289,Circuit Breaker Fault,High,3,12.2,2026-05-24
TDMS-02904,TDMS,Traction Distribution,Western Railway,CORR-018,TRAC-765715,Circuit Breaker Fault,High,24,6.5,2026-05-18
TDMS-02905,TDMS,Traction Distribution,Western Railway,CORR-035,TRAC-878844,Feeder Fault,High,23,8.5,2026-07-22
TDMS-02906,TDMS,Traction Distribution,Western Railway,CORR-037,TRAC-507633,Feeder Fault,High,14,13.6,2026-05-25
TDMS-02907,TDMS,Traction Distribution,Western Railway,CORR-035,TRAC-678214,Insulator Damage,High,1,13.5,2026-05-10
TDMS-02908,TDMS,Traction Distribution,Western Railway,CORR-036,TRAC-958963,Insulator Damage,High,22,6.5,2026-06-11
TDMS-02909,TDMS,Traction Distribution,Western Railway,CORR-037,TRAC-127951,Insulator Damage,High,34,12.3,2026-06-20
TDMS-02910,TDMS,Traction Distribution,Western Railway,CORR-013,TRAC-761005,Insulator Damage,High,9,9.4,2026-07-01
TDMS-02911,TDMS,Traction Distribution,Western Railway,CORR-017,TRAC-845846,Traction Substation Fault,High,3,10.9,2026-06-24
TDMS-02912,TDMS,Traction Distribution,Western Railway,CORR-018,TRAC-617542,Insulator Damage,High,0,13.0,2026-07-30
TDMS-02913,TDMS,Traction Distribution,Western Railway,CORR-017,TRAC-145175,OHE Wire Wear,High,31,9.8,2026-05-14
TDMS-02914,TDMS,Traction Distribution,Western Railway,CORR-025,TRAC-819291,Earthing Fault,High,26,7.4,2026-06-12
TDMS-02915,TDMS,Traction Distribution,Western Railway,CORR-013,TRAC-215798,Earthing Fault,High,34,13.1,2026-05-05
TDMS-02916,TDMS,Traction Distribution,Western Railway,CORR-018,TRAC-765131,Circuit Breaker Fault,High,15,15.3,2026-05-12
TDMS-02917,TDMS,Traction Distribution,Western Railway,CORR-025,TRAC-907985,Earthing Fault,High,4,12.8,2026-05-16
TDMS-02918,TDMS,Traction Distribution,Western Railway,CORR-017,TRAC-339351,Earthing Fault,High,27,15.9,2026-07-14
TDMS-02919,TDMS,Traction Distribution,Western Railway,CORR-037,TRAC-535128,Earthing Fault,High,18,14.3,2026-05-16
TDMS-02920,TDMS,Traction Distribution,Western Railway,CORR-018,TRAC-696851,Circuit Breaker Fault,High,21,12.7,2026-05-27
TDMS-02921,TDMS,Traction Distribution,Western Railway,CORR-013,TRAC-971259,OHE Wire Wear,High,9,7.8,2026-06-05
TDMS-02922,TDMS,Traction Distribution,Western Railway,CORR-035,TRAC-908151,Insulator Damage,High,4,16.0,2026-08-01
TDMS-02923,TDMS,Traction Distribution,Western Railway,CORR-018,TRAC-717342,Earthing Fault,High,24,7.6,2026-07-06
TDMS-02924,TDMS,Traction Distribution,Western Railway,CORR-035,TRAC-492034,Circuit Breaker Fault,High,27,13.0,2026-07-24
TDMS-02925,TDMS,Traction Distribution,Western Railway,CORR-025,TRAC-886408,Earthing Fault,High,22,12.3,2026-05-24
TDMS-02926,TDMS,Traction Distribution,Western Railway,CORR-036,TRAC-727011,Circuit Breaker Fault,High,6,11.7,2026-07-26
TDMS-02927,TDMS,Traction Distribution,Western Railway,CORR-017,TRAC-342432,Earthing Fault,High,8,11.5,2026-06-10
TDMS-02928,TDMS,Traction Distribution,Western Railway,CORR-035,TRAC-225046,Circuit Breaker Fault,High,23,14.8,2026-05-10
TDMS-02929,TDMS,Traction Distribution,Western Railway,CORR-013,TRAC-448608,Circuit Breaker Fault,High,27,14.9,2026-07-26
TDMS-02930,TDMS,Traction Distribution,Western Railway,CORR-017,TRAC-103069,Insulator Damage,High,7,6.9,2026-05-23
TDMS-02931,TDMS,Traction Distribution,Western Railway,CORR-018,TRAC-193465,Traction Substation Fault,High,33,10.3,2026-07-05
TDMS-02932,TDMS,Traction Distribution,Western Railway,CORR-036,TRAC-623283,Earthing Fault,High,29,15.8,2026-05-22
TDMS-02933,TDMS,Traction Distribution,Western Railway,CORR-035,TRAC-476349,Insulator Damage,High,0,6.8,2026-05-08
TDMS-02934,TDMS,Traction Distribution,Western Railway,CORR-035,TRAC-624542,Earthing Fault,High,24,13.9,2026-08-01
TDMS-02935,TDMS,Traction Distribution,Western Railway,CORR-017,TRAC-647364,Feeder Fault,High,27,12.0,2026-06-18
TDMS-02936,TDMS,Traction Distribution,Western Railway,CORR-036,TRAC-475951,Earthing Fault,High,15,9.2,2026-07-30
TDMS-02937,TDMS,Traction Distribution,Western Railway,CORR-037,TRAC-845272,Traction Substation Fault,High,1,14.8,2026-07-19
TDMS-02938,TDMS,Traction Distribution,Western Railway,CORR-036,TRAC-419914,OHE Wire Wear,High,3,12.9,2026-05-07
TDMS-02939,TDMS,Traction Distribution,Western Railway,CORR-037,TRAC-707709,Insulator Damage,High,27,7.0,2026-05-09
TDMS-02940,TDMS,Traction Distribution,Western Railway,CORR-035,TRAC-252375,Circuit Breaker Fault,High,24,11.9,2026-06-23
TDMS-02941,TDMS,Traction Distribution,Western Railway,CORR-036,TRAC-662091,Feeder Fault,High,31,7.0,2026-06-13
TDMS-02942,TDMS,Traction Distribution,Western Railway,CORR-037,TRAC-429675,Feeder Fault,High,23,9.4,2026-07-16
TDMS-02943,TDMS,Traction Distribution,Western Railway,CORR-013,TRAC-124629,Circuit Breaker Fault,High,22,8.9,2026-07-16
TDMS-02944,TDMS,Traction Distribution,Western Railway,CORR-018,TRAC-104843,Feeder Fault,High,1,13.5,2026-05-18
TDMS-02945,TDMS,Traction Distribution,Western Railway,CORR-018,TRAC-825400,Feeder Fault,High,1,10.5,2026-07-10
TDMS-02946,TDMS,Traction Distribution,Western Railway,CORR-037,TRAC-763491,Feeder Fault,High,7,14.8,2026-07-28
TDMS-02947,TDMS,Traction Distribution,Western Railway,CORR-036,TRAC-561621,Insulator Damage,High,24,8.0,2026-05-24
TDMS-02948,TDMS,Traction Distribution,Western Railway,CORR-036,TRAC-237758,Earthing Fault,High,9,12.8,2026-05-28
TDMS-02949,TDMS,Traction Distribution,Western Railway,CORR-017,TRAC-412505,Traction Substation Fault,High,31,11.0,2026-07-03
TDMS-02950,TDMS,Traction Distribution,Western Railway,CORR-036,TRAC-282457,Earthing Fault,High,17,6.8,2026-06-06
TDMS-02951,TDMS,Traction Distribution,Western Railway,CORR-018,TRAC-887518,Feeder Fault,High,29,11.2,2026-06-16
TDMS-02952,TDMS,Traction Distribution,Western Railway,CORR-017,TRAC-601144,Earthing Fault,High,20,10.2,2026-06-17
TDMS-02953,TDMS,Traction Distribution,Western Railway,CORR-017,TRAC-371063,Traction Substation Fault,High,19,12.0,2026-05-13
TDMS-02954,TDMS,Traction Distribution,Western Railway,CORR-018,TRAC-771353,OHE Wire Wear,High,3,7.8,2026-05-24
TDMS-02955,TDMS,Traction Distribution,Western Railway,CORR-013,TRAC-579898,OHE Wire Wear,High,28,13.8,2026-07-31
TDMS-02956,TDMS,Traction Distribution,Western Railway,CORR-013,TRAC-281818,OHE Wire Wear,High,18,8.4,2026-06-12
TDMS-02957,TDMS,Traction Distribution,Western Railway,CORR-035,TRAC-387512,Insulator Damage,High,31,6.5,2026-05-04
TDMS-02958,TDMS,Traction Distribution,Western Railway,CORR-035,TRAC-624610,Earthing Fault,High,15,7.0,2026-05-30
TDMS-02959,TDMS,Traction Distribution,Western Railway,CORR-017,TRAC-398286,Feeder Fault,High,24,14.0,2026-06-29
TDMS-02960,TDMS,Traction Distribution,Western Railway,CORR-013,TRAC-615806,Earthing Fault,High,31,14.7,2026-06-18
TDMS-02961,TDMS,Traction Distribution,Western Railway,CORR-037,TRAC-260398,Insulator Damage,High,0,11.0,2026-07-25
TDMS-02962,TDMS,Traction Distribution,Western Railway,CORR-035,TRAC-210206,Traction Substation Fault,High,5,9.8,2026-06-20
TDMS-02963,TDMS,Traction Distribution,Western Railway,CORR-037,TRAC-391918,Feeder Fault,High,25,7.9,2026-05-24
TDMS-02964,TDMS,Traction Distribution,Western Railway,CORR-017,TRAC-338427,Feeder Fault,High,23,12.9,2026-06-20
TDMS-02965,TDMS,Traction Distribution,Western Railway,CORR-035,TRAC-165569,Insulator Damage,High,24,7.2,2026-06-19
TDMS-02966,TDMS,Traction Distribution,Western Railway,CORR-017,TRAC-266672,Earthing Fault,High,16,15.0,2026-07-30
TDMS-02967,TDMS,Traction Distribution,Western Railway,CORR-037,TRAC-942326,Traction Substation Fault,High,27,7.4,2026-05-25
TDMS-02968,TDMS,Traction Distribution,Western Railway,CORR-037,TRAC-579688,Insulator Damage,High,31,10.0,2026-06-19
TDMS-02969,TDMS,Traction Distribution,Western Railway,CORR-025,TRAC-169964,Feeder Fault,High,28,15.0,2026-05-23
TDMS-02970,TDMS,Traction Distribution,Western Railway,CORR-035,TRAC-277917,OHE Wire Wear,High,24,11.5,2026-05-26
TDMS-02971,TDMS,Traction Distribution,Western Railway,CORR-036,TRAC-179371,Earthing Fault,High,5,13.0,2026-07-22
TDMS-02972,TDMS,Traction Distribution,Western Railway,CORR-036,TRAC-675669,Insulator Damage,High,24,10.3,2026-05-29
TDMS-02973,TDMS,Traction Distribution,Western Railway,CORR-025,TRAC-653117,OHE Wire Wear,High,25,7.8,2026-07-05
TDMS-02974,TDMS,Traction Distribution,Western Railway,CORR-018,TRAC-495198,Circuit Breaker Fault,High,18,8.0,2026-05-09
TDMS-02975,TDMS,Traction Distribution,Western Railway,CORR-025,TRAC-641707,Earthing Fault,High,3,13.6,2026-05-18
TDMS-02976,TDMS,Traction Distribution,Western Railway,CORR-018,TRAC-693274,Traction Substation Fault,High,20,7.8,2026-06-12
TDMS-02977,TDMS,Traction Distribution,Western Railway,CORR-025,TRAC-226131,OHE Wire Wear,High,4,9.2,2026-05-04
TDMS-02978,TDMS,Traction Distribution,Western Railway,CORR-036,TRAC-503312,Feeder Fault,High,26,11.6,2026-05-16
TDMS-02979,TDMS,Traction Distribution,Western Railway,CORR-036,TRAC-958275,Insulator Damage,High,11,8.3,2026-07-03
TDMS-02980,TDMS,Traction Distribution,Western Railway,CORR-025,TRAC-705232,Feeder Fault,High,17,12.7,2026-07-27
TDMS-02981,TDMS,Traction Distribution,Western Railway,CORR-018,TRAC-726607,Insulator Damage,High,32,15.2,2026-06-30
TDMS-02982,TDMS,Traction Distribution,Western Railway,CORR-018,TRAC-216950,Earthing Fault,High,18,15.5,2026-06-23
TDMS-02983,TDMS,Traction Distribution,Western Railway,CORR-037,TRAC-521986,Feeder Fault,High,19,14.6,2026-07-11
TDMS-02984,TDMS,Traction Distribution,Western Railway,CORR-036,TRAC-923816,OHE Wire Wear,Critical,37,24.2,2026-05-06
TDMS-02985,TDMS,Traction Distribution,Western Railway,CORR-025,TRAC-254872,Insulator Damage,Critical,24,11.4,2026-06-22
TDMS-02986,TDMS,Traction Distribution,Western Railway,CORR-035,TRAC-727031,Traction Substation Fault,Critical,25,22.9,2026-05-28
TDMS-02987,TDMS,Traction Distribution,Western Railway,CORR-037,TRAC-907148,Insulator Damage,Critical,35,25.4,2026-06-20
TDMS-02988,TDMS,Traction Distribution,Western Railway,CORR-035,TRAC-197071,Circuit Breaker Fault,Critical,22,21.8,2026-07-06
TDMS-02989,TDMS,Traction Distribution,Western Railway,CORR-035,TRAC-802362,Insulator Damage,Critical,8,15.9,2026-07-04
TDMS-02990,TDMS,Traction Distribution,Western Railway,CORR-037,TRAC-132397,OHE Wire Wear,Critical,23,26.9,2026-05-15
TDMS-02991,TDMS,Traction Distribution,Western Railway,CORR-036,TRAC-540285,Circuit Breaker Fault,Critical,18,11.6,2026-05-27
TDMS-02992,TDMS,Traction Distribution,Western Railway,CORR-013,TRAC-610981,OHE Wire Wear,Critical,37,15.6,2026-06-27
TDMS-02993,TDMS,Traction Distribution,Western Railway,CORR-018,TRAC-340633,Earthing Fault,Critical,49,18.6,2026-07-30
TDMS-02994,TDMS,Traction Distribution,Western Railway,CORR-036,TRAC-325499,Traction Substation Fault,Critical,52,11.4,2026-05-19
TDMS-02995,TDMS,Traction Distribution,Western Railway,CORR-035,TRAC-623918,Traction Substation Fault,Critical,42,18.2,2026-05-25
TDMS-02996,TDMS,Traction Distribution,Western Railway,CORR-036,TRAC-433072,Traction Substation Fault,Critical,41,26.4,2026-06-25
TDMS-02997,TDMS,Traction Distribution,Western Railway,CORR-017,TRAC-646270,Circuit Breaker Fault,Critical,51,22.1,2026-07-08
TDMS-02998,TDMS,Traction Distribution,Western Railway,CORR-037,TRAC-980806,Circuit Breaker Fault,Critical,7,17.2,2026-07-11
TDMS-02999,TDMS,Traction Distribution,Western Railway,CORR-037,TRAC-139069,Traction Substation Fault,Critical,36,24.2,2026-05-24
TDMS-03000,TDMS,Traction Distribution,Western Railway,CORR-025,TRAC-387180,Insulator Damage,Critical,13,28.0,2026-07-04
TDMS-03001,TDMS,Traction Distribution,Western Railway,CORR-036,TRAC-663848,Circuit Breaker Fault,Critical,34,27.1,2026-07-22
TDMS-03002,TDMS,Traction Distribution,Western Railway,CORR-017,TRAC-793037,Circuit Breaker Fault,Critical,55,27.1,2026-07-10
TDMS-03003,TDMS,Traction Distribution,Western Railway,CORR-017,TRAC-639518,Insulator Damage,Critical,51,10.7,2026-05-12
TDMS-03004,TDMS,Traction Distribution,Western Railway,CORR-018,TRAC-306435,Circuit Breaker Fault,Critical,19,28.2,2026-06-12
TDMS-03005,TDMS,Traction Distribution,Western Railway,CORR-036,TRAC-368457,Insulator Damage,Critical,50,17.5,2026-07-10
TDMS-03006,TDMS,Traction Distribution,Western Railway,CORR-025,TRAC-572506,Circuit Breaker Fault,Critical,30,27.7,2026-05-22
TDMS-03007,TDMS,Traction Distribution,Western Railway,CORR-013,TRAC-931962,Insulator Damage,Critical,54,12.9,2026-07-22
TDMS-03008,TDMS,Traction Distribution,Western Railway,CORR-035,TRAC-587002,Circuit Breaker Fault,Critical,49,10.9,2026-05-18
TDMS-03009,TDMS,Traction Distribution,Western Railway,CORR-036,TRAC-514698,Earthing Fault,Critical,47,12.6,2026-07-25
TDMS-03010,TDMS,Traction Distribution,Western Railway,CORR-017,TRAC-307326,Insulator Damage,Critical,36,19.6,2026-06-05
TDMS-03011,TDMS,Traction Distribution,Western Railway,CORR-013,TRAC-161819,Earthing Fault,Critical,22,24.8,2026-07-26
TDMS-03012,TDMS,Traction Distribution,Western Railway,CORR-036,TRAC-556922,Insulator Damage,Critical,32,21.7,2026-07-28
TDMS-03013,TDMS,Traction Distribution,Western Railway,CORR-013,TRAC-211082,OHE Wire Wear,Critical,35,14.8,2026-06-14
TDMS-03014,TDMS,Traction Distribution,Western Railway,CORR-036,TRAC-284125,Circuit Breaker Fault,Critical,31,29.4,2026-06-19
TDMS-03015,TDMS,Traction Distribution,Western Railway,CORR-037,TRAC-659591,Traction Substation Fault,Critical,14,16.0,2026-05-05
TDMS-03016,TDMS,Traction Distribution,Western Railway,CORR-025,TRAC-822385,OHE Wire Wear,Critical,41,18.8,2026-07-14
TDMS-03017,TDMS,Traction Distribution,Western Railway,CORR-017,TRAC-107890,Traction Substation Fault,Critical,10,18.8,2026-05-06
TDMS-03018,TDMS,Traction Distribution,Western Railway,CORR-013,TRAC-451866,Traction Substation Fault,Critical,44,10.9,2026-06-13
TDMS-03019,TDMS,Traction Distribution,Western Railway,CORR-017,TRAC-614805,Earthing Fault,Critical,10,22.1,2026-07-31
TDMS-03020,TDMS,Traction Distribution,Western Railway,CORR-013,TRAC-526437,Circuit Breaker Fault,Critical,13,20.9,2026-06-11
TDMS-03021,TDMS,Traction Distribution,Western Railway,CORR-017,TRAC-524592,Feeder Fault,Critical,45,20.0,2026-07-01
TDMS-03022,TDMS,Traction Distribution,Western Railway,CORR-017,TRAC-888014,Earthing Fault,Critical,10,27.8,2026-07-09
TDMS-03023,TDMS,Traction Distribution,Western Railway,CORR-025,TRAC-143498,Feeder Fault,Critical,45,28.3,2026-06-30
TDMS-03024,TDMS,Traction Distribution,Western Railway,CORR-025,TRAC-487115,Insulator Damage,Critical,24,19.4,2026-07-23
TDMS-03025,TDMS,Traction Distribution,Western Railway,CORR-018,TRAC-119418,Earthing Fault,Critical,52,25.9,2026-07-25
TDMS-03026,TDMS,Traction Distribution,Western Railway,CORR-017,TRAC-367844,Feeder Fault,Critical,26,21.2,2026-05-08
TDMS-03027,TDMS,Traction Distribution,Western Railway,CORR-025,TRAC-352624,Earthing Fault,Critical,25,29.1,2026-06-24
TDMS-03028,TDMS,Traction Distribution,Western Railway,CORR-018,TRAC-249982,Feeder Fault,Critical,59,22.8,2026-05-22
TDMS-03029,TDMS,Traction Distribution,Western Railway,CORR-017,TRAC-550913,Insulator Damage,Critical,29,16.0,2026-05-23
TDMS-03030,TDMS,Traction Distribution,Western Railway,CORR-036,TRAC-161917,Earthing Fault,Critical,37,23.6,2026-05-15
TDMS-03031,TDMS,Traction Distribution,Western Railway,CORR-036,TRAC-200196,Insulator Damage,Critical,35,13.5,2026-05-20
TDMS-03032,TDMS,Traction Distribution,Western Railway,CORR-013,TRAC-202999,Traction Substation Fault,Critical,12,28.4,2026-07-13
TDMS-03033,TDMS,Traction Distribution,Western Railway,CORR-037,TRAC-577055,Circuit Breaker Fault,Critical,37,19.4,2026-06-03
TDMS-03034,TDMS,Traction Distribution,Western Railway,CORR-037,TRAC-432913,Insulator Damage,Critical,40,19.0,2026-07-08
TDMS-03035,TDMS,Traction Distribution,Western Railway,CORR-017,TRAC-726860,Insulator Damage,Critical,59,21.8,2026-06-20
TDMS-03036,TDMS,Traction Distribution,Western Railway,CORR-035,TRAC-938021,Traction Substation Fault,Critical,59,24.3,2026-06-28
TDMS-03037,TDMS,Traction Distribution,Western Railway,CORR-036,TRAC-564225,Earthing Fault,Critical,32,25.0,2026-07-06
TDMS-03038,TDMS,Traction Distribution,Western Railway,CORR-025,TRAC-204829,Earthing Fault,Critical,56,14.3,2026-06-26
